ID,diff,predicted_score,Cage
30-0_5-20,390.0,462.55432551841756,30
31-1_5-20,360.0,465.8645648711313,31
34-0_5-20,330.0,460.51288905390646,34
40-0_5-20,390.0,345.2615539288085,40
41-1_5-20,420.0,549.4914675288608,41
45-0_5-20,300.0,438.4266350152437,45
