ID,k__Bacteria_0;p__;c__;o__;f__;g__;s__,k__Bacteria;p__Actinobacteria;c__Actinobacteria;o__Actinomycetales;f__Corynebacteriaceae;g__Corynebacterium_0;s__,k__Bacteria;p__Actinobacteria;c__Actinobacteria;o__Bifidobacteriales;f__Bifidobacteriaceae;g__Bifidobacterium_0;s__,k__Bacteria;p__Actinobacteria;c__Coriobacteriia;o__Coriobacteriales;f__Coriobacteriaceae;g__Adlercreutzia_0;s__,k__Bacteria;p__Bacteroidetes;c__Bacteroidia;o__Bacteroidales_0;f__;g__;s__,k__Bacteria;p__Bacteroidetes;c__Bacteroidia;o__Bacteroidales;f__Bacteroidaceae;g__Bacteroides_0;s__,k__Bacteria;p__Bacteroidetes;c__Bacteroidia;o__Bacteroidales;f__Porphyromonadaceae;g__Parabacteroides_0;s__,k__Bacteria;p__Bacteroidetes;c__Bacteroidia;o__Bacteroidales;f__Prevotellaceae;g__Prevotella_0;s__,k__Bacteria;p__Bacteroidetes;c__Bacteroidia;o__Bacteroidales;f__Rikenellaceae_0;g__;s__,k__Bacteria;p__Bacteroidetes;c__Bacteroidia;o__Bacteroidales;f__Rikenellaceae;g__Alistipes_0;s__,k__Bacteria;p__Bacteroidetes;c__Bacteroidia;o__Bacteroidales;f__S24-7_0;g__;s__,k__Bacteria;p__Bacteroidetes;c__Bacteroidia;o__Bacteroidales;f__[Odoribacteraceae];g__Odoribacter_0;s__,k__Bacteria;p__Cyanobacteria;c__4C0d-2;o__YS2_0;f__;g__;s__,k__Bacteria;p__Firmicutes_0;c__;o__;f__;g__;s__,k__Bacteria;p__Firmicutes;c__Bacilli;o__Bacillales;f__Staphylococcaceae;g__Jeotgalicoccus_0;s__,k__Bacteria;p__Firmicutes;c__Bacilli;o__Bacillales;f__Staphylococcaceae;g__Staphylococcus_0;s__,k__Bacteria;p__Firmicutes;c__Bacilli;o__Lactobacillales;f__Aerococcaceae;g__Aerococcus_0;s__,k__Bacteria;p__Firmicutes;c__Bacilli;o__Lactobacillales;f__Lactobacillaceae;g__Lactobacillus_0;s__,k__Bacteria;p__Firmicutes;c__Bacilli;o__Turicibacterales;f__Turicibacteraceae;g__Turicibacter_0;s__,k__Bacteria;p__Firmicutes;c__Clostridia;o__Clostridiales_0;f__;g__;s__,k__Bacteria;p__Firmicutes;c__Clostridia;o__Clostridiales;f__Clostridiaceae;g__CandidatusArthromitus_0;s__,k__Bacteria;p__Firmicutes;c__Clostridia;o__Clostridiales;f__Clostridiaceae;g__Clostridium_0;s__,k__Bacteria;p__Firmicutes;c__Clostridia;o__Clostridiales;f__Dehalobacteriaceae;g__Dehalobacterium_0;s__,k__Bacteria;p__Firmicutes;c__Clostridia;o__Clostridiales;f__Lachnospiraceae_0;g__;s__,k__Bacteria;p__Firmicutes;c__Clostridia;o__Clostridiales;f__Lachnospiraceae;g__Blautia_0;s__,k__Bacteria;p__Firmicutes;c__Clostridia;o__Clostridiales;f__Lachnospiraceae;g__Clostridium_0;s__,k__Bacteria;p__Firmicutes;c__Clostridia;o__Clostridiales;f__Lachnospiraceae;g__Coprococcus_0;s__,k__Bacteria;p__Firmicutes;c__Clostridia;o__Clostridiales;f__Lachnospiraceae;g__Dorea_0;s__,k__Bacteria;p__Firmicutes;c__Clostridia;o__Clostridiales;f__Lachnospiraceae;g__Roseburia_0;s__,k__Bacteria;p__Firmicutes;c__Clostridia;o__Clostridiales;f__Lachnospiraceae;g__[Ruminococcus]_0;s__,k__Bacteria;p__Firmicutes;c__Clostridia;o__Clostridiales;f__Ruminococcaceae_0;g__;s__,k__Bacteria;p__Firmicutes;c__Clostridia;o__Clostridiales;f__Ruminococcaceae;g__Clostridium_0;s__,k__Bacteria;p__Firmicutes;c__Clostridia;o__Clostridiales;f__Ruminococcaceae;g__Oscillospira_0;s__,k__Bacteria;p__Firmicutes;c__Clostridia;o__Clostridiales;f__Ruminococcaceae;g__Ruminococcus_0;s__,k__Bacteria;p__Firmicutes;c__Clostridia;o__Clostridiales;f__[Mogibacteriaceae]_0;g__;s__,k__Bacteria;p__Firmicutes;c__Clostridia;o__Clostridiales;f__[Mogibacteriaceae];g__Anaerovorax_0;s__,k__Bacteria;p__Firmicutes;c__Erysipelotrichi;o__Erysipelotrichales;f__Erysipelotrichaceae_0;g__;s__,k__Bacteria;p__Firmicutes;c__Erysipelotrichi;o__Erysipelotrichales;f__Erysipelotrichaceae;g__Allobaculum_0;s__,k__Bacteria;p__Proteobacteria_0;c__;o__;f__;g__;s__,k__Bacteria;p__Proteobacteria;c__Betaproteobacteria;o__Burkholderiales;f__Alcaligenaceae;g__Sutterella_0;s__,k__Bacteria;p__Proteobacteria;c__Deltaproteobacteria;o__Desulfovibrionales;f__Desulfovibrionaceae;g__Bilophila_0;s__,k__Bacteria;p__Proteobacteria;c__Gammaproteobacteria;o__Enterobacteriales;f__Enterobacteriaceae_0;g__;s__,k__Bacteria;p__Tenericutes;c__Mollicutes;o__Anaeroplasmatales;f__Anaeroplasmataceae;g__Anaeroplasma_0;s__,k__Bacteria;p__Tenericutes;c__Mollicutes;o__RF39_0;f__;g__;s__,k__Bacteria;p__Verrucomicrobia;c__Verrucomicrobiae;o__Verrucomicrobiales;f__Verrucomicrobiaceae;g__Akkermansia_0;s__
14-0_01_21,-0.6803497639608798,-0.06660910081712446,-0.3074835003233932,0.4779810164768741,1.9783362941352984,-0.6260459863145502,0.3638394522575803,-2.8763451780043976,0.10770191494569814,-0.41190897538000426,0.2828286524785315,0.23072437158720316,0.6583425913101328,-0.10516060289726625,-0.013541725851545117,-0.02315048944812781,-0.00901788778387247,-0.3057621845914056,1.5479584491542944,0.09622886049837992,-0.03872662092995116,-0.02664912120453866,0.4342799629197258,-0.06303055294864841,-0.010101085609753646,-0.018070995088560915,-0.007346049264441573,-0.3044691960605598,-0.031082933581281558,-0.8433312464764884,0.20194669045619124,-0.7185979240698804,0.10192469664653309,0.07890332527901667,-0.31277534125475037,-0.03333401214646792,-0.04172835001636621,1.2281708491807892,-0.3574307058815349,0.35342113040874523,0.369397325483442,-0.1367447289522491,-0.8208203027932078,-0.03687211083455477,-2.0660791623765205
14-0_03_21,-0.15131070997572366,-0.06660910081712446,-0.3074835003233932,-0.10828470766785636,1.1228042511996772,-0.6260459863145502,-1.8429864237742695,-1.6722251953484728,-0.1951490246099088,-0.41190897538000426,-0.6735806098493722,0.19782671487071068,0.7321288054710515,-0.10516060289726625,-0.013541725851545117,-0.02315048944812781,-0.00901788778387247,-1.5729339129944195,-1.2851886627584908,0.7359306668174366,-0.03872662092995116,-0.02664912120453866,0.4084214641948881,0.018027978505539083,-0.010101085609753646,-0.018070995088560915,-0.007346049264441573,-0.3044691960605598,-0.031082933581281558,-0.8433312464764884,0.3173930041686061,0.5285566908112462,0.4552712317557275,0.16845580310863667,-0.31277534125475037,-0.03333401214646792,-0.04172835001636621,-0.3846130075389462,-0.3574307058815349,-1.6509002433738975,0.7908933665045248,-0.1367447289522491,0.22057238236501725,-0.03687211083455477,-0.453295305656785
14-0_05_20,-0.6803497639608798,-0.06660910081712446,-0.3074835003233932,-0.10828470766785636,1.7225479998004587,-0.6260459863145502,-0.1354162476763331,-2.8763451780043976,0.3356853791081653,-0.41190897538000426,0.24462978838340188,0.5387651178643871,-1.250142427568517,-0.10516060289726625,-0.013541725851545117,-0.02315048944812781,-0.00901788778387247,0.22983981229755623,-1.2851886627584908,0.43686945231241975,-0.03872662092995116,-0.02664912120453866,0.24931230327435006,0.05577545776203652,-0.010101085609753646,-0.018070995088560915,-0.8524440892786984,-0.3044691960605598,-0.031082933581281558,0.0743174606863802,-0.23382997106940623,-0.7185979240698804,-8.541140707862827e-05,0.16845580310863667,-0.31277534125475037,-0.03333401214646792,-0.04172835001636621,-0.3846130075389462,-0.3574307058815349,0.5559256326579524,0.07542918430694767,-0.1367447289522491,-0.8208203027932078,-0.03687211083455477,-0.5747174685422478
14-0_06_21,-0.6803497639608798,-0.06660910081712446,-0.3074835003233932,-0.10828470766785636,1.0908564342000615,-0.6260459863145502,-0.5207671290403502,-2.8763451780043976,0.24118737497643483,0.910310319353915,-0.12700307484709183,0.249796348531671,0.16483092040230107,1.3098127450735517,-0.013541725851545117,-0.02315048944812781,-0.00901788778387247,0.5443373826613448,1.0784233171336537,0.6803154808144414,-0.03872662092995116,1.464712572629734,0.7054363821220332,0.5053798623550951,-0.010101085609753646,-0.018070995088560915,0.9926539507355584,-0.3044691960605598,-0.031082933581281558,0.26449518102066655,0.5526573218407651,0.9596168586755189,0.5727057733351765,0.8073329452476881,0.6166435844595424,-0.03333401214646792,-0.04172835001636621,-0.3846130075389462,-0.3574307058815349,-0.1595385495396247,1.103895484248394,-0.1367447289522491,-0.8208203027932078,-0.03687211083455477,-2.0660791623765205
14-0_07_20,-0.6803497639608798,-0.06660910081712446,-0.3074835003233932,-0.10828470766785636,2.034660462174089,-0.6260459863145502,-1.8429864237742695,-1.3200426772371103,0.04527435945447822,-0.41190897538000426,-0.32679880665695116,0.2791060059740271,-1.250142427568517,-0.10516060289726625,-0.013541725851545117,-0.02315048944812781,-0.00901788778387247,-1.5729339129944195,-1.2851886627584908,0.044782796652933665,-0.03872662092995116,-0.02664912120453866,-0.07949027060828054,0.11286262424184151,-0.010101085609753646,-0.018070995088560915,0.29368394639953965,-0.3044691960605598,-0.031082933581281558,-0.8433312464764884,-0.19256847288753087,-0.7185979240698804,-0.13971690555717192,-0.42557226939089954,-0.31277534125475037,-0.03333401214646792,-0.04172835001636621,-0.3846130075389462,-0.3574307058815349,-0.03811638665416195,0.369397325483442,-0.1367447289522491,-0.8208203027932078,-0.03687211083455477,-2.0660791623765205
14-0_09_20,-0.6803497639608798,-0.06660910081712446,-0.3074835003233932,-0.10828470766785636,-1.0264148614557027,-0.6260459863145502,-1.8429864237742695,-2.8763451780043976,-2.2706959860024396,-0.41190897538000426,-2.347272628659131,-2.7191533324496717,-1.250142427568517,-0.10516060289726625,-0.013541725851545117,-0.02315048944812781,-0.00901788778387247,-1.5729339129944195,-1.2851886627584908,-1.4176152012460224,-0.03872662092995116,-0.02664912120453866,-1.326644885489407,-1.1787599029003084,-0.010101085609753646,-0.018070995088560915,-0.8524440892786984,-0.3044691960605598,-0.031082933581281558,-0.8433312464764884,-1.0996126099435142,-0.7185979240698804,-1.3689476087961279,-0.9969500259323955,-0.31277534125475037,-0.03333401214646792,-0.04172835001636621,-0.3846130075389462,-0.3574307058815349,-1.6509002433738975,-1.415932509527325,-0.1367447289522491,-0.8208203027932078,-0.03687211083455477,-2.0660791623765205
14-0_11_20,-0.6803497639608798,-0.06660910081712446,-0.3074835003233932,-0.10828470766785636,0.6811553146422336,-0.6260459863145502,-1.8429864237742695,-2.8763451780043976,-0.7266279416521639,-0.41190897538000426,-0.5168978454655808,-0.1928140550598274,-1.250142427568517,-0.10516060289726625,-0.013541725851545117,-0.02315048944812781,-0.00901788778387247,-0.36881393033849463,0.32759519396124465,-0.3535978964627034,-0.03872662092995116,-0.02664912120453866,-1.326644885489407,-0.8265773847889459,-0.010101085609753646,-0.018070995088560915,-0.8524440892786984,-0.3044691960605598,-0.031082933581281558,-0.8433312464764884,-0.5055705906313999,-0.7185979240698804,-0.7088956704904787,-0.9969500259323955,-0.31277534125475037,-0.03333401214646792,-0.04172835001636621,-0.3846130075389462,-0.3574307058815349,-1.6509002433738975,-1.415932509527325,-0.1367447289522491,-0.8208203027932078,-0.03687211083455477,-2.0660791623765205
14-1_01_21,-0.6803497639608798,-0.06660910081712446,-0.3074835003233932,0.6148189763848818,0.46494683237856993,-0.6260459863145502,-1.8429864237742695,-1.4613718300335796,-0.035167539094890676,-0.41190897538000426,-0.06708222456794899,-0.06981847373752958,0.4126154041130572,-0.10516060289726625,-0.013541725851545117,-0.02315048944812781,-0.00901788778387247,0.49152407623249894,0.037030631975428496,-0.1962776871000061,-0.03872662092995116,-0.02664912120453866,-0.44203830419147677,-0.5187079645946593,-0.010101085609753646,-0.018070995088560915,0.4697752054552209,-0.3044691960605598,-0.031082933581281558,-0.8433312464764884,-0.667073487876592,-0.7185979240698804,-0.06688480769437882,-0.33078817538899924,-0.31277534125475037,-0.03333401214646792,-0.04172835001636621,-0.3846130075389462,-0.3574307058815349,-0.1595385495396247,-1.415932509527325,-0.1367447289522491,-0.8208203027932078,-0.03687211083455477,-2.0660791623765205
14-1_03_21,-0.6803497639608798,-0.06660910081712446,-0.3074835003233932,-0.10828470766785636,1.9035146986288851,-0.6260459863145502,0.3359905235189,-1.8349524928461725,0.5455453139893434,1.3734208596307629,0.5495460682300692,0.6675239515111662,1.094249846116594,-0.10516060289726625,-0.013541725851545117,-0.02315048944812781,-0.00901788778387247,-0.4426001444994133,0.7191327110241519,-0.06828052600748619,-0.03872662092995116,-0.02664912120453866,0.3515698972559922,0.12843040146849116,-0.010101085609753646,-0.018070995088560915,-0.07429283889505478,-0.3044691960605598,-0.031082933581281558,-0.8433312464764884,0.300862198620267,0.43774927679004366,-0.018145996401150943,0.07890332527901667,-0.31277534125475037,-0.03333401214646792,-0.04172835001636621,-0.3846130075389462,-0.3574307058815349,-1.6509002433738975,0.4353258391917502,-0.1367447289522491,-0.8208203027932078,-0.03687211083455477,-0.7438598676426011
14-1_05_20,-0.6803497639608798,-0.06660910081712446,-0.3074835003233932,-0.10828470766785636,1.7147367373960825,-0.6260459863145502,-1.8429864237742695,-2.8763451780043976,0.3259011096240205,-0.41190897538000426,0.22940991334023164,0.5166275378778888,0.16483092040230107,-0.10516060289726625,-0.013541725851545117,-0.02315048944812781,-0.00901788778387247,0.44200643679851714,-1.2851886627584908,0.20319422609477883,-0.03872662092995116,-0.02664912120453866,-0.004425590755487874,-0.16652544648329679,-0.010101085609753646,-0.018070995088560915,0.05064589771324517,-0.3044691960605598,-0.031082933581281558,0.19806143868173673,-0.17964208767075188,-0.7185979240698804,-0.018145996401150943,-0.33078817538899924,-0.31277534125475037,-0.03333401214646792,-0.04172835001636621,-0.3846130075389462,-0.3574307058815349,0.25758477550475234,0.7332866031280549,-0.1367447289522491,-0.8208203027932078,-0.03687211083455477,-2.0660791623765205
14-1_05_21,0.2784643085529286,-0.06660910081712446,-0.3074835003233932,-0.10828470766785636,2.2704696140828444,-0.6260459863145502,0.2397989465421806,-1.8349524928461725,0.688345406318654,1.633414003406653,0.5949559623808212,0.953036918738581,1.103966011578884,2.503365430679928,-0.013541725851545117,-0.02315048944812781,-0.00901788778387247,-0.3057621845914056,-1.2851886627584908,0.7373633921808342,-0.03872662092995116,-0.02664912120453866,0.6776764882932355,0.6046587020262133,-0.010101085609753646,-0.018070995088560915,-0.8524440892786984,-0.3044691960605598,-0.031082933581281558,0.3963094356130142,0.7928892074808828,0.9889722520280559,0.8052091504823538,0.7547077630112602,-0.31277534125475037,-0.03333401214646792,-0.04172835001636621,-0.3846130075389462,1.2553531508382005,-0.3286809486399781,1.4597074274768433,-0.1367447289522491,-0.8208203027932078,-0.03687211083455477,-0.5747174685422478
14-1_07_20,0.1466500539605809,-0.06660910081712446,-0.3074835003233932,-0.10828470766785636,1.4374781275302047,-0.6260459863145502,-0.05765658876350244,-1.384983484170125,0.554080476473106,-0.41190897538000426,0.2489985729594253,-0.7846548812061038,0.49804559943768345,-0.10516060289726625,-0.013541725851545117,-0.02315048944812781,-0.00901788778387247,-1.5729339129944195,-1.2851886627584908,0.8977376345349799,-0.03872662092995116,-0.02664912120453866,1.1661155035374304,0.8662135993390419,-0.010101085609753646,-0.018070995088560915,0.9604692673641572,-0.3044691960605598,-0.031082933581281558,0.9484231802780717,0.7748833497798193,0.723358913586531,0.7197789551577274,0.6527000499327712,-0.31277534125475037,-0.03333401214646792,-0.04172835001636621,-0.3846130075389462,-0.3574307058815349,0.13442959163686963,1.6015182199832112,-0.1367447289522491,-0.8208203027932078,-0.03687211083455477,-0.7438598676426011
14-1_09_20,-0.09408403981614927,-0.06660910081712446,-0.3074835003233932,-0.10828470766785636,1.7225479998004587,-0.6260459863145502,-0.1354162476763331,-1.5541258832704783,0.4411112430387514,-0.41190897538000426,-0.005557287858790172,0.45722735979359874,0.7751634376962533,-0.10516060289726625,-0.013541725851545117,-0.02315048944812781,-0.00901788778387247,0.03984994372531603,-1.2851886627584908,-0.05811452129858857,-0.03872662092995116,-0.02664912120453866,0.3200855007580161,0.4980969446448799,-0.010101085609753646,-0.018070995088560915,-0.15347408494267958,-0.3044691960605598,-0.031082933581281558,0.41847212578577553,0.1574217413160786,-0.7185979240698804,0.13230732564025394,0.440190042792831,0.46537590912889326,-0.03333401214646792,-0.04172835001636621,0.9376062871949731,-0.3574307058815349,0.20035810534517784,0.369397325483442,-0.1367447289522491,-0.8208203027932078,-0.03687211083455477,-2.0660791623765205
14-2_01_21,-0.15131070997572366,-0.06660910081712446,-0.3074835003233932,0.4779810164768741,1.8254547392740637,-0.6260459863145502,0.7491903336215973,-1.1281571509981974,0.008057614950389258,-0.41190897538000426,0.5809524767969154,-0.015002815609872266,0.49804559943768345,-0.10516060289726625,-0.013541725851545117,-0.02315048944812781,-0.00901788778387247,0.42050231750319234,1.649814488695164,-0.21509483174989058,-0.03872662092995116,-0.02664912120453866,-0.17029768462948308,0.19065476178357538,-0.010101085609753646,-0.018070995088560915,0.3516758933772264,-0.3044691960605598,-0.031082933581281558,-0.8433312464764884,0.09446156285556788,-0.7185979240698804,0.11569112598877035,0.14060752820213834,-0.31277534125475037,-0.03333401214646792,-0.04172835001636621,1.5744283847821472,-0.3574307058815349,1.25273227271034,0.7332866031280549,-0.1367447289522491,-0.8208203027932078,-0.03687211083455477,-0.7438598676426011
14-2_03_21,-0.6803497639608798,-0.06660910081712446,1.3053003563963421,-0.10828470766785636,1.5188922550101214,-0.6260459863145502,0.06549859510438027,0.056128586672755665,0.22899109661596428,-0.41190897538000426,-0.09435969499198404,0.19782671487071068,0.9699656604715383,-0.10516060289726625,-0.013541725851545117,-0.02315048944812781,-0.00901788778387247,-0.4426001444994133,1.05920361092662,0.19579129999886474,-0.03872662092995116,-0.02664912120453866,0.4817911687987041,0.3807619934982979,-0.010101085609753646,-0.018070995088560915,0.42630951167413056,-0.3044691960605598,-0.031082933581281558,-0.8433312464764884,0.5131712467762214,0.7727637697643923,0.3446629217227809,0.14060752820213834,-0.31277534125475037,-0.03333401214646792,-0.04172835001636621,-0.3846130075389462,-0.3574307058815349,-1.6509002433738975,0.5431088827937685,-0.1367447289522491,0.8867498733047285,-0.03687211083455477,-2.0660791623765205
14-2_05_20,-0.6803497639608798,-0.06660910081712446,-0.3074835003233932,-0.10828470766785636,0.6811553146422336,-0.6260459863145502,0.11605496854682407,-2.8763451780043976,0.23309469705474162,1.2008748813397312,-0.02096205931713846,0.6195023331290288,0.7321288054710515,-0.10516060289726625,-0.013541725851545117,-0.02315048944812781,-0.00901788778387247,-0.6435149872801267,-1.2851886627584908,0.44815046272210884,-0.03872662092995116,-0.02664912120453866,-0.004425590755487874,0.13975062051648646,-0.010101085609753646,-0.018070995088560915,-0.8524440892786984,-0.3044691960605598,-0.031082933581281558,-0.8433312464764884,-0.058219924785289,0.43774927679004366,-0.027465978140398972,0.26482372193534554,-0.31277534125475037,-0.03333401214646792,-0.04172835001636621,-0.3846130075389462,-0.3574307058815349,-1.6509002433738975,-1.415932509527325,-0.1367447289522491,-0.8208203027932078,-0.03687211083455477,-0.7438598676426011
14-2_05_21,-0.6803497639608798,-0.06660910081712446,-0.3074835003233932,-0.10828470766785636,1.9425348195256398,-0.6260459863145502,0.3638394522575803,-2.8763451780043976,0.6409941727514215,0.910310319353915,0.10636653730982326,0.44400804252734694,0.9828536828236369,1.3098127450735517,-0.013541725851545117,-0.02315048944812781,-0.00901788778387247,0.7461721463153569,1.7322620667520454,0.2756978382044039,-0.03872662092995116,-0.02664912120453866,-1.326644885489407,0.6264495802173711,-0.010101085609753646,-0.018070995088560915,0.44858590638528284,-0.3044691960605598,-0.031082933581281558,0.4788880482574309,0.3214292272900608,-0.7185979240698804,0.324192851879167,0.3945939085964333,-0.31277534125475037,-0.03333401214646792,-0.04172835001636621,0.9376062871949731,-0.3574307058815349,-0.03811638665416195,0.369397325483442,-0.1367447289522491,-0.8208203027932078,-0.03687211083455477,-2.0660791623765205
14-2_06_21,-0.09408403981614927,-0.06660910081712446,1.0147357944105262,-0.10828470766785636,1.9696587930295726,-0.6260459863145502,0.4380469434734582,-2.8763451780043976,0.17178378306200903,1.0794527184542684,0.3789311762885379,0.24745765423226285,1.0637247928006366,-0.10516060289726625,-0.013541725851545117,-0.02315048944812781,-0.00901788778387247,0.3861074793266741,1.423232237376222,-0.4150680122321425,-0.03872662092995116,-0.02664912120453866,-0.2852522003311821,0.010569962110837772,-0.010101085609753646,-0.018070995088560915,-0.8524440892786984,-0.3044691960605598,-0.031082933581281558,-0.27194007491497796,0.05177966572708122,0.43774927679004366,-0.2198751924711085,-0.33078817538899924,0.6166435844595424,-0.03333401214646792,-0.04172835001636621,1.6607099712477111,-0.3574307058815349,0.6733822119237952,-1.415932509527325,-0.1367447289522491,-0.8208203027932078,-0.03687211083455477,-0.3585089862785841
14-2_07_20,-0.6803497639608798,-0.06660910081712446,-0.3074835003233932,-0.10828470766785636,0.5863689952640327,-0.6260459863145502,-1.8429864237742695,-1.5541258832704783,-0.5225079589962393,-0.41190897538000426,-0.9190978240833609,-0.47364066463552157,-1.250142427568517,-0.10516060289726625,-0.013541725851545117,-0.02315048944812781,-0.00901788778387247,-1.5729339129944195,-1.2851886627584908,-0.6106376246836728,-0.03872662092995116,-0.02664912120453866,-1.326644885489407,-0.8441625595900588,-0.010101085609753646,-0.018070995088560915,-0.8524440892786984,-0.3044691960605598,-0.031082933581281558,0.160599047151944,-0.9270666316524825,-0.7185979240698804,-0.9835967274321108,-0.9969500259323955,-0.31277534125475037,-0.03333401214646792,-0.04172835001636621,-0.3846130075389462,-0.3574307058815349,-1.6509002433738975,-1.415932509527325,-0.1367447289522491,-0.8208203027932078,-0.03687211083455477,-2.0660791623765205
14-2_09_20,0.34182321499031176,-0.06660910081712446,-0.3074835003233932,0.4779810164768741,1.6277616804222579,-0.6260459863145502,0.27428487188149475,-2.8763451780043976,0.979967933460804,1.439349373339071,-0.0009438065029070408,0.7723484337876549,1.1664980797697642,-0.10516060289726625,-0.013541725851545117,-0.02315048944812781,-0.00901788778387247,0.44200643679851714,-1.2851886627584908,0.7125292909409526,-0.03872662092995116,-0.02664912120453866,0.842637586014,0.8988675150786947,-0.010101085609753646,-0.018070995088560915,0.5947139420635209,1.0177500986733596,-0.031082933581281558,1.0842257493466292,0.9643885637559558,1.2560672567347475,0.8524045204323183,0.8134843835850327,-0.31277534125475037,-0.03333401214646792,-0.04172835001636621,0.9376062871949731,-0.3574307058815349,-1.6509002433738975,0.8417460653418596,-0.1367447289522491,-0.8208203027932078,-0.03687211083455477,-0.5747174685422478
14-2_11_20,-0.29499888259686263,-0.06660910081712446,-0.3074835003233932,-0.10828470766785636,1.5188922550101214,-0.6260459863145502,-0.5207671290403502,0.34792883628986004,0.08913949633744833,-0.41190897538000426,-0.01568288796895989,0.0739382677269087,0.7541789462141257,-0.10516060289726625,-0.013541725851545117,-0.02315048944812781,-0.00901788778387247,-0.4426001444994133,0.037030631975428496,-0.5725171612317657,-0.03872662092995116,-0.02664912120453866,-0.2852522003311821,-0.36944072800085104,-0.010101085609753646,-0.018070995088560915,-0.8524440892786984,-0.3044691960605598,-0.031082933581281558,-0.8433312464764884,-0.5951251710074853,-0.7185979240698804,-0.6267089143031286,-0.9969500259323955,-0.31277534125475037,-0.03333401214646792,-0.04172835001636621,-0.3846130075389462,-0.3574307058815349,-1.6509002433738975,-1.415932509527325,-0.1367447289522491,0.5013989919407115,-0.03687211083455477,0.7733988849976778
15-0_01_21,0.08021631162165108,1.7187207341936426,-0.3074835003233932,-0.10828470766785636,-1.0264148614557027,-0.6260459863145502,-0.1354162476763331,-2.8763451780043976,0.29159687845403504,-0.41190897538000426,-0.31469365931787885,0.0018324117040675603,0.0720768671654024,-0.10516060289726625,-0.013541725851545117,-0.02315048944812781,-0.00901788778387247,0.39787769787809835,0.8937882845346787,0.22058031577052933,-0.03872662092995116,-0.02664912120453866,0.744008565178753,0.5956267027846678,-0.010101085609753646,-0.018070995088560915,0.14755591072130161,1.3083146606591756,-0.031082933581281558,0.23254736402105086,0.4052062250268348,0.6036213706640389,0.5912286012124784,0.634639888961892,0.46537590912889326,-0.03333401214646792,-0.04172835001636621,-0.3846130075389462,-0.3574307058815349,-1.6509002433738975,0.8651008577204027,-0.1367447289522491,-0.8208203027932078,-0.03687211083455477,-0.453295305656785
15-0_03_21,-0.09408403981614927,-0.06660910081712446,-0.3074835003233932,-0.10828470766785636,-1.0264148614557027,-0.6260459863145502,0.5014058499108414,-1.384983484170125,0.5348048721559606,-0.41190897538000426,0.2950941737973092,0.42260989782611635,0.7088989647525766,-0.10516060289726625,-0.013541725851545117,-0.02315048944812781,-0.00901788778387247,0.776343614473536,-1.2851886627584908,-0.0728762776966353,-0.03872662092995116,-0.02664912120453866,0.5037298977041433,0.40061533028076907,-0.010101085609753646,-0.018070995088560915,0.44858590638528284,-0.3044691960605598,-0.031082933581281558,0.19806143868173673,0.4052062250268348,0.9281324621775429,0.28929098874605297,0.2426615520942712,-0.31277534125475037,1.2888852825874513,-0.04172835001636621,-0.3846130075389462,-0.3574307058815349,-1.6509002433738975,0.6293904692593324,-0.1367447289522491,-0.8208203027932078,-0.03687211083455477,-0.3585089862785841
15-0_05_20,-0.6803497639608798,-0.06660910081712446,-0.3074835003233932,-0.10828470766785636,-1.0264148614557027,-0.6260459863145502,-1.8429864237742695,-2.8763451780043976,-1.367605999010496,-0.41190897538000426,-1.686383737922735,-2.7191533324496717,-1.250142427568517,-0.10516060289726625,-0.013541725851545117,-0.02315048944812781,-0.00901788778387247,-1.5729339129944195,-1.2851886627584908,-1.200906091282077,-0.03872662092995116,-0.02664912120453866,-1.326644885489407,-1.1787599029003084,-0.010101085609753646,-0.018070995088560915,-0.8524440892786984,-0.3044691960605598,-0.031082933581281558,-0.8433312464764884,-1.0996126099435142,-0.7185979240698804,-1.3689476087961279,-0.9969500259323955,-0.31277534125475037,-0.03333401214646792,-0.04172835001636621,-0.3846130075389462,-0.3574307058815349,-1.6509002433738975,-1.415932509527325,-0.1367447289522491,-0.8208203027932078,-0.03687211083455477,-2.0660791623765205
15-0_06_21,0.3610429211973454,-0.06660910081712446,-0.3074835003233932,-0.10828470766785636,-1.0264148614557027,-0.6260459863145502,0.7379385519013499,-2.8763451780043976,-0.34127706028814686,-0.41190897538000426,0.10730877165039687,-0.1325660277779166,-1.250142427568517,-0.10516060289726625,-0.013541725851545117,-0.02315048944812781,-0.00901788778387247,0.0655553439602179,-1.2851886627584908,0.4774171430762976,-0.03872662092995116,-0.02664912120453866,-0.2852522003311821,-0.02061288810141823,-0.010101085609753646,-0.018070995088560915,-0.8524440892786984,1.1105041519102583,-0.031082933581281558,-0.8433312464764884,-0.5055705906313999,-0.7185979240698804,0.05779595772611429,0.2426615520942712,0.46537590912889326,-0.03333401214646792,-0.04172835001636621,-0.3846130075389462,-0.3574307058815349,-1.6509002433738975,-1.415932509527325,-0.1367447289522491,1.612148988081198,-0.03687211083455477,-2.0660791623765205
15-0_07_20,0.23042705169735486,-0.06660910081712446,-0.3074835003233932,-0.10828470766785636,2.0531281459472033,-0.6260459863145502,0.7601579488459129,-1.6722251953484728,0.7789096265925335,1.3734208596307629,0.43169104649922363,0.3849922181043366,0.7321288054710515,-0.10516060289726625,-0.013541725851545117,2.1558264578450417,-0.00901788778387247,0.9629928284011499,0.8320826328972735,0.024956784504599816,-0.03872662092995116,-0.02664912120453866,0.4817911687987041,0.47891046941112764,-0.010101085609753646,-0.018070995088560915,0.29368394639953965,-0.3044691960605598,-0.031082933581281558,0.5639823882703665,0.23748123737362525,-0.7185979240698804,0.26355788744901587,0.1946254230488462,-0.31277534125475037,-0.03333401214646792,-0.04172835001636621,-0.3846130075389462,-0.3574307058815349,0.30814114894719613,-1.415932509527325,-0.1367447289522491,-0.8208203027932078,-0.03687211083455477,-0.5747174685422478
15-0_11_20,-0.6803497639608798,-0.06660910081712446,-0.3074835003233932,-0.10828470766785636,-1.0264148614557027,-0.6260459863145502,-0.5207671290403502,-1.384983484170125,-0.6174834722270959,-0.41190897538000426,-0.5744259415686153,-0.5548004766652344,0.8326429427479332,-0.10516060289726625,-0.013541725851545117,-0.02315048944812781,-0.00901788778387247,-0.36881393033849463,-1.2851886627584908,-0.21992932859550748,-0.03872662092995116,-0.02664912120453866,-0.44203830419147677,-0.5020662932754418,-0.010101085609753646,-0.018070995088560915,-0.8524440892786984,-0.3044691960605598,-0.031082933581281558,-0.27194007491497796,-0.14302255704820369,-0.7185979240698804,-0.33705846438264625,-0.5469915815484784,-0.31277534125475037,-0.03333401214646792,-0.04172835001636621,-0.3846130075389462,-0.3574307058815349,-1.6509002433738975,0.29163766657061135,-0.1367447289522491,-0.8208203027932078,-0.03687211083455477,-0.5747174685422478
15-1_01_21,-0.21723922368403198,-0.06660910081712446,-0.3074835003233932,-0.10828470766785636,-1.0264148614557027,-0.6260459863145502,-1.8429864237742695,-1.8349524928461725,0.366793743510071,-0.41190897538000426,-0.5248946554912872,0.04874428356841909,0.7088989647525766,-0.10516060289726625,-0.013541725851545117,-0.02315048944812781,-0.00901788778387247,0.29335342608977544,0.32759519396124465,0.819099843344794,-0.03872662092995116,-0.02664912120453866,0.5246134632296681,0.9116493229101474,-0.010101085609753646,-0.018070995088560915,0.2614992630281384,1.2518333047067274,-0.031082933581281558,0.3963094356130142,0.9994950832173294,0.9596168586755189,0.7817357482736169,1.0825112841559115,0.6166435844595424,-0.03333401214646792,-0.04172835001636621,-0.3846130075389462,-0.3574307058815349,-1.6509002433738975,0.9660845330475434,-0.1367447289522491,-0.8208203027932078,-0.03687211083455477,-2.0660791623765205
15-1_03_21,0.32171339660289366,-0.06660910081712446,1.809787795332371,-0.10828470766785636,-1.0264148614557027,-0.6260459863145502,0.2023365550123879,0.6878472826218003,0.04736734896032191,-0.41190897538000426,0.15300790308695222,0.22086482255799167,0.30616007319877037,-0.10516060289726625,-0.013541725851545117,-0.02315048944812781,-0.00901788778387247,1.209538711171867,1.4058928293644777,0.3792854851504602,-0.03872662092995116,-0.02664912120453866,-0.004425590755487874,0.20048084794509008,-0.010101085609753646,-0.018070995088560915,0.4028284158246077,-0.3044691960605598,-0.031082933581281558,0.5149497898463248,0.24232832431581347,-0.7185979240698804,0.19869481772814135,0.1946254230488462,-0.31277534125475037,-0.03333401214646792,1.5710555067033694,1.2281708491807892,-0.3574307058815349,0.13442959163686963,0.4353258391917502,-0.1367447289522491,1.6788667798251962,-0.03687211083455477,-2.0660791623765205
15-1_05_20,-0.6803497639608798,-0.06660910081712446,1.0147357944105262,0.4779810164768741,1.9608043684523022,-0.6260459863145502,0.5566872977067687,-1.384983484170125,0.8475687400870395,1.5924123984026384,0.5933606657297175,-0.43811996520194385,0.5694015079733518,-0.10516060289726625,-0.013541725851545117,-0.02315048944812781,-0.00901788778387247,0.6338919630374303,1.0968283798163776,0.0662656371209367,-0.03872662092995116,-0.02664912120453866,0.1153119521670043,0.5495938791209201,-0.010101085609753646,-0.018070995088560915,0.14755591072130161,-0.3044691960605598,-0.031082933581281558,0.160599047151944,0.2923546889277515,0.7727637697643923,0.29828291413664465,0.11085039221348296,-0.31277534125475037,-0.03333401214646792,-0.04172835001636621,-0.3846130075389462,-0.3574307058815349,0.35342113040874523,0.369397325483442,-0.1367447289522491,-0.8208203027932078,-0.03687211083455477,-0.453295305656785
15-1_06_21,0.8788155980757739,-0.06660910081712446,-0.3074835003233932,0.6148189763848818,-1.0264148614557027,-0.6260459863145502,0.27428487188149475,-1.8349524928461725,-0.7655460076825336,-0.41190897538000426,0.10730877165039687,0.628371827549018,-1.250142427568517,-0.10516060289726625,-0.013541725851545117,-0.02315048944812781,-0.00901788778387247,-0.04788910595757423,-1.2851886627584908,0.8096664256217021,-0.03872662092995116,-0.02664912120453866,0.3515698972559922,0.22869170385326748,-0.010101085609753646,-0.018070995088560915,-0.8524440892786984,-0.3044691960605598,-0.031082933581281558,0.26449518102066655,-0.3303794240883812,-0.7185979240698804,0.34864365061830316,0.5859022219497829,-0.31277534125475037,-0.03333401214646792,-0.04172835001636621,-0.3846130075389462,-0.3574307058815349,-1.6509002433738975,1.0170367813470809,-0.1367447289522491,1.2044855624715622,-0.03687211083455477,-2.0660791623765205
15-1_07_20,-0.6803497639608798,-0.06660910081712446,-0.3074835003233932,-0.10828470766785636,1.8434033465236255,-0.6260459863145502,0.649773965252568,-1.0250868292853224,0.7471717329610659,1.2008748813397312,0.4519061898186363,-0.8996093969078028,0.5351874074422501,-0.10516060289726625,-0.013541725851545117,-0.02315048944812781,-0.00901788778387247,0.560604995375798,0.7191327110241519,0.11536387093864092,-0.03872662092995116,-0.02664912120453866,0.4817911687987041,0.48902648147005695,-0.010101085609753646,-0.018070995088560915,0.48997859154350787,-0.3044691960605598,-0.031082933581281558,0.8236969684999993,0.5105799832301418,0.5285566908112462,0.5331071107642106,0.4681279236678756,0.46537590912889326,-0.03333401214646792,-0.04172835001636621,-0.3846130075389462,-0.3574307058815349,0.056669932724038974,0.6293904692593324,-0.1367447289522491,-0.8208203027932078,-0.03687211083455477,-0.061757788593877816
15-1_09_20,-0.6803497639608798,-0.06660910081712446,-0.3074835003233932,-0.10828470766785636,1.3732588600253355,-0.6260459863145502,0.4380469434734582,-2.8763451780043976,-0.17727430084020446,-0.41190897538000426,0.23379305021278873,-0.8996093969078028,-0.20874974241029182,-0.10516060289726625,-0.013541725851545117,-0.02315048944812781,-0.00901788778387247,0.5443373826613448,1.163517657146589,0.04301736949867213,-0.03872662092995116,-0.02664912120453866,-0.004425590755487874,-0.1409067196639546,-0.010101085609753646,-0.018070995088560915,-0.8524440892786984,-0.3044691960605598,-0.031082933581281558,0.19806143868173673,-0.3881140113655569,-0.7185979240698804,-0.07207357290330435,0.1946254230488462,-0.31277534125475037,-0.03333401214646792,-0.04172835001636621,-0.3846130075389462,-0.3574307058815349,0.43188512694255266,-0.09371321479340572,-0.1367447289522491,-0.8208203027932078,-0.03687211083455477,-0.7438598676426011
16-0_01_21,-0.6803497639608798,-0.06660910081712446,1.4000866757745432,-0.10828470766785636,1.8315204032637262,-0.6260459863145502,-0.1354162476763331,-2.8763451780043976,0.19319700298346776,-0.41190897538000426,0.4134755279529123,0.42260989782611635,0.30616007319877037,-0.10516060289726625,-0.013541725851545117,-0.02315048944812781,-0.00901788778387247,0.39787769787809835,1.4316490605410337,-0.024814832226395855,-0.03872662092995116,-0.02664912120453866,-1.326644885489407,-0.4006086525166649,-0.010101085609753646,-0.018070995088560915,-0.8524440892786984,-0.3044691960605598,-0.031082933581281558,-0.8433312464764884,-0.5951251710074853,-0.7185979240698804,-0.47105881548999207,-0.9969500259323955,-0.31277534125475037,-0.03333401214646792,-0.04172835001636621,0.9376062871949731,-0.3574307058815349,0.35342113040874523,0.19685134719241043,-0.1367447289522491,-0.8208203027932078,-0.03687211083455477,-2.0660791623765205
16-0_03_21,-0.6803497639608798,-0.06660910081712446,-0.3074835003233932,-0.10828470766785636,-1.0264148614557027,-0.6260459863145502,-1.8429864237742695,-2.8763451780043976,-2.2706959860024396,-0.41190897538000426,-2.172972277221331,-2.7191533324496717,-1.250142427568517,-0.10516060289726625,-0.013541725851545117,-0.02315048944812781,-0.00901788778387247,-1.5729339129944195,-1.2851886627584908,-1.2501241139522588,-0.03872662092995116,-0.02664912120453866,-1.326644885489407,-1.1787599029003084,-0.010101085609753646,-0.018070995088560915,-0.8524440892786984,-0.3044691960605598,-0.031082933581281558,-0.8433312464764884,-1.0996126099435142,-0.7185979240698804,-1.3689476087961279,-0.9969500259323955,-0.31277534125475037,-0.03333401214646792,-0.04172835001636621,-0.3846130075389462,-0.3574307058815349,-1.6509002433738975,-1.415932509527325,-0.1367447289522491,-0.8208203027932078,-0.03687211083455477,-0.7438598676426011
16-0_05_21,-0.21723922368403198,-0.06660910081712446,1.4778463346873738,-0.10828470766785636,2.683787153199682,-0.6260459863145502,1.2104761811511857,-1.4613718300335796,0.3805820279957044,1.9324832983051066,0.6289301203569513,0.7588356438012178,1.2284240680253264,-0.10516060289726625,-0.013541725851545117,-0.02315048944812781,-0.00901788778387247,-1.5729339129944195,1.4714474454873574,0.45368295132206987,-0.03872662092995116,-0.02664912120453866,-0.07949027060828054,0.7443175030406495,-0.010101085609753646,-0.018070995088560915,0.9537358847051888,-0.3044691960605598,-0.031082933581281558,0.41847212578577553,0.8570944876855335,1.497127740487687,0.6800857255948922,0.37826550842457607,0.46537590912889326,-0.03333401214646792,-0.04172835001636621,1.5744283847821472,-0.3574307058815349,0.20035810534517784,0.9284597641577859,1.980526566703515,-0.8208203027932078,-0.03687211083455477,-0.5747174685422478
16-0_07_20,-0.29499888259686263,-0.06660910081712446,1.3053003563963421,-0.10828470766785636,1.4374781275302047,-0.6260459863145502,0.2023365550123879,-1.5541258832704783,0.32918708607124825,-0.41190897538000426,0.44269958671570975,0.2658237939658219,0.0720768671654024,-0.10516060289726625,-0.013541725851545117,-0.02315048944812781,-0.00901788778387247,0.3355511058842303,1.0968283798163776,-0.336310261568542,-0.03872662092995116,-0.02664912120453866,0.2861389712303283,-0.13736721774208338,-0.010101085609753646,-0.018070995088560915,0.4028284158246077,-0.3044691960605598,-0.031082933581281558,-0.8433312464764884,-0.2794271757888438,0.6036213706640389,-0.1336597016243892,-0.18710337625314938,-0.31277534125475037,-0.03333401214646792,-0.04172835001636621,-0.3846130075389462,-0.3574307058815349,0.8418601456529401,0.07542918430694767,-0.1367447289522491,-0.8208203027932078,-0.03687211083455477,-0.7438598676426011
16-0_11_20,-0.6803497639608798,-0.06660910081712446,-0.3074835003233932,-0.10828470766785636,1.7666767387208775,-0.6260459863145502,-0.230202567054534,-2.8763451780043976,0.1272440226695981,1.0794527184542684,0.06772134059237733,0.45432431100332304,0.0720768671654024,-0.10516060289726625,-0.013541725851545117,-0.02315048944812781,-0.00901788778387247,0.5359692146728939,-1.2851886627584908,0.5582219217881361,-0.03872662092995116,-0.02664912120453866,-1.326644885489407,0.05802919650898447,-0.010101085609753646,-0.018070995088560915,-0.8524440892786984,-0.3044691960605598,-0.031082933581281558,-0.8433312464764884,0.08763289258088476,0.43774927679004366,0.14515721217670452,0.4543836029841267,-0.31277534125475037,-0.03333401214646792,-0.04172835001636621,1.2281708491807892,-0.3574307058815349,0.25758477550475234,0.7332866031280549,-0.1367447289522491,-0.8208203027932078,-0.03687211083455477,-2.0660791623765205
16-1_03_21,-0.6803497639608798,-0.06660910081712446,-0.3074835003233932,-0.10828470766785636,2.3539772986013245,-0.6260459863145502,0.649773965252568,-2.8763451780043976,0.44279455709150284,1.439349373339071,0.35192250704589556,0.8130913111769107,0.6583425913101328,-0.10516060289726625,-0.013541725851545117,-0.02315048944812781,-0.00901788778387247,0.11280782560784419,-1.2851886627584908,0.4414877602621577,-0.03872662092995116,-0.02664912120453866,0.3200855007580161,0.15078324974588314,-0.010101085609753646,-0.018070995088560915,-0.8524440892786984,-0.3044691960605598,-0.031082933581281558,-0.8433312464764884,0.07364474357930466,-0.7185979240698804,0.061649527658224346,-0.12987804965113015,-0.31277534125475037,-0.03333401214646792,-0.04172835001636621,1.6981723627775038,-0.3574307058815349,0.731116799200971,0.6293904692593324,-0.1367447289522491,-0.8208203027932078,-0.03687211083455477,-2.0660791623765205
16-1_05_20,-0.6803497639608798,-0.06660910081712446,-0.3074835003233932,-0.10828470766785636,0.5863689952640327,-0.6260459863145502,-0.5207671290403502,-2.8763451780043976,-0.7024942619354446,-0.41190897538000426,-1.2022950426123256,-0.6546953432227531,-1.250142427568517,-0.10516060289726625,-0.013541725851545117,-0.02315048944812781,-0.00901788778387247,-1.5729339129944195,0.42238151333944557,-1.024814832226396,-0.03872662092995116,-0.02664912120453866,-1.326644885489407,-0.5825556562213982,-0.010101085609753646,-0.018070995088560915,-0.8524440892786984,-0.3044691960605598,-0.031082933581281558,-0.8433312464764884,-0.4794003562710957,-0.7185979240698804,-0.7088956704904787,-0.9969500259323955,-0.31277534125475037,-0.03333401214646792,-0.04172835001636621,-0.3846130075389462,-0.3574307058815349,-1.6509002433738975,-0.09371321479340572,-0.1367447289522491,-0.8208203027932078,-0.03687211083455477,-2.0660791623765205
16-1_05_21,0.1466500539605809,-0.06660910081712446,-0.3074835003233932,-0.10828470766785636,2.5969378200822892,-0.6260459863145502,0.2023365550123879,-1.6722251953484728,0.31250278796618325,1.295661200717932,0.6209277318983879,0.6798277342084595,0.8143155616584015,-0.10516060289726625,-0.013541725851545117,-0.02315048944812781,-0.00901788778387247,-0.15796056502360145,1.247565716234007,0.3519358773757036,1.4526350729043216,-0.02664912120453866,0.4342799629197258,0.3249335246460188,-0.010101085609753646,-0.018070995088560915,0.3516758933772264,-0.3044691960605598,-0.031082933581281558,0.02376108724393633,0.44927094577448634,1.3134833435415598,0.31358425206095386,0.2859096247498608,-0.31277534125475037,-0.03333401214646792,-0.04172835001636621,-0.3846130075389462,-0.3574307058815349,0.712711736518247,0.8417460653418596,-0.1367447289522491,-0.8208203027932078,-0.03687211083455477,-0.7438598676426011
16-1_06_21,-0.6803497639608798,-0.06660910081712446,-0.3074835003233932,-0.10828470766785636,-1.0264148614557027,-0.6260459863145502,-1.8429864237742695,-2.8763451780043976,-2.2706959860024396,-0.41190897538000426,-2.2514362737551386,-2.7191533324496717,-1.250142427568517,-0.10516060289726625,-0.013541725851545117,-0.02315048944812781,-0.00901788778387247,-1.5729339129944195,-1.2851886627584908,-1.4176152012460224,-0.03872662092995116,-0.02664912120453866,-1.326644885489407,-1.1787599029003084,-0.010101085609753646,-0.018070995088560915,-0.8524440892786984,-0.3044691960605598,-0.031082933581281558,-0.8433312464764884,-1.0996126099435142,-0.7185979240698804,-1.3689476087961279,-0.9969500259323955,-0.31277534125475037,-0.03333401214646792,-0.04172835001636621,-0.3846130075389462,-0.3574307058815349,-1.6509002433738975,-1.415932509527325,-0.1367447289522491,-0.8208203027932078,-0.03687211083455477,-2.0660791623765205
16-1_07_20,0.2551095161743855,-0.06660910081712446,1.4778463346873738,-0.10828470766785636,1.887928295663738,-0.6260459863145502,0.7708553981017998,-1.8349524928461725,0.3431458358736297,1.439349373339071,0.4761613459409053,0.5375644135278155,0.9142104282159202,-0.10516060289726625,-0.013541725851545117,-0.02315048944812781,-0.00901788778387247,0.6725787548197305,1.644740897326097,0.3796930820662571,-0.03872662092995116,-0.02664912120453866,0.2861389712303283,0.46239538134556907,-0.010101085609753646,-0.018070995088560915,0.44858590638528284,-0.3044691960605598,-0.031082933581281558,0.19806143868173673,0.3092062493649927,1.0898381302182307,0.22581314379033512,0.1946254230488462,0.46537590912889326,-0.03333401214646792,-0.04172835001636621,-0.3846130075389462,-0.3574307058815349,0.39442273541275996,0.4353258391917502,-0.1367447289522491,-0.8208203027932078,-0.03687211083455477,-2.0660791623765205
16-1_09_20,-0.6803497639608798,-0.06660910081712446,1.0147357944105262,-0.10828470766785636,0.7589149735550642,-0.6260459863145502,-1.8429864237742695,-2.8763451780043976,-0.8235379546602204,-0.41190897538000426,-0.7041856738635274,-0.7148319586670289,-1.250142427568517,-0.10516060289726625,-0.013541725851545117,-0.02315048944812781,-0.00901788778387247,-0.5315412278361944,-1.2851886627584908,-0.5911592712878238,-0.03872662092995116,-0.02664912120453866,-0.44203830419147677,-0.7625950741220717,-0.010101085609753646,-0.018070995088560915,-0.8524440892786984,-0.3044691960605598,-0.031082933581281558,-0.8433312464764884,-0.8039114477845998,-0.7185979240698804,-1.3689476087961279,-0.9969500259323955,-0.31277534125475037,-0.03333401214646792,-0.04172835001636621,-0.3846130075389462,-0.3574307058815349,0.056669932724038974,0.19685134719241043,-0.1367447289522491,-0.8208203027932078,-0.03687211083455477,-2.0660791623765205
16-2_01_21,-0.6803497639608798,-0.06660910081712446,-0.3074835003233932,-0.10828470766785636,-1.0264148614557027,-0.6260459863145502,-1.8429864237742695,-2.8763451780043976,-2.2706959860024396,-0.41190897538000426,-2.1384863518820167,-2.7191533324496717,-1.250142427568517,-0.10516060289726625,-0.013541725851545117,-0.02315048944812781,-0.00901788778387247,-1.5729339129944195,-1.2851886627584908,-1.4176152012460224,-0.03872662092995116,-0.02664912120453866,-1.326644885489407,-1.1787599029003084,-0.010101085609753646,-0.018070995088560915,-0.8524440892786984,-0.3044691960605598,-0.031082933581281558,-0.8433312464764884,-1.0996126099435142,-0.7185979240698804,-1.3689476087961279,-0.9969500259323955,-0.31277534125475037,-0.03333401214646792,-0.04172835001636621,-0.3846130075389462,-0.3574307058815349,-1.6509002433738975,-1.415932509527325,-0.1367447289522491,-0.8208203027932078,-0.03687211083455477,-2.0660791623765205
16-2_03_21,-0.6803497639608798,-0.06660910081712446,-0.3074835003233932,-0.10828470766785636,-1.0264148614557027,-0.6260459863145502,-1.8429864237742695,-2.8763451780043976,-1.668635994674477,-0.41190897538000426,-2.6429737908180453,-2.7191533324496717,-1.250142427568517,-0.10516060289726625,-0.013541725851545117,-0.02315048944812781,-0.00901788778387247,-1.5729339129944195,-1.2851886627584908,-1.4176152012460224,-0.03872662092995116,-0.02664912120453866,-1.326644885489407,-1.1787599029003084,-0.010101085609753646,-0.018070995088560915,-0.8524440892786984,-0.3044691960605598,-0.031082933581281558,-0.8433312464764884,-1.0996126099435142,-0.7185979240698804,-1.3689476087961279,-0.9969500259323955,-0.31277534125475037,-0.03333401214646792,-0.04172835001636621,-0.3846130075389462,-0.3574307058815349,-1.6509002433738975,-1.415932509527325,-0.1367447289522491,-0.8208203027932078,-0.03687211083455477,-0.7438598676426011
16-2_05_20,-0.6803497639608798,-0.06660910081712446,-0.3074835003233932,-0.10828470766785636,1.0563705088607473,-0.6260459863145502,-1.8429864237742695,-1.6722251953484728,-0.18079087456304177,-0.41190897538000426,-0.649268797095133,-0.02367165595947407,0.8833964808017005,-0.10516060289726625,-0.013541725851545117,-0.02315048944812781,-0.00901788778387247,-0.04788910595757423,0.7975967075579593,-0.19321926261578612,-0.03872662092995116,-0.02664912120453866,-1.326644885489407,-0.12691857066237458,-0.010101085609753646,-0.018070995088560915,-0.8524440892786984,1.3083146606591756,-0.031082933581281558,-0.8433312464764884,0.06647800533949001,-0.7185979240698804,-0.08802253090986478,0.11085039221348296,-0.31277534125475037,-0.03333401214646792,-0.04172835001636621,-0.3846130075389462,-0.3574307058815349,-1.6509002433738975,0.07542918430694767,-0.1367447289522491,-0.8208203027932078,-0.03687211083455477,-0.7438598676426011
16-2_06_21,-0.21723922368403198,-0.06660910081712446,-0.3074835003233932,-0.10828470766785636,1.0189081173309547,-0.6260459863145502,-1.8429864237742695,-1.6722251953484728,-0.26637461221979697,-0.41190897538000426,-0.3196965309277924,-0.3846995812987406,-0.04602244491259211,-0.10516060289726625,-0.013541725851545117,-0.02315048944812781,-0.00901788778387247,-1.5729339129944195,-1.2851886627584908,-0.5341207703174596,-0.03872662092995116,-0.02664912120453866,-1.326644885489407,-0.6814352620923592,-0.010101085609753646,-0.018070995088560915,-0.8524440892786984,-0.3044691960605598,-0.031082933581281558,-0.8433312464764884,-0.4092004092427607,-0.7185979240698804,-0.5121899562368777,-0.03404394477598465,-0.31277534125475037,-0.03333401214646792,-0.04172835001636621,-0.3846130075389462,-0.3574307058815349,-1.6509002433738975,-1.415932509527325,-0.1367447289522491,-0.8208203027932078,-0.03687211083455477,-2.0660791623765205
16-2_07_20,0.2784643085529286,-0.06660910081712446,-0.3074835003233932,-0.10828470766785636,1.887928295663738,-0.6260459863145502,0.27428487188149475,-2.8763451780043976,0.43602179633431914,1.2008748813397312,0.25973204644928294,0.6566931038594845,0.5351874074422501,-0.10516060289726625,-0.013541725851545117,-0.02315048944812781,-0.00901788778387247,0.7356305005668194,1.5605293552081678,0.13512456845096127,-0.03872662092995116,-0.02664912120453866,0.3809252906085292,0.47376270686672245,-0.010101085609753646,-0.018070995088560915,1.0226171741130017,1.1105041519102583,-0.031082933581281558,0.5149497898463248,0.41178158881142557,1.0667319109408866,0.2413068611471061,0.5069290967404186,-0.31277534125475037,-0.03333401214646792,-0.04172835001636621,-0.3846130075389462,-0.3574307058815349,-0.3286809486399781,0.4353258391917502,-0.1367447289522491,-0.8208203027932078,-0.03687211083455477,-0.5747174685422478
16-2_11_20,-0.6803497639608798,-0.06660910081712446,-0.3074835003233932,-0.10828470766785636,-1.0264148614557027,-0.6260459863145502,-1.8429864237742695,-2.8763451780043976,-2.2706959860024396,-0.41190897538000426,-1.499121539291933,-1.0563955007680974,-1.250142427568517,-0.10516060289726625,-0.013541725851545117,-0.02315048944812781,-0.00901788778387247,-0.6435149872801267,-1.2851886627584908,-0.9237882530235073,-0.03872662092995116,-0.02664912120453866,-1.326644885489407,-0.9924494786629412,-0.010101085609753646,-0.018070995088560915,-0.8524440892786984,-0.3044691960605598,-0.031082933581281558,-0.8433312464764884,-1.0996126099435142,-0.7185979240698804,-1.3689476087961279,-0.9969500259323955,-0.31277534125475037,-0.03333401214646792,-0.04172835001636621,-0.3846130075389462,-0.3574307058815349,-1.6509002433738975,-1.415932509527325,-0.1367447289522491,-0.8208203027932078,-0.03687211083455477,-2.0660791623765205
18-0_01_21,0.2784643085529286,-0.06660910081712446,-0.3074835003233932,-0.10828470766785636,-1.0264148614557027,1.1592838486962167,0.2397989465421806,0.6282615926375561,0.41235105223641,-0.41190897538000426,0.18042090743440298,0.7854534381922822,1.249544655049887,-0.10516060289726625,-0.013541725851545117,-0.02315048944812781,-0.00901788778387247,0.8600353778799864,1.3878322443704054,0.7637238819195726,-0.03872662092995116,-0.02664912120453866,0.842637586014,0.5694281241058918,-0.010101085609753646,-0.018070995088560915,0.6246771654409641,-0.3044691960605598,-0.031082933581281558,0.3221019443971363,0.8865034204006335,1.6634191185049878,0.6640930019973312,0.9397923342875181,-0.31277534125475037,-0.03333401214646792,-0.04172835001636621,-0.3846130075389462,-0.3574307058815349,-1.6509002433738975,1.3252190893244602,-0.1367447289522491,2.0690414184649804,-0.03687211083455477,-0.3585089862785841
18-0_03_21,0.39710466278623924,-0.06660910081712446,1.6010015185552566,-0.10828470766785636,-1.0264148614557027,1.5529309609786193,1.0326535132298988,0.8500559840985247,0.48517886967005186,-0.41190897538000426,0.34772233425115107,1.232475561386967,1.5464319056419127,-0.10516060289726625,-0.013541725851545117,-0.02315048944812781,-0.00901788778387247,0.9501619252581485,1.8969405512945074,0.8150820141020534,-0.03872662092995116,-0.02664912120453866,0.4817911687987041,0.4452273562085551,-0.010101085609753646,-0.018070995088560915,0.7708052011192019,-0.3044691960605598,-0.031082933581281558,0.41847212578577553,0.8330343628021016,1.3395749412532276,0.6186761011860233,0.11085039221348296,1.1021980067160677,-0.03333401214646792,-0.04172835001636621,1.466645341180129,1.791788406773845,-0.1595385495396247,0.6668528607891251,-0.1367447289522491,2.467205232595155,-0.03687211083455477,1.1383121695427794
18-0_05_20,-0.21723922368403198,-0.06660910081712446,-0.3074835003233932,0.4779810164768741,0.6811553146422336,-0.6260459863145502,-1.8429864237742695,-0.2897578733326427,0.12023912110093948,-0.41190897538000426,-0.5558332447953043,0.19782671487071068,0.5694015079733518,-0.10516060289726625,-0.013541725851545117,-0.02315048944812781,-0.00901788778387247,0.17525411401178093,0.5660696859605845,-0.14837704000589252,-0.03872662092995116,-0.02664912120453866,-0.07949027060828054,-0.03429689602920852,-0.010101085609753646,-0.018070995088560915,-0.07429283889505478,-0.3044691960605598,-0.031082933581281558,-0.8433312464764884,0.05177966572708122,-0.7185979240698804,-0.2662852668989801,0.2426615520942712,-0.31277534125475037,-0.03333401214646792,-0.04172835001636621,-0.3846130075389462,-0.3574307058815349,-1.6509002433738975,0.19685134719241043,-0.1367447289522491,0.8419375288883663,-0.03687211083455477,-0.7438598676426011
18-0_06_21,0.9064517955163571,-0.06660910081712446,-0.3074835003233932,-0.10828470766785636,-1.0264148614557027,-0.6260459863145502,0.27428487188149475,0.7944571062565462,0.028157090407266994,-0.41190897538000426,0.16206266991236173,0.2791060059740271,0.5351874074422501,2.028378305472951,-0.013541725851545117,-0.02315048944812781,-0.00901788778387247,0.0655553439602179,0.32759519396124465,0.7117713597155917,-0.03872662092995116,-0.02664912120453866,0.6917781973373788,0.5742483121205797,-0.010101085609753646,-0.018070995088560915,1.0506458977132451,-0.3044691960605598,-0.031082933581281558,0.41847212578577553,0.44927094577448634,1.1716367422364762,0.7584657469400276,-0.18710337625314938,0.6166435844595424,-0.03333401214646792,-0.04172835001636621,-0.3846130075389462,-0.3574307058815349,-0.1595385495396247,0.7332866031280549,-0.1367447289522491,0.6705413910410649,-0.03687211083455477,-0.020756183589863086
18-0_07_20,-0.6803497639608798,-0.06660910081712446,-0.3074835003233932,-0.10828470766785636,1.1228042511996772,-0.6260459863145502,-1.8429864237742695,-0.20332427087550142,-0.3464166999405579,-0.41190897538000426,-0.2636019364951643,0.43037368130467635,0.0720768671654024,-0.10516060289726625,-0.013541725851545117,-0.02315048944812781,-0.00901788778387247,-1.5729339129944195,-1.2851886627584908,0.3396021423019782,-0.03872662092995116,-0.02664912120453866,0.5246134632296681,0.2566066037123528,-0.010101085609753646,-0.018070995088560915,0.5454959193933392,-0.3044691960605598,-0.031082933581281558,0.37295464323447114,0.2880376108160691,0.723358913586531,0.16976971717004663,0.04441820959410684,-0.31277534125475037,-0.03333401214646792,-0.04172835001636621,-0.3846130075389462,1.4278991291292322,-1.6509002433738975,1.1168218694651728,-0.1367447289522491,-0.8208203027932078,-0.03687211083455477,1.3749872442627429
18-0_11_20,-0.043527666373705365,-0.06660910081712446,-0.3074835003233932,-0.10828470766785636,-1.0264148614557027,-0.6260459863145502,-0.5207671290403502,0.12191416041930103,0.17178378306200903,-0.41190897538000426,0.050688826124458686,0.41470479275366334,0.5351874074422501,-0.10516060289726625,-0.013541725851545117,-0.02315048944812781,-0.00901788778387247,0.30787967928637194,-1.2851886627584908,0.8441373287682434,-0.03872662092995116,-0.02664912120453866,1.1220614344156727,0.8552379365855074,-0.010101085609753646,-0.018070995088560915,0.9399476002195554,1.0177500986733596,-0.031082933581281558,0.979193445323147,0.9883937547110974,0.5285566908112462,0.9347625891862474,0.9397923342875181,-0.31277534125475037,-0.03333401214646792,-0.04172835001636621,-0.3846130075389462,-0.3574307058815349,-1.6509002433738975,1.2839052163399207,-0.1367447289522491,1.1614509302463607,-0.03687211083455477,-0.2807493273657534
18-1_01_21,-0.21723922368403198,-0.06660910081712446,-0.3074835003233932,-0.10828470766785636,-1.0264148614557027,0.9867378704051852,1.62698278572569,0.6818832437989282,-0.41943763728336436,-0.41190897538000426,0.4532662566385246,0.48387955456503895,-0.04602244491259211,-0.10516060289726625,-0.013541725851545117,-0.02315048944812781,-0.00901788778387247,0.13463626310351695,1.0784233171336537,0.103214981359046,-0.03872662092995116,-0.02664912120453866,0.5037298977041433,0.13788428983206497,-0.010101085609753646,-0.018070995088560915,0.42630951167413056,-0.3044691960605598,-0.031082933581281558,0.23254736402105086,0.10118452190494238,0.32279476108834465,0.03799788616272293,0.5960971569143618,-0.31277534125475037,-0.03333401214646792,0.9996643351418588,-0.3846130075389462,1.1339309879527377,1.432243899769155,0.5431088827937685,-0.1367447289522491,2.279894783779874,-0.03687211083455477,1.9300383137607677
18-1_05_20,-0.6803497639608798,-0.06660910081712446,-0.3074835003233932,-0.10828470766785636,1.254618505792025,-0.6260459863145502,-1.8429864237742695,0.7607440955259328,0.9406915669344191,0.910310319353915,0.15385428330865447,0.8372697889216136,1.1495312939125213,-0.10516060289726625,-0.013541725851545117,-0.02315048944812781,-0.00901788778387247,0.8045544703817132,0.9478074476336631,0.1533395873930588,-0.03872662092995116,-0.02664912120453866,0.4342799629197258,0.434023953819427,-0.010101085609753646,-0.018070995088560915,0.3236471697769828,1.1105041519102583,-0.031082933581281558,0.6727832702709445,0.34488917775496514,-0.7185979240698804,0.4552712317557275,0.5859022219497829,-0.31277534125475037,-0.03333401214646792,-0.04172835001636621,-0.3846130075389462,-0.3574307058815349,-1.6509002433738975,0.4353258391917502,-0.1367447289522491,1.6504714082657306,-0.03687211083455477,-2.0660791623765205
18-1_05_21,-0.6803497639608798,-0.06660910081712446,-0.3074835003233932,-0.10828470766785636,-1.0264148614557027,-0.6260459863145502,-1.8429864237742695,-2.8763451780043976,-2.2706959860024396,-0.41190897538000426,-1.9747242802900535,-2.7191533324496717,-1.250142427568517,-0.10516060289726625,-0.013541725851545117,-0.02315048944812781,-0.00901788778387247,-1.5729339129944195,-1.2851886627584908,-1.3470341269603152,-0.03872662092995116,-0.02664912120453866,-1.326644885489407,-0.9679065375854152,-0.010101085609753646,-0.018070995088560915,-0.8524440892786984,-0.3044691960605598,-0.031082933581281558,-0.8433312464764884,-1.0996126099435142,-0.7185979240698804,-1.3689476087961279,-0.9969500259323955,-0.31277534125475037,-0.03333401214646792,-0.04172835001636621,-0.3846130075389462,-0.3574307058815349,-1.6509002433738975,-1.415932509527325,-0.1367447289522491,-0.8208203027932078,-0.03687211083455477,-2.0660791623765205
18-1_06_21,1.1049800710498874,-0.06660910081712446,-0.3074835003233932,-0.10828470766785636,-1.0264148614557027,-0.6260459863145502,-1.8429864237742695,0.40605032673812813,0.0368000519107734,-0.41190897538000426,0.07770977936759005,0.731249753705695,0.8671288680872473,1.451141897870021,-0.013541725851545117,-0.02315048944812781,-0.00901788778387247,-1.5729339129944195,-1.2851886627584908,0.5248305751278797,-0.03872662092995116,-0.02664912120453866,0.6480202953152207,0.8748672386749283,-0.010101085609753646,-0.018070995088560915,1.1343276449875466,-0.3044691960605598,1.2911363611526379,-0.8433312464764884,0.6993915378806193,1.240443468251213,0.6791611042494632,-0.12987804965113015,0.9543963871482635,-0.03333401214646792,-0.04172835001636621,-0.3846130075389462,-0.3574307058815349,-1.6509002433738975,1.0626339860665184,-0.1367447289522491,-0.8208203027932078,-0.03687211083455477,0.1669169480156334
18-1_07_20,-0.6803497639608798,-0.06660910081712446,-0.3074835003233932,-0.10828470766785636,-1.0264148614557027,-0.6260459863145502,-1.8429864237742695,-2.8763451780043976,-1.0402470646241657,-0.41190897538000426,-1.4038880468080146,-1.2277916386153989,-1.250142427568517,-0.10516060289726625,-0.013541725851545117,-0.02315048944812781,-0.00901788778387247,-1.5729339129944195,-1.2851886627584908,-1.4176152012460224,-0.03872662092995116,-0.02664912120453866,-1.326644885489407,-0.8816249511198515,-0.010101085609753646,-0.018070995088560915,-0.8524440892786984,-0.3044691960605598,-0.031082933581281558,-0.8433312464764884,-1.0996126099435142,-0.7185979240698804,-1.3689476087961279,-0.9969500259323955,-0.31277534125475037,-0.03333401214646792,-0.04172835001636621,-0.3846130075389462,-0.3574307058815349,-1.6509002433738975,-1.415932509527325,-0.1367447289522491,-0.8208203027932078,-0.03687211083455477,-2.0660791623765205
18-1_11_20,0.00175231508784357,-0.06660910081712446,-0.3074835003233932,-0.10828470766785636,-1.0264148614557027,-0.6260459863145502,0.11605496854682407,-0.231906588536559,0.03033400966154165,-0.41190897538000426,0.06565435043622458,0.23315467721245375,0.16483092040230107,-0.10516060289726625,-0.013541725851545117,-0.02315048944812781,-0.00901788778387247,0.6338919630374303,-1.2851886627584908,-0.17239293429986666,-0.03872662092995116,-0.02664912120453866,0.5246134632296681,0.08207781218040139,-0.010101085609753646,-0.018070995088560915,0.5092837467388945,1.0177500986733596,-0.031082933581281558,0.5149497898463248,0.4309306633287968,-0.7185979240698804,0.35843870906492603,0.3945939085964333,-0.31277534125475037,-0.03333401214646792,-0.04172835001636621,-0.3846130075389462,-0.3574307058815349,-1.6509002433738975,0.8417460653418596,-0.1367447289522491,1.9687604093712174,-0.03687211083455477,-0.7438598676426011
18-2_01_21,-0.09408403981614927,-0.06660910081712446,-0.3074835003233932,-0.10828470766785636,-1.0264148614557027,-0.6260459863145502,0.06549859510438027,-0.0661126600093136,0.08913949633744833,-0.41190897538000426,-0.5192814655100844,0.1951898246697692,0.6011159211505583,-0.10516060289726625,-0.013541725851545117,-0.02315048944812781,-0.00901788778387247,0.6201906853600422,0.8937882845346787,0.4754608583184356,-0.03872662092995116,-0.02664912120453866,0.4817911687987041,0.6614358384722188,-0.010101085609753646,-0.018070995088560915,0.8718317803220906,-0.3044691960605598,-0.031082933581281558,0.864238929621448,0.7010709463225753,0.9889722520280559,0.49804258605225893,0.8195499051661181,-0.31277534125475037,-0.03333401214646792,-0.04172835001636621,-0.3846130075389462,-0.3574307058815349,-1.6509002433738975,1.000707997810956,-0.1367447289522491,1.183501070989435,-0.03687211083455477,-0.453295305656785
18-2_05_20,0.2784643085529286,-0.06660910081712446,-0.3074835003233932,-0.10828470766785636,1.2767811959647861,-0.6260459863145502,-1.8429864237742695,0.9076298254082737,0.720973021377509,1.2008748813397312,0.15923240374574088,0.4811498505319134,0.8326429427479332,-0.10516060289726625,-0.013541725851545117,-0.02315048944812781,-0.00901788778387247,0.24661002254744924,1.163517657146589,0.5020780392242623,-0.03872662092995116,-0.02664912120453866,1.0369670944027374,0.6697590997749374,-0.010101085609753646,-0.018070995088560915,1.1603931354264738,-0.3044691960605598,1.5448742551824757,0.6727832702709445,0.7010709463225753,1.0898381302182307,0.587815213335396,0.6253201260355131,-0.31277534125475037,-0.03333401214646792,-0.04172835001636621,-0.3846130075389462,-0.3574307058815349,-1.6509002433738975,1.2285060799405136,-0.1367447289522491,1.0599932894875836,-0.03687211083455477,-0.2807493273657534
18-2_05_21,-0.21723922368403198,-0.06660910081712446,-0.3074835003233932,-0.10828470766785636,-1.0264148614557027,-0.6260459863145502,-1.8429864237742695,0.05358438208019023,-0.5894547486268524,-0.41190897538000426,-0.4863064681357434,-0.3109133671378219,0.6011159211505583,-0.10516060289726625,-0.013541725851545117,-0.02315048944812781,-0.00901788778387247,0.08982391868715467,-1.2851886627584908,-0.1230193155874511,-0.03872662092995116,-0.02664912120453866,0.6323965068316864,-0.06901266518707981,-0.010101085609753646,-0.018070995088560915,-0.07429283889505478,-0.3044691960605598,-0.031082933581281558,-0.17715375553677706,-0.20589143425837747,-0.7185979240698804,-0.7088956704904787,-0.9969500259323955,-0.31277534125475037,-0.03333401214646792,-0.04172835001636621,0.9376062871949731,-0.3574307058815349,-1.6509002433738975,0.6668528607891251,-0.1367447289522491,0.6705413910410649,-0.03687211083455477,0.2783131113085904
18-2_06_21,0.7974603005493353,-0.06660910081712446,-0.3074835003233932,-0.10828470766785636,-1.0264148614557027,0.9867378704051852,0.6057198961308103,1.1985078178768496,0.3442012300306949,-0.41190897538000426,0.2626378322361116,0.4756384252722532,0.30616007319877037,-0.10516060289726625,-0.013541725851545117,-0.02315048944812781,-0.00901788778387247,0.6405838440018855,0.8640304498968892,0.3592568302984483,1.812531727789124,-0.02664912120453866,0.1153119521670043,0.26506166274716125,-0.010101085609753646,-0.018070995088560915,0.7810243663008881,-0.3044691960605598,-0.031082933581281558,0.37295464323447114,-0.003975566528536839,0.6676036813309131,0.4060904061633728,0.440190042792831,0.7286173439034747,-0.03333401214646792,-0.04172835001636621,-0.3846130075389462,1.3501394702164013,0.6067783314952871,0.29163766657061135,-0.1367447289522491,-0.8208203027932078,-0.03687211083455477,-0.1575941434978707
18-2_07_20,0.1466500539605809,-0.06660910081712446,-0.3074835003233932,-0.10828470766785636,0.882070157422947,1.225212362404525,0.9964916235999288,0.7109166716881368,0.383480555875521,1.0794527184542684,0.23980056501008717,0.7017920734723007,0.8143155616584015,-0.10516060289726625,-0.013541725851545117,-0.02315048944812781,-0.00901788778387247,0.08982391868715467,-1.2851886627584908,0.4046298193006715,-0.03872662092995116,-0.02664912120453866,0.3515698972559922,0.22717159560933792,-0.010101085609753646,-0.018070995088560915,-0.8524440892786984,-0.3044691960605598,-0.031082933581281558,0.160599047151944,0.14553879805617947,-0.7185979240698804,0.14515721217670452,-0.07932286316220488,-0.31277534125475037,-0.03333401214646792,-0.04172835001636621,-0.3846130075389462,-0.3574307058815349,0.5820958670182564,0.6668528607891251,-0.1367447289522491,0.5013989919407115,-0.03687211083455477,2.053869197654401
18-2_09_20,-0.6803497639608798,-0.06660910081712446,-0.3074835003233932,-0.10828470766785636,1.565761895940164,-0.6260459863145502,-1.8429864237742695,0.4377328137748151,0.12550336109329674,-0.41190897538000426,-0.2544134171261796,0.5766336078019376,-0.04602244491259211,-0.10516060289726625,-0.013541725851545117,-0.02315048944812781,-0.00901788778387247,0.11280782560784419,-1.2851886627584908,1.0211597513065096,-0.03872662092995116,-0.02664912120453866,0.5993543809667483,0.35317496639579876,-0.010101085609753646,-0.018070995088560915,-0.15347408494267958,1.0177500986733596,-0.031082933581281558,0.41847212578577553,0.2518631635335994,0.723358913586531,0.6573326667537907,0.7818169858398786,0.7286173439034747,-0.03333401214646792,-0.04172835001636621,-0.3846130075389462,1.2553531508382005,-1.6509002433738975,0.9837412119537132,-0.1367447289522491,-0.8208203027932078,-0.03687211083455477,0.5260975950193463
19-0_01_21,-0.6803497639608798,-0.06660910081712446,1.3053003563963421,-0.10828470766785636,-1.0264148614557027,0.6961733084193691,0.3900096866178844,0.2956736314201587,0.4986813400736989,-0.41190897538000426,0.23322996370960558,0.43190992090407865,0.16483092040230107,-0.10516060289726625,-0.013541725851545117,-0.02315048944812781,-0.00901788778387247,0.6600621973977344,1.6396073330394214,-0.03740395953441639,-0.03872662092995116,-0.02664912120453866,0.6917781973373788,0.14530196770700599,-0.010101085609753646,-0.018070995088560915,0.6790348277635567,-0.3044691960605598,-0.031082933581281558,0.0743174606863802,0.02080079844331989,0.5285566908112462,0.12241408503814483,0.2859096247498608,-0.31277534125475037,-0.03333401214646792,0.9996643351418588,-0.3846130075389462,1.1339309879527377,0.25758477550475234,-1.415932509527325,1.4195577718150383,-0.8208203027932078,-0.03687211083455477,1.268575604506721
19-0_05_20,0.44613726121028097,-0.06660910081712446,-0.3074835003233932,-0.10828470766785636,1.4065544294187031,0.6961733084193691,-0.05765658876350244,0.34271515444446354,0.1886965017567912,0.910310319353915,-0.272989070286769,0.010011457243098487,0.5694015079733518,-0.10516060289726625,-0.013541725851545117,-0.02315048944812781,-0.00901788778387247,-0.20186605072268315,0.623296356120159,-0.44394413996837156,-0.03872662092995116,-0.02664912120453866,-1.326644885489407,-0.4705818967774659,-0.010101085609753646,-0.018070995088560915,0.05064589771324517,0.899650786595365,-0.031082933581281558,-0.8433312464764884,-0.1670893501974255,-0.7185979240698804,-0.47105881548999207,0.14060752820213834,-0.31277534125475037,-0.03333401214646792,-0.04172835001636621,-0.3846130075389462,-0.3574307058815349,-1.6509002433738975,-1.415932509527325,-0.1367447289522491,1.3581566444999615,1.3944916533244327,0.46667521661597733
19-0_07_20,-0.6803497639608798,-0.06660910081712446,-0.3074835003233932,-0.10828470766785636,0.46494683237856993,-0.6260459863145502,0.649773965252568,0.5987446253846089,0.3225900810180178,-0.41190897538000426,0.2063557193457899,0.6483889410709052,-1.250142427568517,-0.10516060289726625,-0.013541725851545117,-0.02315048944812781,-0.00901788778387247,0.49152407623249894,-1.2851886627584908,0.2839019921038763,-0.03872662092995116,-0.02664912120453866,0.20907108449610257,-0.19778314021373888,-0.010101085609753646,-0.018070995088560915,-0.8524440892786984,-0.3044691960605598,-0.031082933581281558,-0.8433312464764884,-0.45471789179406497,-0.7185979240698804,-0.07732508165397789,0.006956697599660797,0.6166435844595424,-0.03333401214646792,-0.04172835001636621,-0.3846130075389462,-0.3574307058815349,0.6733822119237952,0.4353258391917502,-0.1367447289522491,-0.8208203027932078,-0.03687211083455477,1.7143101660944322
19-0_09_20,-0.6803497639608798,-0.06660910081712446,-0.3074835003233932,-0.10828470766785636,-1.0264148614557027,-0.6260459863145502,-1.8429864237742695,-0.7271260653490177,-1.5717259816664209,-0.41190897538000426,-1.2962392705647827,-1.5150333497937467,-1.250142427568517,-0.10516060289726625,-0.013541725851545117,-0.02315048944812781,-0.00901788778387247,-1.5729339129944195,-1.2851886627584908,-1.0569995155977971,-0.03872662092995116,-0.02664912120453866,-0.2852522003311821,-1.1074039943646403,-0.010101085609753646,-0.018070995088560915,-0.8524440892786984,-0.3044691960605598,-0.031082933581281558,-0.8433312464764884,-1.0996126099435142,-0.7185979240698804,-1.3689476087961279,-0.9969500259323955,-0.31277534125475037,-0.03333401214646792,-0.04172835001636621,-0.3846130075389462,-0.3574307058815349,-1.6509002433738975,-1.415932509527325,-0.1367447289522491,-0.8208203027932078,-0.03687211083455477,-0.5747174685422478
19-0_11_20,-0.6803497639608798,-0.06660910081712446,-0.3074835003233932,-0.10828470766785636,-1.0264148614557027,-0.6260459863145502,-1.8429864237742695,0.2478328774702776,0.4874586359649504,-0.41190897538000426,0.036520581135192076,0.3285108621518884,0.9429821707859447,-0.10516060289726625,-0.013541725851545117,-0.02315048944812781,-0.00901788778387247,0.5098514573220306,0.7975967075579593,-0.1204342217529577,-0.03872662092995116,-0.02664912120453866,0.20907108449610257,0.44245348379011545,-0.010101085609753646,-0.018070995088560915,0.578919674880289,-0.3044691960605598,-0.031082933581281558,0.3963094356130142,0.22762168834441365,-0.7185979240698804,0.16976971717004663,0.14060752820213834,-0.31277534125475037,-0.03333401214646792,-0.04172835001636621,-0.3846130075389462,-0.3574307058815349,-0.03811638665416195,-1.415932509527325,-0.1367447289522491,1.513633448357723,-0.03687211083455477,0.6423417377581924
19-1_01_21,-0.6803497639608798,1.255610193916795,1.0147357944105262,-0.10828470766785636,-1.0264148614557027,1.2824390325640995,0.008271924944805775,0.9040441504665551,0.34944006897131796,-0.41190897538000426,0.41883714219665813,0.5025216646210973,0.6583425913101328,-0.10516060289726625,-0.013541725851545117,-0.02315048944812781,-0.00901788778387247,1.3683289963245304,1.163517657146589,0.15058652282097257,-0.03872662092995116,-0.02664912120453866,0.45868494952135985,0.33097052040754954,-0.010101085609753646,-0.018070995088560915,0.791008587207489,1.5150747394813089,-0.031082933581281558,0.806357560488255,0.22762168834441365,0.6676036813309131,0.24635098848729942,0.16845580310863667,0.7286173439034747,-0.03333401214646792,-0.04172835001636621,-0.3846130075389462,-0.3574307058815349,0.6301331238738302,-1.415932509527325,-0.1367447289522491,1.4714357685632682,-0.03687211083455477,0.5783594270913182
19-1_03_21,0.5896076987010679,-0.06660910081712446,1.4000866757745432,-0.10828470766785636,1.5188922550101214,0.9867378704051852,0.5390306188005989,0.8978797268645216,0.7459195615547376,1.7670679719131652,0.391341569089253,0.32460179451900806,1.6694585962155941,-0.10516060289726625,-0.013541725851545117,-0.02315048944812781,-0.00901788778387247,0.8180011941089597,0.5660696859605845,0.7635555833389338,-0.03872662092995116,-0.02664912120453866,1.1567046373252294,0.9020984069466738,1.6026827711099818,-0.018070995088560915,1.0769748364355944,1.8128020995952046,-0.031082933581281558,1.0296192254847274,0.865210210699286,1.3134833435415598,0.878324050818736,1.25629101075561,0.8913446414011744,-0.03333401214646792,-0.04172835001636621,1.6981723627775038,-0.3574307058815349,0.7820690475005084,1.103895484248394,-0.1367447289522491,0.38329967986271696,-0.03687211083455477,-0.10703777005542692
19-1_05_20,0.6972686671724467,-0.06660910081712446,-0.3074835003233932,0.7187151102536042,1.68200603867901,1.225212362404525,0.008271924944805775,1.115810533038219,0.7877300384545656,1.295661200717932,0.6118924766614893,0.6165051198396301,0.850228117549046,-0.10516060289726625,-0.013541725851545117,-0.02315048944812781,-0.00901788778387247,0.2783244357246558,0.2061730310757819,-0.039538089047102265,-0.03872662092995116,-0.02664912120453866,0.9063512249027467,0.2037074191155217,-0.010101085609753646,-0.018070995088560915,0.5454959193933392,1.4808606389502073,-0.031082933581281558,0.5938425639591299,0.505350606599544,-0.7185979240698804,0.3901804042740854,0.542546119720468,-0.31277534125475037,-0.03333401214646792,-0.04172835001636621,-0.3846130075389462,-0.3574307058815349,0.5280767039192721,0.6668528607891251,-0.1367447289522491,1.533288136354193,1.077071241472282,1.3540416857091824
19-1_05_21,1.076973948708107,2.1663870095750295,-0.3074835003233932,0.6148189763848818,-1.0264148614557027,0.6961733084193691,0.520625556117875,0.9843520960476413,0.711122621168224,-0.41190897538000426,0.4976798561874449,0.7463782245238784,0.7321288054710515,-0.10516060289726625,-0.013541725851545117,-0.02315048944812781,-0.00901788778387247,1.213107297248135,1.47898746963184,0.9739425503825085,-0.03872662092995116,-0.02664912120453866,1.2836603168272158,0.5560684902376234,-0.010101085609753646,-0.018070995088560915,1.2374610221606994,-0.3044691960605598,-0.031082933581281558,0.37295464323447114,1.0849403341121002,1.5699493759694714,0.9383446306704062,0.9114901858753722,1.009443953479169,-0.03333401214646792,-0.04172835001636621,1.466645341180129,-0.3574307058815349,0.5559256326579524,1.7273946204647213,1.0673752537036756,1.3581566444999615,-0.03687211083455477,-0.2807493273657534
19-1_06_21,0.44613726121028097,-0.06660910081712446,-0.3074835003233932,-0.10828470766785636,-1.0264148614557027,-0.6260459863145502,0.4380469434734582,0.9999304106734814,0.5547301317653834,-0.41190897538000426,0.47712642731484745,0.822550690834617,1.1318746150063514,-0.10516060289726625,-0.013541725851545117,-0.02315048944812781,-0.00901788778387247,-0.3057621845914056,0.7975967075579593,0.6594319152889165,-0.03872662092995116,-0.02664912120453866,0.8327217561442958,0.813098794144985,-0.010101085609753646,-0.018070995088560915,0.7273395073381118,1.186892497773713,-0.031082933581281558,0.7184204409854689,1.0465910802043696,1.5699493759694714,1.2059651398520472,0.542546119720468,0.6166435844595424,-0.03333401214646792,-0.04172835001636621,-0.3846130075389462,-0.3574307058815349,1.1758222767950945,1.529043398884723,1.18547456578167,-0.8208203027932078,-0.03687211083455477,0.016706207939929607
19-1_07_20,0.6704518484340972,-0.06660910081712446,-0.3074835003233932,-0.10828470766785636,-1.0264148614557027,1.081524189783386,0.5566872977067687,0.9254699905770396,0.2451778577092396,1.0794527184542684,0.4492588776771915,0.5842587381470705,1.0741400277291757,-0.10516060289726625,-0.013541725851545117,-0.02315048944812781,-0.00901788778387247,0.7615198381565115,1.018007394661998,0.5219040513725961,-0.03872662092995116,-0.02664912120453866,0.3809252906085292,0.12651467501894642,-0.010101085609753646,-0.018070995088560915,0.05064589771324517,-0.3044691960605598,-0.031082933581281558,0.0743174606863802,0.2611931567640074,-0.7185979240698804,0.12241408503814483,0.2426615520942712,0.46537590912889326,-0.03333401214646792,-0.04172835001636621,-0.3846130075389462,-0.3574307058815349,0.43188512694255266,0.369397325483442,-0.1367447289522491,-0.8208203027932078,-0.03687211083455477,0.46667521661597733
19-1_09_20,-0.6803497639608798,-0.06660910081712446,-0.3074835003233932,-0.10828470766785636,0.6811553146422336,-0.6260459863145502,-1.8429864237742695,-0.6308325101902477,-0.872755977330402,-0.41190897538000426,-1.0970936667237918,-0.8678949837305963,-1.250142427568517,-0.10516060289726625,-0.013541725851545117,-0.02315048944812781,-0.00901788778387247,-1.5729339129944195,-1.2851886627584908,-0.9759662646885789,-0.03872662092995116,-0.02664912120453866,-1.326644885489407,-0.9446766968669404,-0.010101085609753646,-0.018070995088560915,-0.8524440892786984,-0.3044691960605598,-0.031082933581281558,-0.8433312464764884,-0.8611381179441743,-0.7185979240698804,-0.9835967274321108,-0.42557226939089954,-0.31277534125475037,-0.03333401214646792,-0.04172835001636621,-0.3846130075389462,-0.3574307058815349,-1.6509002433738975,-1.415932509527325,-0.1367447289522491,-0.8208203027932078,-0.03687211083455477,0.016706207939929607
19-1_11_20,0.414071448643482,-0.06660910081712446,-0.3074835003233932,-0.10828470766785636,-1.0264148614557027,-0.6260459863145502,-0.35162472993999677,0.9101222987358848,0.635639055802651,-0.41190897538000426,0.3809408255648401,0.36578024248704444,1.2426179614583206,-0.10516060289726625,-0.013541725851545117,-0.02315048944812781,-0.00901788778387247,1.1159306550603723,0.7601343160281666,0.40616578723910085,-0.03872662092995116,-0.02664912120453866,1.1470853186794767,0.7690587853120365,-0.010101085609753646,-0.018070995088560915,1.565857202041047,1.6778020369790085,-0.031082933581281558,1.3223716087845045,1.0272549770461272,1.2711484415645664,0.8086575923095325,1.055380885017741,0.7286173439034747,-0.03333401214646792,-0.04172835001636621,-0.3846130075389462,-0.3574307058815349,-0.03811638665416195,1.2083495863083433,-0.1367447289522491,1.612148988081198,-0.03687211083455477,0.7733988849976778
19-2_03_21,-0.21723922368403198,-0.06660910081712446,1.4000866757745432,-0.10828470766785636,-1.0264148614557027,1.2824390325640995,0.11605496854682407,-0.04639848206276165,0.47593821293513927,-0.41190897538000426,0.728188717954654,0.6566931038594845,0.8671288680872473,-0.10516060289726625,-0.013541725851545117,-0.02315048944812781,-0.00901788778387247,0.5443373826613448,1.5846295452208374,0.11909174345788415,-0.03872662092995116,-0.02664912120453866,0.544538722839091,0.45614900004258535,-0.010101085609753646,-0.018070995088560915,0.6790348277635567,-0.3044691960605598,-0.031082933581281558,0.6605831848311107,0.3410661382622058,0.7727637697643923,0.4112668021512892,0.26482372193534554,0.6166435844595424,-0.03333401214646792,0.9996643351418588,1.1067486862953264,1.2553531508382005,1.2417507905034029,0.7332866031280549,-0.1367447289522491,1.2619650675232421,-0.03687211083455477,1.104475896144688
19-2_05_20,-0.6803497639608798,-0.06660910081712446,-0.3074835003233932,-0.10828470766785636,-1.0264148614557027,-0.6260459863145502,-1.8429864237742695,-2.8763451780043976,-1.0402470646241657,-0.41190897538000426,-1.1482085177930947,-1.6777606472914464,-1.250142427568517,-0.10516060289726625,-0.013541725851545117,-0.02315048944812781,-0.00901788778387247,-1.5729339129944195,-1.2851886627584908,-1.2863362866067034,-0.03872662092995116,-0.02664912120453866,-1.326644885489407,-1.1787599029003084,-0.010101085609753646,-0.018070995088560915,-0.8524440892786984,-0.3044691960605598,-0.031082933581281558,-0.8433312464764884,-1.0996126099435142,-0.7185979240698804,-1.3689476087961279,-0.9969500259323955,-0.31277534125475037,-0.03333401214646792,-0.04172835001636621,-0.3846130075389462,-0.3574307058815349,-1.6509002433738975,-1.415932509527325,-0.1367447289522491,-0.8208203027932078,-0.03687211083455477,-0.7438598676426011
19-2_05_21,-0.6803497639608798,-0.06660910081712446,-0.3074835003233932,-0.10828470766785636,-1.0264148614557027,-0.6260459863145502,-1.8429864237742695,-0.8310221992177402,-0.9696659903384584,-0.41190897538000426,-0.9171019819590808,-0.9338234974389045,0.36264142915121855,-0.10516060289726625,-0.013541725851545117,-0.02315048944812781,-0.00901788778387247,-0.20186605072268315,0.32759519396124465,-0.809215031887041,-0.03872662092995116,-0.02664912120453866,-1.326644885489407,-0.9226265561238662,-0.010101085609753646,-0.018070995088560915,-0.15347408494267958,-0.3044691960605598,-0.031082933581281558,-0.8433312464764884,-1.0996126099435142,-0.7185979240698804,-1.3689476087961279,-0.9969500259323955,-0.31277534125475037,-0.03333401214646792,-0.04172835001636621,1.2281708491807892,-0.3574307058815349,0.20035810534517784,-1.415932509527325,-0.1367447289522491,-0.8208203027932078,-0.03687211083455477,-0.5747174685422478
19-2_06_21,-0.21723922368403198,-0.06660910081712446,-0.3074835003233932,-0.10828470766785636,-1.0264148614557027,0.9867378704051852,0.7263874858407764,0.2638485005742335,-0.5072679924395024,-0.41190897538000426,-0.11427651826697738,0.3381323119685431,-0.04602244491259211,-0.10516060289726625,-0.013541725851545117,-0.02315048944812781,-0.00901788778387247,-0.36881393033849463,-1.2851886627584908,-0.2678528809126903,-0.03872662092995116,-0.02664912120453866,-0.17029768462948308,-0.2632470045168608,-0.010101085609753646,-0.018070995088560915,-0.8524440892786984,-0.3044691960605598,-0.031082933581281558,-0.8433312464764884,-0.2794271757888438,0.32279476108834465,-0.2914931820490089,-0.5469915815484784,-0.31277534125475037,-0.03333401214646792,-0.04172835001636621,1.32295716855899,1.1339309879527377,0.39442273541275996,-1.415932509527325,-0.1367447289522491,-0.8208203027932078,-0.03687211083455477,2.03086559280042
19-2_07_20,-0.21723922368403198,-0.06660910081712446,-0.3074835003233932,-0.10828470766785636,-1.0264148614557027,-0.6260459863145502,-1.8429864237742695,-2.8763451780043976,0.3158913186693153,-0.41190897538000426,-0.986011274407014,0.44251407998806447,0.36264142915121855,-0.10516060289726625,-0.013541725851545117,-0.02315048944812781,-0.00901788778387247,0.17525411401178093,-1.2851886627584908,0.2699662141605838,-0.03872662092995116,-0.02664912120453866,0.4342799629197258,0.6401961152891482,-0.010101085609753646,-0.018070995088560915,0.8377519907498152,-0.3044691960605598,-0.031082933581281558,0.4395585236629793,0.2966292754236607,1.3520555265982797,0.3810829940834676,0.8255318769575855,-0.31277534125475037,-0.03333401214646792,-0.04172835001636621,-0.3846130075389462,-0.3574307058815349,-1.6509002433738975,0.7332866031280549,-0.1367447289522491,1.6430726861926996,-0.03687211083455477,-2.0660791623765205
19-2_09_20,-0.6803497639608798,-0.06660910081712446,-0.3074835003233932,-0.10828470766785636,1.2312637134134818,-0.6260459863145502,-1.8429864237742695,0.26227325589509487,-0.19881397869631434,-0.41190897538000426,0.25426428591455763,0.4528654769748848,-1.250142427568517,-0.10516060289726625,-0.013541725851545117,-0.02315048944812781,-0.00901788778387247,-0.08157221916014673,-1.2851886627584908,0.15879390689452105,-0.03872662092995116,-0.02664912120453866,0.24931230327435006,-0.2403116606442155,-0.010101085609753646,-0.018070995088560915,-0.07429283889505478,-0.3044691960605598,-0.031082933581281558,0.160599047151944,-0.23382997106940623,-0.7185979240698804,-0.15841252453754942,-0.5469915815484784,-0.31277534125475037,-0.03333401214646792,-0.04172835001636621,-0.3846130075389462,-0.3574307058815349,0.20035810534517784,0.7013387861284393,-0.1367447289522491,-0.8208203027932078,-0.03687211083455477,0.6750724364752647
19-2_11_20,-0.6803497639608798,-0.06660910081712446,-0.3074835003233932,-0.10828470766785636,0.7589149735550642,-0.6260459863145502,-0.230202567054534,-0.3766580953859937,0.23984902420417242,-0.41190897538000426,-0.13383686197474343,0.7544795944241696,0.0720768671654024,-0.10516060289726625,-0.013541725851545117,-0.02315048944812781,-0.00901788778387247,0.37400935770340604,-1.2851886627584908,0.9534526610257139,-0.03872662092995116,-0.02664912120453866,0.6323965068316864,0.4205772300921807,-0.010101085609753646,-0.018070995088560915,0.4697752054552209,-0.3044691960605598,-0.031082933581281558,0.1195974421479292,0.23257944174879835,1.3759896530191447,0.3199804572457503,0.4543836029841267,0.6166435844595424,-0.03333401214646792,-0.04172835001636621,-0.3846130075389462,-0.3574307058815349,-1.6509002433738975,0.9476794703648195,-0.1367447289522491,-0.8208203027932078,-0.03687211083455477,0.4124873332173229
20-0_01_21,0.11470223696096529,-0.06660910081712446,-0.3074835003233932,-0.10828470766785636,-1.0264148614557027,1.4567393840018998,0.6897679552182283,0.7701565720272145,1.0568672741848384,-0.41190897538000426,0.7286391328236463,0.9693554752068498,0.9699656604715383,1.0989593797586585,-0.013541725851545117,-0.02315048944812781,-0.00901788778387247,0.7665175283120212,1.147780628115915,0.02403373531142111,-0.03872662092995116,-0.02664912120453866,0.744008565178753,0.5385836270670408,-0.010101085609753646,-0.018070995088560915,0.29368394639953965,-0.3044691960605598,-0.031082933581281558,0.7789769937549347,0.2923546889277515,0.7727637697643923,0.5199536377280022,-0.12987804965113015,-0.31277534125475037,-0.03333401214646792,-0.04172835001636621,-0.3846130075389462,-0.3574307058815349,0.5820958670182564,0.7908933665045248,-0.1367447289522491,1.5520917001768986,-0.03687211083455477,1.3440229142663402
20-0_03_21,0.08021631162165108,-0.06660910081712446,1.5437748483956821,-0.10828470766785636,-1.0264148614557027,1.4567393840018998,0.8902108413323,0.7557069887014123,0.684510551539502,-0.41190897538000426,0.30128011834444757,0.5896244412150498,0.8671288680872473,1.3098127450735517,-0.013541725851545117,-0.02315048944812781,-0.00901788778387247,0.6060430342987501,1.815526423814591,0.1734494057804768,-0.03872662092995116,-0.02664912120453866,0.20907108449610257,0.34859375849480073,-0.010101085609753646,-0.018070995088560915,0.6389176045555743,1.0177500986733596,-0.031082933581281558,0.4395585236629793,0.2966292754236607,0.8171180459156293,0.4823107399229474,0.3436428565446938,0.6166435844595424,-0.03333401214646792,-0.04172835001636621,-0.3846130075389462,-0.3574307058815349,0.4663710522818668,0.369397325483442,-0.1367447289522491,2.093522854326233,-0.03687211083455477,0.8265718715007799
20-0_05_20,0.37944798388006945,-0.06660910081712446,-0.3074835003233932,-0.10828470766785636,-1.0264148614557027,-0.6260459863145502,1.1117383672047936,0.9150647376627625,0.17490821727115802,-0.41190897538000426,0.37630465191220863,0.6073873360668902,-1.250142427568517,-0.10516060289726625,-0.013541725851545117,-0.02315048944812781,-0.00901788778387247,0.6907021555936889,-1.2851886627584908,0.06960638037796585,-0.03872662092995116,-0.02664912120453866,0.16471680834486552,-0.18579633105472385,-0.010101085609753646,-0.018070995088560915,0.4028284158246077,-0.3044691960605598,-0.031082933581281558,-0.8433312464764884,-0.23382997106940623,-0.7185979240698804,0.00867082233719857,-0.18710337625314938,-0.31277534125475037,-0.03333401214646792,-0.04172835001636621,-0.3846130075389462,-0.3574307058815349,1.194817774592761,-1.415932509527325,-0.1367447289522491,-0.8208203027932078,-0.03687211083455477,1.8744871241135699
20-0_05_21,-0.09408403981614927,-0.06660910081712446,-0.3074835003233932,-0.10828470766785636,-1.0264148614557027,1.2824390325640995,0.11605496854682407,0.9843520960476413,0.27830727602334826,-0.41190897538000426,0.5385979295598962,0.4410149605088407,0.8326429427479332,-0.10516060289726625,-0.013541725851545117,-0.02315048944812781,-0.00901788778387247,0.7513485423032732,0.8937882845346787,0.06960638037796585,-0.03872662092995116,-0.02664912120453866,-0.004425590755487874,0.03257044706648937,-0.010101085609753646,-0.018070995088560915,0.4028284158246077,-0.3044691960605598,-0.031082933581281558,0.160599047151944,-0.14302255704820369,0.8171180459156293,0.09487430671250707,0.14060752820213834,-0.31277534125475037,-0.03333401214646792,-0.04172835001636621,-0.3846130075389462,-0.3574307058815349,0.25758477550475234,0.19685134719241043,-0.1367447289522491,2.208969168038648,-0.03687211083455477,0.42668122665031705
20-0_06_21,0.6795760176790329,-0.06660910081712446,-0.3074835003233932,-0.10828470766785636,-1.0264148614557027,0.9867378704051852,0.6209065652116379,1.0544001503067157,0.11669384033628982,-0.41190897538000426,0.38760618689977044,0.24036504452332674,0.16483092040230107,1.451141897870021,-0.013541725851545117,-0.02315048944812781,-0.00901788778387247,-0.04788910595757423,0.32759519396124465,-0.04600413129633396,-0.03872662092995116,-0.02664912120453866,0.1153119521670043,-0.3131061080304397,-0.010101085609753646,-0.018070995088560915,0.1889485958795267,-0.3044691960605598,-0.031082933581281558,0.0743174606863802,-0.15488926475759165,0.32279476108834465,-0.0045306342677537415,0.4943766539780238,0.7286173439034747,-0.03333401214646792,-0.04172835001636621,-0.3846130075389462,1.2553531508382005,0.6934920303112134,0.6293904692593324,-0.1367447289522491,1.7426607826012028,1.3944916533244327,0.2149542048712072
20-0_07_20,0.32171339660289366,-0.06660910081712446,1.0147357944105262,1.0333889865841317,2.070842448237717,0.8653157075197224,0.9211897086160612,0.7187099117549063,0.4600862896639497,0.910310319353915,0.44633669761071393,0.9580885134969825,-0.04602244491259211,-0.10516060289726625,-0.013541725851545117,-0.02315048944812781,-0.00901788778387247,0.8223924800749315,-1.2851886627584908,0.7649001493723664,-0.03872662092995116,-0.02664912120453866,0.744008565178753,0.32976981607097816,-0.010101085609753646,-0.018070995088560915,-0.07429283889505478,-0.3044691960605598,-0.031082933581281558,0.5938425639591299,0.27927254071669894,-0.7185979240698804,0.4823107399229474,-0.2530303421035715,0.8175584272402557,-0.03333401214646792,-0.04172835001636621,-0.3846130075389462,1.1339309879527377,1.0032762985040633,1.0626339860665184,-0.1367447289522491,-0.8208203027932078,-0.03687211083455477,1.6023999405560652
20-0_11_20,0.2551095161743855,-0.06660910081712446,-0.3074835003233932,-0.10828470766785636,-1.0264148614557027,0.9867378704051852,0.9705945647939225,0.7622439052883192,0.3556443813726027,-0.41190897538000426,0.6143593647592354,0.7552086435829592,1.2951646888973072,1.5575972287843078,-0.013541725851545117,-0.02315048944812781,-0.00901788778387247,0.15541986902680904,1.4936858092442489,0.6433047278272863,-0.03872662092995116,-0.02664912120453866,1.2308623164162507,0.9160355402157085,-0.010101085609753646,-0.018070995088560915,1.2479264558388645,-0.3044691960605598,-0.031082933581281558,0.6080364573921241,0.9428380403710447,1.5227825100777315,0.8712449294196802,1.2650162522184365,-0.31277534125475037,1.4580276816878048,-0.04172835001636621,-0.3846130075389462,-0.3574307058815349,0.30814114894719613,1.4172146023854602,-0.1367447289522491,2.0123268091195774,-0.03687211083455477,-0.2807493273657534
20-1_01_21,-0.6803497639608798,-0.06660910081712446,-0.3074835003233932,-0.10828470766785636,-1.0264148614557027,1.1592838486962167,0.6209065652116379,1.3436582481525376,0.15090794086739145,-0.41190897538000426,0.3409603740187852,0.25212251628843374,1.3530019450516655,-0.10516060289726625,-0.013541725851545117,-0.02315048944812781,-0.00901788778387247,0.03984994372531603,-1.2851886627584908,-0.22646019575446527,-0.03872662092995116,-0.02664912120453866,-0.004425590755487874,0.09876745399483183,-0.010101085609753646,-0.018070995088560915,0.4028284158246077,-0.3044691960605598,-0.031082933581281558,-0.09939409662394635,0.19123604942098815,0.5285566908112462,0.09487430671250707,0.11085039221348296,-0.31277534125475037,-0.03333401214646792,-0.04172835001636621,-0.3846130075389462,-0.3574307058815349,-0.3286809486399781,0.4925525093513247,-0.1367447289522491,0.9645095322175592,-0.03687211083455477,-0.2148208136574452
20-1_03_21,-0.21723922368403198,-0.06660910081712446,-0.3074835003233932,-0.10828470766785636,-1.0264148614557027,1.4567393840018998,0.8300344833546267,0.7817616575019954,0.35255330439546095,-0.41190897538000426,0.5750939559204664,0.6832800137696406,1.0308909396792107,-0.10516060289726625,-0.013541725851545117,-0.02315048944812781,-0.00901788778387247,0.2123959220163476,1.5079029374180895,0.5497675707046066,-0.03872662092995116,-0.02664912120453866,0.4342799629197258,0.6027390238664074,-0.010101085609753646,-0.018070995088560915,0.7810243663008881,-0.3044691960605598,-0.031082933581281558,-0.03346558291563814,0.4754061720551698,0.43774927679004366,0.5331071107642106,0.4943766539780238,-0.31277534125475037,-0.03333401214646792,-0.04172835001636621,-0.3846130075389462,1.3501394702164013,0.712711736518247,0.7630444377658445,-0.1367447289522491,1.6430726861926996,-0.03687211083455477,-0.7438598676426011
20-1_05_20,0.8305780532179863,-0.06660910081712446,1.0147357944105262,-0.10828470766785636,-1.0264148614557027,-0.6260459863145502,-0.1354162476763331,0.3991965103969122,0.23036327621531183,-0.41190897538000426,0.169629827062177,-0.0065036308224601935,0.5694015079733518,0.9362320822609588,-0.013541725851545117,-0.02315048944812781,-0.00901788778387247,0.7513485423032732,-1.2851886627584908,-0.07519252042381613,-0.03872662092995116,-0.02664912120453866,0.20907108449610257,0.17030937978691113,-0.010101085609753646,-0.018070995088560915,0.5092837467388945,1.0177500986733596,-0.031082933581281558,0.5319165757035677,0.08069513351333062,-0.7185979240698804,0.12241408503814483,0.42551688068686605,0.6166435844595424,-0.03333401214646792,-0.04172835001636621,-0.3846130075389462,-0.3574307058815349,0.25758477550475234,-0.09371321479340572,-0.1367447289522491,-0.8208203027932078,-0.03687211083455477,1.2920461229001283
20-1_05_21,-0.15131070997572366,-0.06660910081712446,-0.3074835003233932,-0.10828470766785636,-1.0264148614557027,1.2824390325640995,0.2397989465421806,0.6860666549453298,0.005765818170804682,-0.41190897538000426,0.554414360818962,0.8275126926205127,0.49804559943768345,-0.10516060289726625,-0.013541725851545117,-0.02315048944812781,-0.00901788778387247,0.30787967928637194,-1.2851886627584908,0.38576157132901395,-0.03872662092995116,-0.02664912120453866,0.8618148508088835,-0.29753833080379,-0.010101085609753646,-0.018070995088560915,-0.15347408494267958,-0.3044691960605598,-0.031082933581281558,-0.8433312464764884,0.19123604942098815,-0.7185979240698804,-0.08264086995285302,0.2859096247498608,-0.31277534125475037,-0.03333401214646792,0.9996643351418588,0.9376062871949731,-0.3574307058815349,1.0659374799256272,0.7908933665045248,-0.1367447289522491,-0.8208203027932078,-0.03687211083455477,-0.2148208136574452
20-1_09_20,0.44613726121028097,-0.06660910081712446,-0.3074835003233932,-0.10828470766785636,0.7589149735550642,-0.6260459863145502,0.3638394522575803,0.5200285495321091,0.7306049470179783,-0.41190897538000426,0.22827156340267574,0.5278373667918783,0.899076685086863,-0.10516060289726625,-0.013541725851545117,-0.02315048944812781,-0.00901788778387247,0.6338919630374303,0.42238151333944557,-0.04709122693754808,-0.03872662092995116,-0.02664912120453866,0.20907108449610257,0.31385084121082235,-0.010101085609753646,-0.018070995088560915,0.3236471697769828,-0.3044691960605598,-0.031082933581281558,0.41847212578577553,0.25655321431809314,0.894185932649855,0.3005021038499013,-0.18710337625314938,-0.31277534125475037,-0.03333401214646792,-0.04172835001636621,-0.3846130075389462,1.2553531508382005,0.30814114894719613,0.5431088827937685,-0.1367447289522491,2.093522854326233,-0.03687211083455477,-0.10703777005542692
20-1_11_20,0.2551095161743855,-0.06660910081712446,-0.3074835003233932,-0.10828470766785636,-1.0264148614557027,0.8653157075197224,0.6209065652116379,0.4750645739210415,0.5961818283350593,-0.41190897538000426,0.12861369006320977,0.6657374640808829,1.1907666544967008,1.7756529893835251,-0.013541725851545117,-0.02315048944812781,-0.00901788778387247,0.37400935770340604,1.644740897326097,0.1621683953707878,-0.03872662092995116,-0.02664912120453866,0.45868494952135985,0.9331503997920092,-0.010101085609753646,-0.018070995088560915,0.9257071611049452,1.186892497773713,-0.031082933581281558,-0.8433312464764884,0.4371305470910982,0.894185932649855,0.5356906667586764,0.8010931211561445,-0.31277534125475037,-0.03333401214646792,-0.04172835001636621,-0.3846130075389462,1.1339309879527377,-1.6509002433738975,0.9284597641577859,-0.1367447289522491,1.8702611893297605,-0.03687211083455477,-2.0660791623765205
20-2_01_21,-0.6803497639608798,-0.06660910081712446,-0.3074835003233932,-0.10828470766785636,-1.0264148614557027,-0.6260459863145502,-1.8429864237742695,-1.6722251953484728,-1.367605999010496,-0.41190897538000426,-1.9113653738526704,-2.7191533324496717,-1.250142427568517,-0.10516060289726625,-0.013541725851545117,-0.02315048944812781,-0.00901788778387247,-1.5729339129944195,-1.2851886627584908,-1.2863362866067034,-0.03872662092995116,-0.02664912120453866,-1.326644885489407,-1.0461343376257175,-0.010101085609753646,-0.018070995088560915,-0.8524440892786984,-0.3044691960605598,-0.031082933581281558,-0.8433312464764884,-1.0996126099435142,-0.7185979240698804,-1.3689476087961279,-0.9969500259323955,-0.31277534125475037,-0.03333401214646792,-0.04172835001636621,-0.3846130075389462,-0.3574307058815349,-1.6509002433738975,-1.415932509527325,-0.1367447289522491,-0.8208203027932078,-0.03687211083455477,-2.0660791623765205
20-2_05_20,0.08021631162165108,-0.06660910081712446,-0.3074835003233932,-0.10828470766785636,-1.0264148614557027,-0.6260459863145502,1.049664610103031,0.7869787556238146,0.17490821727115802,-0.41190897538000426,0.11514385732998766,0.5917522969264699,0.4126154041130572,-0.10516060289726625,-0.013541725851545117,-0.02315048944812781,-0.00901788778387247,0.5839179880755917,-1.2851886627584908,0.3409404930742405,-0.03872662092995116,-0.02664912120453866,0.3809252906085292,-0.05130799290234045,-0.010101085609753646,-0.018070995088560915,0.2267371567689265,1.1105041519102583,-0.031082933581281558,0.37295464323447114,-0.24850347767734232,-0.7185979240698804,-0.036990361652086634,-0.33078817538899924,0.46537590912889326,-0.03333401214646792,-0.04172835001636621,-0.3846130075389462,-0.3574307058815349,0.8944068730919267,0.07542918430694767,1.0673752537036756,0.5013989919407115,-0.03687211083455477,1.902450481998319
20-2_06_21,-0.6803497639608798,-0.06660910081712446,-0.3074835003233932,-0.10828470766785636,-1.0264148614557027,1.1592838486962167,1.294051031015243,0.7069669739786804,-0.25366264670365934,-0.41190897538000426,0.5388070735612589,0.059721139553068125,0.7951805512181405,-0.10516060289726625,-0.013541725851545117,-0.02315048944812781,-0.00901788778387247,0.6965790312234968,0.6738527295626027,0.5346357807117463,-0.03872662092995116,-0.02664912120453866,0.4342799629197258,0.06692898503470238,-0.010101085609753646,-0.018070995088560915,-0.07429283889505478,-0.3044691960605598,-0.031082933581281558,0.3963094356130142,0.17465791138770742,-0.7185979240698804,0.28010894520805807,0.14060752820213834,0.7286173439034747,-0.03333401214646792,-0.04172835001636621,-0.3846130075389462,-0.3574307058815349,1.0489374824933484,0.8417460653418596,-0.1367447289522491,1.8833302140465915,-0.03687211083455477,0.297532817515624
20-2_07_20,-0.6803497639608798,-0.06660910081712446,-0.3074835003233932,-0.10828470766785636,-1.0264148614557027,1.081524189783386,0.4380469434734582,0.21917286431875338,-0.457782629359584,-0.41190897538000426,-0.24035597383483176,-0.18007723365689476,-1.250142427568517,-0.10516060289726625,-0.013541725851545117,-0.02315048944812781,-0.00901788778387247,0.13463626310351695,-1.2851886627584908,-0.28070820159827736,-0.03872662092995116,-0.02664912120453866,-0.07949027060828054,-0.4071199361307901,-0.010101085609753646,-0.018070995088560915,-0.8524440892786984,-0.3044691960605598,-0.031082933581281558,0.160599047151944,-0.667073487876592,-0.7185979240698804,-0.47105881548999207,-0.9969500259323955,-0.31277534125475037,-0.03333401214646792,-0.04172835001636621,-0.3846130075389462,-0.3574307058815349,0.39442273541275996,-1.415932509527325,-0.1367447289522491,-0.8208203027932078,-0.03687211083455477,1.7931191991573572
20-2_09_20,-0.6803497639608798,-0.06660910081712446,1.3053003563963421,-0.10828470766785636,1.5978672343799656,1.2824390325640995,0.520625556117875,0.06117271401294899,0.16387291803175907,1.3734208596307629,0.17978413523439962,0.5411566133452486,0.2412192662657558,-0.10516060289726625,-0.013541725851545117,-0.02315048944812781,-0.00901788778387247,0.560604995375798,-1.2851886627584908,0.21167444357285053,-0.03872662092995116,-0.02664912120453866,0.24931230327435006,0.12071626469505109,-0.010101085609753646,-0.018070995088560915,-0.8524440892786984,-0.3044691960605598,-0.031082933581281558,-0.8433312464764884,0.07364474357930466,-0.7185979240698804,-0.18466187112517501,-0.03404394477598465,-0.31277534125475037,-0.03333401214646792,-0.04172835001636621,1.9396694477587464,-0.3574307058815349,0.712711736518247,0.29163766657061135,-0.1367447289522491,1.533288136354193,-0.03687211083455477,1.737446233200012
20-2_11_20,0.37944798388006945,-0.06660910081712446,-0.3074835003233932,-0.10828470766785636,-1.0264148614557027,1.081524189783386,0.9837360963947226,0.5138831844647322,0.08913949633744833,-0.41190897538000426,0.4223143716007789,0.4852379994696283,0.7088989647525766,-0.10516060289726625,-0.013541725851545117,-0.02315048944812781,-0.00901788778387247,0.560604995375798,1.9727297875555678,-0.007582685653874488,-0.03872662092995116,-0.02664912120453866,0.3515698972559922,0.07780322568449216,-0.010101085609753646,-0.018070995088560915,0.5625292586921196,1.3083146606591756,-0.031082933581281558,-0.8433312464764884,0.059191014218005836,-0.7185979240698804,0.04998469532173794,-0.2530303421035715,0.6166435844595424,-0.03333401214646792,-0.04172835001636621,1.466645341180129,-0.3574307058815349,0.30814114894719613,-1.415932509527325,-0.1367447289522491,1.8333562390847526,-0.03687211083455477,-0.10703777005542692
21-0_01_21,0.11470223696096529,-0.06660910081712446,-0.3074835003233932,-0.10828470766785636,-1.0264148614557027,0.6961733084193691,-1.8429864237742695,0.0379979791150431,0.4672913403309913,-0.41190897538000426,0.25800580793096795,0.7350815632985939,0.995370240245633,-0.10516060289726625,-0.013541725851545117,-0.02315048944812781,-0.00901788778387247,0.7137470563605107,0.7191327110241519,0.261491906616879,-0.03872662092995116,-0.02664912120453866,0.2861389712303283,0.27472224974007264,-0.010101085609753646,-0.018070995088560915,0.6246771654409641,-0.3044691960605598,-0.031082933581281558,0.37295464323447114,0.2657840502741644,0.9889722520280559,0.26835147344295107,0.32523822597274876,-0.31277534125475037,-0.03333401214646792,-0.04172835001636621,-0.3846130075389462,1.4278991291292322,-0.3286809486399781,0.4925525093513247,-0.1367447289522491,-0.8208203027932078,-0.03687211083455477,-2.0660791623765205
21-0_03_21,0.23042705169735486,-0.06660910081712446,1.8714934469697764,-0.10828470766785636,-1.0264148614557027,1.5807798897172995,1.271290872787317,0.9843520960476413,0.7463373532963407,-0.41190897538000426,0.8021023624520829,0.8590272771781067,0.8143155616584015,-0.10516060289726625,-0.013541725851545117,-0.02315048944812781,-0.00901788778387247,0.8090831295804489,1.3689878791194698,0.3941174718914699,-0.03872662092995116,-0.02664912120453866,0.4084214641948881,0.10486434142386153,-0.010101085609753646,-0.018070995088560915,0.29368394639953965,-0.3044691960605598,-0.031082933581281558,-0.8433312464764884,0.33720914593172363,1.0423269243392526,0.47644576919748294,0.4814505722446114,-0.31277534125475037,1.4580276816878048,-0.04172835001636621,1.6197083662436964,-0.3574307058815349,0.9733818524617709,0.369397325483442,-0.1367447289522491,-0.8208203027932078,-0.03687211083455477,0.514845813299099
21-0_05_20,-0.6803497639608798,-0.06660910081712446,-0.3074835003233932,-0.10828470766785636,1.1525620858374668,-0.6260459863145502,-0.230202567054534,0.21391287492691857,-0.26637461221979697,-0.41190897538000426,-0.08400194944954298,-0.23343190596809138,-1.250142427568517,-0.10516060289726625,-0.013541725851545117,-0.02315048944812781,-0.00901788778387247,0.48206194853472206,-1.2851886627584908,-0.2863362866067034,-0.03872662092995116,-0.02664912120453866,-1.326644885489407,-0.4705818967774659,-0.010101085609753646,-0.018070995088560915,-0.07429283889505478,1.0177500986733596,-0.031082933581281558,0.23254736402105086,-0.31272274518221144,-0.7185979240698804,-0.3091498609551787,0.04441820959410684,-0.31277534125475037,-0.03333401214646792,-0.04172835001636621,-0.3846130075389462,-0.3574307058815349,-0.1595385495396247,-1.415932509527325,-0.1367447289522491,2.0091263931484282,-0.03687211083455477,0.6160659139973113
21-0_05_21,0.5172589350809198,-0.06660910081712446,1.0147357944105262,-0.10828470766785636,-1.0264148614557027,1.773627735166488,1.002731594192389,0.7657234493371066,0.6072509656267486,-0.41190897538000426,0.3664667403282629,1.0528748328751834,1.2826119514239809,-0.10516060289726625,-0.013541725851545117,-0.02315048944812781,-0.00901788778387247,0.6536659922129381,1.4637741984976707,0.6536168266692799,-0.03872662092995116,-0.02664912120453866,0.744008565178753,0.7185725849993652,-0.010101085609753646,-0.018070995088560915,0.819653768657019,-0.3044691960605598,-0.031082933581281558,0.6605831848311107,0.7077243814224534,0.9596168586755189,0.6165430198747596,0.7332041485858127,0.6166435844595424,-0.03333401214646792,-0.04172835001636621,1.5744283847821472,-0.3574307058815349,0.39442273541275996,1.141574692378333,-0.1367447289522491,-0.8208203027932078,-0.03687211083455477,-0.7438598676426011
21-0_06_21,-0.29499888259686263,-0.06660910081712446,-0.3074835003233932,-0.10828470766785636,-1.0264148614557027,0.8653157075197224,0.4380469434734582,0.3991965103969122,-0.872755977330402,-0.41190897538000426,0.5119991334434271,-0.04613242532077533,-1.250142427568517,-0.10516060289726625,-0.013541725851545117,-0.02315048944812781,-0.00901788778387247,-0.11808905298590922,1.2957363129171287,-0.011576226270930856,-0.03872662092995116,-0.02664912120453866,-1.326644885489407,-0.9446766968669404,-0.010101085609753646,-0.018070995088560915,-0.8524440892786984,-0.3044691960605598,-0.031082933581281558,-0.8433312464764884,-0.8611381179441743,-0.7185979240698804,-0.7321255112089535,-0.5469915815484784,0.6166435844595424,-0.03333401214646792,-0.04172835001636621,-0.3846130075389462,-0.3574307058815349,1.3451734111113778,0.19685134719241043,-0.1367447289522491,-0.8208203027932078,-0.03687211083455477,-0.061757788593877816
21-0_07_20,-0.6803497639608798,-0.06660910081712446,-0.3074835003233932,-0.10828470766785636,0.6811553146422336,-0.6260459863145502,-1.8429864237742695,-0.8310221992177402,-0.6796313789759404,-0.41190897538000426,-0.9767755306723379,-0.5856144240794541,-1.250142427568517,-0.10516060289726625,-0.013541725851545117,-0.02315048944812781,-0.00901788778387247,-1.5729339129944195,-1.2851886627584908,-0.5341207703174596,-0.03872662092995116,-0.02664912120453866,-0.07949027060828054,-0.46305494092060157,-0.010101085609753646,-0.018070995088560915,-0.07429283889505478,-0.3044691960605598,-0.031082933581281558,0.19806143868173673,-0.14302255704820369,-0.7185979240698804,-0.5419477908746673,-0.9969500259323955,-0.31277534125475037,-0.03333401214646792,-0.04172835001636621,-0.3846130075389462,-0.3574307058815349,-1.6509002433738975,-0.09371321479340572,-0.1367447289522491,0.38329967986271696,-0.03687211083455477,-0.5747174685422478
21-0_09_20,-0.6803497639608798,-0.06660910081712446,-0.3074835003233932,-0.10828470766785636,1.5429590481593431,-0.6260459863145502,0.06549859510438027,0.41168035738396513,0.12550336109329674,-0.41190897538000426,0.05090322901284927,0.25443629097758547,-1.250142427568517,-0.10516060289726625,-0.013541725851545117,-0.02315048944812781,-0.00901788778387247,0.6060430342987501,-1.2851886627584908,0.07374649258825028,-0.03872662092995116,-0.02664912120453866,-0.44203830419147677,-0.4705818967774659,-0.010101085609753646,-0.018070995088560915,-0.8524440892786984,-0.3044691960605598,-0.031082933581281558,0.3963094356130142,-0.4092004092427607,0.32279476108834465,-0.37729968316089374,-0.33078817538899924,-0.31277534125475037,-0.03333401214646792,-0.04172835001636621,-0.3846130075389462,-0.3574307058815349,0.5820958670182564,-0.09371321479340572,-0.1367447289522491,0.8419375288883663,-0.03687211083455477,1.5814016107971556
21-1_03_21,0.08021631162165108,-0.06660910081712446,-0.3074835003233932,-0.10828470766785636,-1.0264148614557027,-0.6260459863145502,-1.8429864237742695,0.11532382937555097,-0.49254473561879597,-0.41190897538000426,-0.32424892567116337,-0.226392943422834,0.2412192662657558,-0.10516060289726625,-0.013541725851545117,-0.02315048944812781,-0.00901788778387247,-0.04788910595757423,0.42238151333944557,-0.2449436014484784,-0.03872662092995116,-0.02664912120453866,-0.17029768462948308,-0.6026654746088163,-0.010101085609753646,-0.018070995088560915,-0.07429283889505478,-0.3044691960605598,-0.031082933581281558,0.1195974421479292,-1.0996126099435142,-0.7185979240698804,-0.5419477908746673,-0.5469915815484784,-0.31277534125475037,-0.03333401214646792,-0.04172835001636621,-0.3846130075389462,-0.3574307058815349,-0.1595385495396247,-1.415932509527325,-0.1367447289522491,-0.8208203027932078,-0.03687211083455477,-2.0660791623765205
21-1_05_20,0.11470223696096529,-0.06660910081712446,-0.3074835003233932,-0.10828470766785636,1.9951878545725394,-0.6260459863145502,-0.05765658876350244,0.4440088548132741,0.3882688566619954,-0.41190897538000426,0.35893924086392226,0.436486301310105,0.4126154041130572,-0.10516060289726625,-0.013541725851545117,-0.02315048944812781,-0.00901788778387247,0.42050231750319234,-1.2851886627584908,-0.09661412465142116,-0.03872662092995116,-0.02664912120453866,0.3809252906085292,0.21008952488300375,-0.010101085609753646,-0.018070995088560915,-0.07429283889505478,1.630029255183008,-0.031082933581281558,0.3963094356130142,-0.048695541273601387,0.7727637697643923,-0.032202060865612114,0.3060189710025495,-0.31277534125475037,-0.03333401214646792,-0.04172835001636621,-0.3846130075389462,-0.3574307058815349,0.056669932724038974,0.369397325483442,-0.1367447289522491,2.406037267495516,-0.03687211083455477,0.7670679495362647
21-1_07_20,0.5039359737100731,-0.06660910081712446,-0.3074835003233932,-0.10828470766785636,2.175255318190879,-0.6260459863145502,0.11605496854682407,0.6788702271216756,0.5320777392895362,-0.41190897538000426,0.06998372461601532,0.35675842903310584,0.6843560236750508,-0.10516060289726625,-0.013541725851545117,1.6844196866498087,-0.00901788778387247,0.5098514573220306,-1.2851886627584908,0.07539154941088944,1.6688435551679852,-0.02664912120453866,0.20907108449610257,0.060271300001496,-0.010101085609753646,-0.018070995088560915,0.4028284158246077,1.5150747394813089,-0.031082933581281558,0.579169057351194,-0.01255874079600379,0.32279476108834465,0.012983613309751951,0.16845580310863667,-0.31277534125475037,-0.03333401214646792,-0.04172835001636621,-0.3846130075389462,-0.3574307058815349,-1.6509002433738975,0.07542918430694767,1.714513619766826,1.9281425584629535,-0.03687211083455477,1.6033307049112624
21-1_09_20,0.6972686671724467,-0.06660910081712446,-0.3074835003233932,-0.10828470766785636,2.107443263747632,1.4192769924721071,-0.230202567054534,0.7667125057470554,0.8554354212595445,1.0794527184542684,0.6554052899361531,0.8311973398519441,0.7541789462141257,-0.10516060289726625,-0.013541725851545117,-0.02315048944812781,-0.00901788778387247,0.7564639663666232,-1.2851886627584908,0.4692071730314679,-0.03872662092995116,-0.02664912120453866,0.3515698972559922,0.6103673432055008,-0.010101085609753646,-0.018070995088560915,0.8103137424028757,1.5763443962202315,-0.031082933581281558,1.1687386732907419,0.5550099520896545,-0.7185979240698804,0.654402852526345,0.8864090665002822,0.8175584272402557,-0.03333401214646792,-0.04172835001636621,-0.3846130075389462,-0.3574307058815349,0.7820690475005084,0.7630444377658445,2.108767938861901,-0.8208203027932078,-0.03687211083455477,-0.061757788593877816
21-1_11_20,-0.09408403981614927,-0.06660910081712446,-0.3074835003233932,-0.10828470766785636,-1.0264148614557027,-0.6260459863145502,-1.8429864237742695,-0.45146354137333056,-0.4783042965041858,-0.41190897538000426,-0.4768109195691643,-1.011583156351735,0.6306711647122745,-0.10516060289726625,-0.013541725851545117,-0.02315048944812781,-0.00901788778387247,0.3861074793266741,-1.2851886627584908,-0.5307928269685321,-0.03872662092995116,-0.02664912120453866,-1.326644885489407,-0.057129721927180646,-0.010101085609753646,-0.018070995088560915,-0.15347408494267958,-0.3044691960605598,-0.031082933581281558,0.160599047151944,-0.31272274518221144,-0.7185979240698804,-0.4334883286608627,-0.07932286316220488,-0.31277534125475037,-0.03333401214646792,-0.04172835001636621,-0.3846130075389462,-0.3574307058815349,-1.6509002433738975,-0.09371321479340572,-0.1367447289522491,-0.8208203027932078,-0.03687211083455477,-2.0660791623765205
21-2_01_21,0.9663806222865436,2.0161762694993257,-0.3074835003233932,0.6148189763848818,-1.0264148614557027,1.3329954060065432,0.6768415700014494,0.7080991291607788,0.5052783451269296,-0.41190897538000426,0.766881014783374,0.6693031202505952,0.9429821707859447,-0.10516060289726625,-0.013541725851545117,-0.02315048944812781,-0.00901788778387247,1.061543357166312,1.9480613467826096,0.368551424932881,-0.03872662092995116,-0.02664912120453866,0.1153119521670043,0.27608495710820175,-0.010101085609753646,-0.018070995088560915,0.6246771654409641,-0.3044691960605598,-0.031082933581281558,0.5319165757035677,0.4432431670965268,0.8171180459156293,0.4060904061633728,0.5191288957488225,0.8175584272402557,-0.03333401214646792,-0.04172835001636621,1.32295716855899,-0.3574307058815349,1.0575206567608153,0.8170636008648289,-0.1367447289522491,-0.8208203027932078,-0.03687211083455477,0.3159378801983479
21-2_03_21,0.49019133033203854,-0.06660910081712446,-0.3074835003233932,-0.10828470766785636,-1.0264148614557027,0.8653157075197224,0.8300344833546267,0.39688765603864784,0.27830727602334826,-0.41190897538000426,0.43276005768139414,0.6124763851802608,0.8671288680872473,-0.10516060289726625,-0.013541725851545117,-0.02315048944812781,-0.00901788778387247,0.9964399966206264,1.8550050158201403,-0.12431765581273185,-0.03872662092995116,-0.02664912120453866,0.059556719911386335,-0.06901266518707981,-0.010101085609753646,-0.018070995088560915,0.4028284158246077,-0.3044691960605598,-0.031082933581281558,-0.8433312464764884,-0.08811437082758125,-0.7185979240698804,-0.036990361652086634,-0.33078817538899924,0.6166435844595424,-0.03333401214646792,-0.04172835001636621,2.015060713942092,-0.3574307058815349,0.6067783314952871,-1.415932509527325,-0.1367447289522491,-0.8208203027932078,-0.03687211083455477,0.1669169480156334
21-2_05_20,-0.21723922368403198,-0.06660910081712446,-0.3074835003233932,-0.10828470766785636,1.3556021811191656,-0.6260459863145502,0.008271924944805775,0.7296059795604752,-0.17378597299438314,0.910310319353915,0.003382110883237699,-0.11062729887247746,-1.250142427568517,-0.10516060289726625,-0.013541725851545117,-0.02315048944812781,-0.00901788778387247,-1.5729339129944195,-1.2851886627584908,-0.44394413996837156,-0.03872662092995116,-0.02664912120453866,0.059556719911386335,-0.4483814343126655,-0.010101085609753646,-0.018070995088560915,-0.3753228345590359,0.899650786595365,-0.031082933581281558,-0.8433312464764884,-0.2794271757888438,0.5285566908112462,-0.2914931820490089,0.006956697599660797,-0.31277534125475037,-0.03333401214646792,-0.04172835001636621,-0.3846130075389462,-0.3574307058815349,-1.6509002433738975,-1.415932509527325,-0.1367447289522491,1.9042742182882613,-0.03687211083455477,1.0772479676155258
21-2_05_21,0.44613726121028097,-0.06660910081712446,-0.3074835003233932,-0.10828470766785636,-1.0264148614557027,-0.6260459863145502,0.5014058499108414,0.46922457805199436,0.38540221601039226,-0.41190897538000426,0.19296412741194047,0.5744301810464452,0.9699656604715383,-0.10516060289726625,-0.013541725851545117,-0.02315048944812781,-0.00901788778387247,0.42050231750319234,1.306988094637376,0.7079617345688265,-0.03872662092995116,-0.02664912120453866,0.45868494952135985,1.0537824466294365,-0.010101085609753646,-0.018070995088560915,0.9988142594403768,-0.3044691960605598,-0.031082933581281558,1.2769434808030224,0.8330343628021016,1.2711484415645664,0.8281359457053816,1.2628513210869663,1.2435271595125368,1.4580276816878048,-0.04172835001636621,-0.3846130075389462,-0.3574307058815349,0.056669932724038974,1.5435858674456733,-0.1367447289522491,0.5941530451776101,-0.03687211083455477,0.08313995027885945
21-2_06_21,-0.09408403981614927,-0.06660910081712446,-0.3074835003233932,-0.10828470766785636,-1.0264148614557027,-0.6260459863145502,0.3900096866178844,0.8363886810655541,0.041057875053314596,-0.41190897538000426,0.2124567152307688,-0.06981847373752958,0.49804559943768345,-0.10516060289726625,-0.013541725851545117,-0.02315048944812781,-0.00901788778387247,0.39787769787809835,1.1933778328353526,-0.1993578027192164,-0.03872662092995116,-0.02664912120453866,-1.326644885489407,-0.6459145626587813,-0.010101085609753646,-0.018070995088560915,-0.8524440892786984,-0.3044691960605598,-0.031082933581281558,0.1195974421479292,-0.3303794240883812,-0.7185979240698804,-0.25025782146482944,-0.07932286316220488,-0.31277534125475037,-0.03333401214646792,-0.04172835001636621,-0.3846130075389462,-0.3574307058815349,0.39442273541275996,-1.415932509527325,-0.1367447289522491,-0.8208203027932078,-0.03687211083455477,0.9343549151027983
21-2_07_20,0.37944798388006945,-0.06660910081712446,-0.3074835003233932,-0.10828470766785636,1.618023728012136,-0.6260459863145502,0.06549859510438027,0.4750645739210415,0.44026713299283604,-0.41190897538000426,0.17255536511658742,0.4742495706127461,1.1134695523236275,-0.10516060289726625,-0.013541725851545117,-0.02315048944812781,-0.00901788778387247,-0.6435149872801267,-1.2851886627584908,0.6805193270899057,1.7466032140808159,-0.02664912120453866,0.4342799629197258,0.24943276233676154,-0.010101085609753646,-0.018070995088560915,0.6790348277635567,-0.3044691960605598,-0.031082933581281558,0.4395585236629793,0.20720455712086144,0.7727637697643923,0.28472423287174564,0.37826550842457607,-0.31277534125475037,-0.03333401214646792,-0.04172835001636621,-0.3846130075389462,-0.3574307058815349,-0.1595385495396247,0.5883888642553177,1.3546169648820237,1.46021306445452,-0.03687211083455477,0.625002329746448
21-2_09_20,-0.6803497639608798,-0.06660910081712446,-0.3074835003233932,-0.10828470766785636,-1.0264148614557027,-0.6260459863145502,-1.8429864237742695,-1.5541258832704783,-1.5717259816664209,-0.41190897538000426,-1.6015811056598204,-2.7191533324496717,-1.250142427568517,-0.10516060289726625,-0.013541725851545117,-0.02315048944812781,-0.00901788778387247,-1.5729339129944195,-1.2851886627584908,-1.3258448278903772,-0.03872662092995116,-0.02664912120453866,-1.326644885489407,-1.1787599029003084,-0.010101085609753646,-0.018070995088560915,-0.8524440892786984,-0.3044691960605598,-0.031082933581281558,-0.8433312464764884,-1.0996126099435142,-0.7185979240698804,-1.3689476087961279,-0.9969500259323955,-0.31277534125475037,-0.03333401214646792,-0.04172835001636621,-0.3846130075389462,-0.3574307058815349,-1.6509002433738975,-1.415932509527325,-0.1367447289522491,-0.8208203027932078,-0.03687211083455477,-2.0660791623765205
21-2_11_20,0.17640788859837045,-0.06660910081712446,-0.3074835003233932,-0.10828470766785636,-1.0264148614557027,1.3782753874680924,0.5566872977067687,0.8063413002453705,0.5052783451269296,-0.41190897538000426,0.20620583858715746,0.881928395334352,0.6843560236750508,-0.10516060289726625,-0.013541725851545117,-0.02315048944812781,-0.00901788778387247,0.36156453824914825,-1.2851886627584908,0.5999091437375104,-0.03872662092995116,-0.02664912120453866,0.1153119521670043,0.13033771451170578,-0.010101085609753646,-0.018070995088560915,0.6660698505991891,-0.3044691960605598,-0.031082933581281558,0.3221019443971363,-0.17964208767075188,0.32279476108834465,0.025670819769477327,-0.12987804965113015,-0.31277534125475037,-0.03333401214646792,-0.04172835001636621,1.1067486862953264,-0.3574307058815349,-1.6509002433738975,0.19685134719241043,-0.1367447289522491,-0.8208203027932078,-0.03687211083455477,0.8265718715007799
22-0_01_21,0.4759974368990444,1.7187207341936426,-0.3074835003233932,-0.10828470766785636,-1.0264148614557027,-0.6260459863145502,0.6355800718195739,0.24291071127353892,0.1856700471266035,-0.41190897538000426,0.05304145637334812,0.5140966770914288,0.16483092040230107,-0.10516060289726625,-0.013541725851545117,-0.02315048944812781,-0.00901788778387247,0.6270953535593508,1.47898746963184,0.3404948342543192,-0.03872662092995116,-0.02664912120453866,-0.004425590755487874,0.03731170029034009,-0.010101085609753646,-0.018070995088560915,0.6246771654409641,-0.3044691960605598,-0.031082933581281558,0.19806143868173673,-0.20589143425837747,-0.7185979240698804,0.03799788616272293,0.32523822597274876,-0.31277534125475037,-0.03333401214646792,-0.04172835001636621,1.8964203597087814,1.1339309879527377,0.20035810534517784,-1.415932509527325,-0.1367447289522491,-0.8208203027932078,-0.03687211083455477,0.7475018261916715
22-0_03_21,0.8241534614741932,-0.06660910081712446,1.1838781935108795,-0.10828470766785636,-1.0264148614557027,-0.6260459863145502,0.791490846386462,0.35179842959334406,0.39862089456367267,-0.41190897538000426,0.3158463820734272,0.6175064910047487,1.084311323582414,-0.10516060289726625,-0.013541725851545117,-0.02315048944812781,-0.00901788778387247,0.3487525624891826,1.1787043262274166,0.36308323815150106,1.7466032140808159,-0.02664912120453866,0.7561404848270429,0.5029657678572457,-0.010101085609753646,-0.018070995088560915,0.9864050014585569,-0.3044691960605598,-0.031082933581281558,0.579169057351194,0.5822901576161936,1.207401342386275,0.621856206793191,0.5754621931050737,0.46537590912889326,-0.03333401214646792,-0.04172835001636621,-0.3846130075389462,-0.3574307058815349,0.20035810534517784,1.3172647555792445,-0.1367447289522491,-0.8208203027932078,-0.03687211083455477,0.6750724364752647
22-0_05_20,0.2042568173370507,-0.06660910081712446,-0.3074835003233932,-0.10828470766785636,1.974019216023616,-0.6260459863145502,0.2023365550123879,0.4769939173069071,-0.13081689960120313,-0.41190897538000426,-0.1842070081708489,0.2680658974583334,0.7951805512181405,-0.10516060289726625,-0.013541725851545117,-0.02315048944812781,-0.00901788778387247,0.2783244357246558,0.32759519396124465,-0.060353157605384955,-0.03872662092995116,-0.02664912120453866,0.1153119521670043,0.1633101230248074,-0.010101085609753646,-0.018070995088560915,0.1889485958795267,1.1105041519102583,-0.031082933581281558,0.37295464323447114,0.1689881901073233,-0.7185979240698804,-8.541140707862827e-05,0.04441820959410684,0.7286173439034747,-0.03333401214646792,-0.04172835001636621,1.2281708491807892,-0.3574307058815349,-1.6509002433738975,0.19685134719241043,-0.1367447289522491,2.1039756930047044,-0.03687211083455477,1.4891362427495527
22-0_05_21,0.6005753139253833,1.4247525930171483,-0.3074835003233932,-0.10828470766785636,-1.0264148614557027,-0.6260459863145502,0.8014521656935691,0.8405758951623636,0.5884423112920911,-0.41190897538000426,0.32631708419061667,0.8143645295672959,1.1227695754015896,-0.10516060289726625,-0.013541725851545117,-0.02315048944812781,-0.00901788778387247,0.8267398084866188,1.163517657146589,0.37477648825223137,-0.03872662092995116,-0.02664912120453866,0.6323965068316864,0.5400678885319266,-0.010101085609753646,-0.018070995088560915,-0.8524440892786984,-0.3044691960605598,-0.031082933581281558,-0.09939409662394635,0.6679956933937777,-0.7185979240698804,0.6631336588153125,0.7547077630112602,-0.31277534125475037,-0.03333401214646792,-0.04172835001636621,-0.3846130075389462,1.5510543129971148,-0.3286809486399781,0.8651008577204027,-0.1367447289522491,-0.8208203027932078,-0.03687211083455477,-0.1575941434978707
22-0_06_21,-0.043527666373705365,-0.06660910081712446,-0.3074835003233932,-0.10828470766785636,-1.0264148614557027,-0.6260459863145502,0.2397989465421806,0.8248773062521595,0.48897185868719095,-0.41190897538000426,0.3349839024404324,0.6675239515111662,0.9828536828236369,1.8771106301423022,-0.013541725851545117,-0.02315048944812781,-0.00901788778387247,0.5187330446012651,0.037030631975428496,0.44849831574983917,-0.03872662092995116,-0.02664912120453866,0.544538722839091,0.4349686887621344,-0.010101085609753646,-0.018070995088560915,1.0108787708417575,1.3582886356210144,-0.031082933581281558,0.9671456690950528,0.538267452799994,1.207401342386275,0.6281474005604649,0.5754621931050737,0.8175584272402557,-0.03333401214646792,1.280490944717553,-0.3846130075389462,-0.3574307058815349,-0.1595385495396247,0.8651008577204027,-0.1367447289522491,2.1290574012436667,-0.03687211083455477,-0.2148208136574452
22-0_07_20,0.49019133033203854,-0.06660910081712446,-0.3074835003233932,-0.10828470766785636,1.9283099295233603,-0.6260459863145502,0.649773965252568,1.0327292233965069,0.6425879157579788,1.2008748813397312,0.34685571655438774,1.2243906447037831,0.7321288054710515,-0.10516060289726625,-0.013541725851545117,-0.02315048944812781,-0.00901788778387247,-0.2507146182605001,-1.2851886627584908,0.7559138410450585,-0.03872662092995116,-0.02664912120453866,0.5635897808169493,0.5053798623550951,-0.010101085609753646,-0.018070995088560915,0.8718317803220906,1.60401582281809,-0.031082933581281558,0.1195974421479292,0.540699119185782,0.9281324621775429,0.6197387258460941,0.4814505722446114,0.7286173439034747,-0.03333401214646792,-0.04172835001636621,-0.3846130075389462,-0.3574307058815349,0.25758477550475234,1.2083495863083433,-0.1367447289522491,-0.8208203027932078,-0.03687211083455477,0.5477626594995488
22-0_11_20,-0.6803497639608798,-0.06660910081712446,-0.3074835003233932,-0.10828470766785636,-1.0264148614557027,-0.6260459863145502,-1.8429864237742695,-2.8763451780043976,-1.793574731282777,-0.41190897538000426,-1.8921456676456367,-2.7191533324496717,-1.250142427568517,-0.10516060289726625,-0.013541725851545117,-0.02315048944812781,-0.00901788778387247,-1.5729339129944195,-1.2851886627584908,-1.1709428679046339,-0.03872662092995116,-0.02664912120453866,-1.326644885489407,-1.1787599029003084,-0.010101085609753646,-0.018070995088560915,-0.8524440892786984,-0.3044691960605598,-0.031082933581281558,-0.8433312464764884,-1.0996126099435142,-0.7185979240698804,-1.3689476087961279,-0.9969500259323955,-0.31277534125475037,-0.03333401214646792,-0.04172835001636621,-0.3846130075389462,-0.3574307058815349,-1.6509002433738975,-1.415932509527325,-0.1367447289522491,-0.8208203027932078,-0.03687211083455477,-2.0660791623765205
22-1_01_21,0.4759974368990444,1.784649247901951,1.7378394784632643,0.6148189763848818,-1.0264148614557027,-0.6260459863145502,0.6355800718195739,0.6200308760080033,0.4712430917267594,-0.41190897538000426,0.46795245144837483,0.9144161101044206,1.4320026488053148,-0.10516060289726625,-0.013541725851545117,-0.02315048944812781,-0.00901788778387247,1.1203532440112363,1.9109875222814827,0.49806391305394165,-0.03872662092995116,-0.02664912120453866,0.6631014801450398,0.5021580784261876,-0.010101085609753646,-0.018070995088560915,0.8957439377275019,1.2518333047067274,-0.031082933581281558,0.49729311094015494,0.6977056099796111,0.8171180459156293,0.4112668021512892,0.440190042792831,0.8913446414011744,-0.03333401214646792,-0.04172835001636621,2.348584257567623,1.1339309879527377,-0.03811638665416195,0.8651008577204027,-0.1367447289522491,-0.8208203027932078,-0.03687211083455477,-0.1575941434978707
22-1_05_20,0.44613726121028097,1.784649247901951,-0.3074835003233932,-0.10828470766785636,2.1352525509820333,-0.6260459863145502,0.6635186086306026,0.6158562733881423,-0.04280928138876594,1.2008748813397312,0.3538474321824434,0.4210403461289596,0.6011159211505583,-0.10516060289726625,-0.013541725851545117,-0.02315048944812781,-0.00901788778387247,0.11280782560784419,0.32759519396124465,-0.13618076164542192,-0.03872662092995116,-0.02664912120453866,0.16471680834486552,-0.028771446408832307,-0.010101085609753646,-0.018070995088560915,0.29368394639953965,1.3582886356210144,-0.031082933581281558,0.3221019443971363,-0.01255874079600379,-0.7185979240698804,-0.056689633369315595,0.04441820959410684,-0.31277534125475037,-0.03333401214646792,-0.04172835001636621,-0.3846130075389462,-0.3574307058815349,0.39442273541275996,0.07542918430694767,-0.1367447289522491,2.4477576690896354,-0.03687211083455477,1.8572166782789834
22-1_05_21,0.32171339660289366,-0.06660910081712446,-0.3074835003233932,-0.10828470766785636,-1.0264148614557027,-0.6260459863145502,0.3359905235189,0.7944571062565462,0.5272636577347565,-0.41190897538000426,0.30559421837251244,0.5128256943818326,1.1134695523236275,-0.10516060289726625,-0.013541725851545117,-0.02315048944812781,-0.00901788778387247,0.7080994542533082,1.6790709674383582,0.05694383670903963,-0.03872662092995116,-0.02664912120453866,-0.004425590755487874,0.20048084794509008,-0.010101085609753646,-0.018070995088560915,0.14755591072130161,-0.3044691960605598,-0.031082933581281558,-0.03346558291563814,-0.03937555953435335,0.5285566908112462,0.2124656125541905,-0.2530303421035715,-0.31277534125475037,-0.03333401214646792,-0.04172835001636621,-0.3846130075389462,0.9647885888523844,-1.6509002433738975,0.19685134719241043,-0.1367447289522491,-0.8208203027932078,-0.03687211083455477,-2.0660791623765205
22-1_06_21,-0.6803497639608798,-0.06660910081712446,-0.3074835003233932,0.4779810164768741,-1.0264148614557027,-0.6260459863145502,-0.230202567054534,0.19221171706796536,-0.22930330084421446,-0.41190897538000426,-0.07132175922941042,0.15936846305153507,0.4126154041130572,-0.10516060289726625,-0.013541725851545117,-0.02315048944812781,-0.00901788778387247,0.30787967928637194,0.7975967075579593,-0.08577125816782166,-0.03872662092995116,-0.02664912120453866,0.059556719911386335,-0.17798506865034747,-0.010101085609753646,-0.018070995088560915,-0.8524440892786984,-0.3044691960605598,-0.031082933581281558,0.41847212578577553,-0.19256847288753087,-0.7185979240698804,-0.21260040793620377,0.04441820959410684,-0.31277534125475037,-0.03333401214646792,-0.04172835001636621,-0.3846130075389462,-0.3574307058815349,0.35342113040874523,-1.415932509527325,-0.1367447289522491,1.3860055732386418,-0.03687211083455477,-0.453295305656785
22-1_07_20,-0.6803497639608798,-0.06660910081712446,-0.3074835003233932,-0.10828470766785636,-1.0264148614557027,-0.6260459863145502,-1.8429864237742695,-0.28416842060853087,-0.12768118574834442,-0.41190897538000426,-0.6724454955547032,0.20821703058935204,-1.250142427568517,-0.10516060289726625,-0.013541725851545117,-0.02315048944812781,-0.00901788778387247,-0.2507146182605001,-1.2851886627584908,-0.09176162185700909,-0.03872662092995116,-0.02664912120453866,-0.44203830419147677,-0.07203490759865327,-0.010101085609753646,-0.018070995088560915,0.05064589771324517,-0.3044691960605598,-0.031082933581281558,-0.27194007491497796,-0.4092004092427607,-0.7185979240698804,-0.52681404774561,-0.2530303421035715,-0.31277534125475037,-0.03333401214646792,-0.04172835001636621,-0.3846130075389462,-0.3574307058815349,-1.6509002433738975,-1.415932509527325,-0.1367447289522491,-0.8208203027932078,-0.03687211083455477,-0.061757788593877816
22-1_09_20,-0.6803497639608798,1.255610193916795,1.0147357944105262,-0.10828470766785636,1.2312637134134818,-0.6260459863145502,-1.8429864237742695,0.08078301967241552,0.1856700471266035,-0.41190897538000426,0.3954331110362628,0.22086482255799167,-1.250142427568517,-0.10516060289726625,-0.013541725851545117,-0.02315048944812781,-0.00901788778387247,-0.01663141222713216,-1.2851886627584908,-0.7788324028933201,-0.03872662092995116,-0.02664912120453866,0.16471680834486552,-0.2403116606442155,-0.010101085609753646,-0.018070995088560915,-0.250384097950736,-0.3044691960605598,-0.031082933581281558,0.26449518102066655,-0.31272274518221144,0.43774927679004366,-0.35671315237911616,-0.9969500259323955,-0.31277534125475037,-0.03333401214646792,-0.04172835001636621,1.6197083662436964,-0.3574307058815349,1.1057358648719506,0.19685134719241043,-0.1367447289522491,-0.8208203027932078,-0.03687211083455477,-0.3585089862785841
22-1_11_20,-0.6803497639608798,-0.06660910081712446,-0.3074835003233932,0.7187151102536042,-1.0264148614557027,-0.6260459863145502,0.5390306188005989,0.5396292333721684,0.6643071654512152,-0.41190897538000426,0.4920502054463529,0.6341857628616332,0.4574277485294195,-0.10516060289726625,-0.013541725851545117,-0.02315048944812781,-0.00901788778387247,0.7302621444260694,1.6238321914526652,0.4718512876336947,-0.03872662092995116,-0.02664912120453866,0.767942691599618,0.49646179782658445,-0.010101085609753646,-0.018070995088560915,0.8799496705442701,-0.3044691960605598,-0.031082933581281558,0.5149497898463248,0.6341520918852244,1.5310080302370292,0.5199536377280022,0.7332041485858127,-0.31277534125475037,-0.03333401214646792,-0.04172835001636621,1.32295716855899,-0.3574307058815349,-1.6509002433738975,0.8872635478931639,-0.1367447289522491,-0.8208203027932078,-0.03687211083455477,1.3406312962332696
23-0_01_21,0.43040023217960677,-0.06660910081712446,-0.3074835003233932,-0.10828470766785636,-1.0264148614557027,-0.6260459863145502,1.0713567333451712,-2.8763451780043976,0.461697773820529,-0.41190897538000426,0.3928072630576043,0.7779146039488334,0.6583425913101328,-0.10516060289726625,-0.013541725851545117,-0.02315048944812781,-0.00901788778387247,0.3487525624891826,1.5479584491542944,0.8943878247516803,-0.03872662092995116,-0.02664912120453866,1.073028835991631,1.0108707547918472,-0.010101085609753646,-0.018070995088560915,1.1017984201606266,1.186892497773713,-0.031082933581281558,0.9083676685418668,0.9616375337680053,0.894185932649855,1.0689538817345206,1.557203756400128,0.46537590912889326,-0.03333401214646792,-0.04172835001636621,1.466645341180129,0.9647885888523844,0.30814114894719613,1.503668514256786,-0.1367447289522491,-0.8208203027932078,-0.03687211083455477,-0.2807493273657534
23-0_03_21,0.7905225414817812,-0.06660910081712446,1.6010015185552566,-0.10828470766785636,-1.0264148614557027,-0.6260459863145502,1.312653209985507,-1.5541258832704783,0.911147601942333,-0.41190897538000426,0.41002027904070926,1.1457135818788544,1.2563626048363552,-0.10516060289726625,-0.013541725851545117,-0.02315048944812781,-0.00901788778387247,0.13463626310351695,1.8454666862635396,0.8499706010627306,-0.03872662092995116,-0.02664912120453866,0.5037298977041433,0.5830605830337259,-0.010101085609753646,-0.018070995088560915,0.8799496705442701,-0.3044691960605598,-0.031082933581281558,0.0743174606863802,0.6891763790131963,0.723358913586531,0.6122451670666947,0.634639888961892,0.9543963871482635,-0.03333401214646792,1.1623916326395585,-0.3846130075389462,1.6016106864395585,-0.03811638665416195,0.8417460653418596,-0.1367447289522491,-0.8208203027932078,-0.03687211083455477,0.016706207939929607
23-0_05_20,-0.6803497639608798,-0.06660910081712446,-0.3074835003233932,-0.10828470766785636,1.8067322504570824,-0.6260459863145502,0.5014058499108414,-2.8763451780043976,0.42303096292120723,-0.41190897538000426,0.19573711426330465,0.8652909747155049,0.899076685086863,-0.10516060289726625,-0.013541725851545117,-0.02315048944812781,-0.00901788778387247,0.7714583606906914,-1.2851886627584908,0.7885755090683644,-0.03872662092995116,-0.02664912120453866,0.4084214641948881,0.21167050399298365,-0.010101085609753646,-0.018070995088560915,0.14755591072130161,-0.3044691960605598,-0.031082933581281558,-0.8433312464764884,-0.02131497454028103,0.7727637697643923,0.15144233608051505,0.11085039221348296,0.46537590912889326,-0.03333401214646792,-0.04172835001636621,-0.3846130075389462,-0.3574307058815349,0.5559256326579524,0.19685134719241043,-0.1367447289522491,-0.8208203027932078,-0.03687211083455477,1.9229699940616998
23-0_05_21,-0.09408403981614927,1.255610193916795,1.6010015185552566,-0.10828470766785636,-1.0264148614557027,-0.6260459863145502,0.5899828671001364,-2.8763451780043976,0.10405236000766438,-0.41190897538000426,0.3177057709912605,0.20821703058935204,0.49804559943768345,-0.10516060289726625,-0.013541725851545117,-0.02315048944812781,-0.00901788778387247,0.6060430342987501,1.6074623711188096,0.10398432519514217,-0.03872662092995116,-0.02664912120453866,-0.004425590755487874,0.34859375849480073,-0.010101085609753646,-0.018070995088560915,0.05064589771324517,-0.3044691960605598,-0.031082933581281558,-0.8433312464764884,0.004441256636274912,-0.7185979240698804,-0.041832044817905256,-0.33984852255020814,-0.31277534125475037,-0.03333401214646792,-0.04172835001636621,-0.3846130075389462,-0.3574307058815349,0.39442273541275996,-0.09371321479340572,-0.1367447289522491,-0.8208203027932078,-0.03687211083455477,-2.0660791623765205
23-0_06_21,-0.6803497639608798,-0.06660910081712446,-0.3074835003233932,-0.10828470766785636,-1.0264148614557027,-0.6260459863145502,-1.8429864237742695,-1.4613718300335796,-2.2706959860024396,-0.41190897538000426,-1.9113653738526704,-2.7191533324496717,-1.250142427568517,-0.10516060289726625,-0.013541725851545117,-0.02315048944812781,-0.00901788778387247,-1.5729339129944195,-1.2851886627584908,-1.2678528809126903,-0.03872662092995116,-0.02664912120453866,-1.326644885489407,-1.1787599029003084,-0.010101085609753646,-0.018070995088560915,-0.8524440892786984,-0.3044691960605598,-0.031082933581281558,-0.8433312464764884,-1.0996126099435142,-0.7185979240698804,-1.1998052096957745,-0.9969500259323955,-0.31277534125475037,-0.03333401214646792,-0.04172835001636621,-0.3846130075389462,-0.3574307058815349,-1.6509002433738975,-1.415932509527325,-0.1367447289522491,-0.8208203027932078,-0.03687211083455477,-0.5747174685422478
23-0_07_20,-0.29499888259686263,-0.06660910081712446,-0.3074835003233932,0.6148189763848818,1.6277616804222579,-0.6260459863145502,0.3900096866178844,-1.3200426772371103,0.6213986166880408,1.439349373339071,0.19971153801987862,0.7486027187943616,0.5694015079733518,-0.10516060289726625,-0.013541725851545117,-0.02315048944812781,-0.00901788778387247,0.22983981229755623,-1.2851886627584908,0.5704713825922314,-0.03872662092995116,-0.02664912120453866,0.2861389712303283,0.49646179782658445,-0.010101085609753646,-0.018070995088560915,0.5277671524329076,-0.3044691960605598,-0.031082933581281558,0.3963094356130142,0.4309306633287968,0.8171180459156293,0.46142717439742265,0.7332041485858127,1.009443953479169,-0.03333401214646792,-0.04172835001636621,-0.3846130075389462,-0.3574307058815349,0.13442959163686963,1.0327738103777548,-0.1367447289522491,-0.8208203027932078,-0.03687211083455477,0.05119213327924377
23-0_09_20,0.00175231508784357,-0.06660910081712446,-0.3074835003233932,-0.10828470766785636,1.737761270934628,-0.6260459863145502,0.3638394522575803,-1.5541258832704783,0.2020604633147729,-0.41190897538000426,-0.24372228838825172,0.49062968239884364,0.30616007319877037,-0.10516060289726625,-0.013541725851545117,-0.02315048944812781,-0.00901788778387247,0.03984994372531603,0.32759519396124465,0.1926691119875104,-0.03872662092995116,-0.02664912120453866,-1.326644885489407,0.0029816301780790366,-0.010101085609753646,-0.018070995088560915,-0.8524440892786984,-0.3044691960605598,-0.031082933581281558,0.37295464323447114,-0.17964208767075188,0.43774927679004366,-0.10457959885829216,-0.2530303421035715,-0.31277534125475037,-0.03333401214646792,-0.04172835001636621,-0.3846130075389462,-0.3574307058815349,-0.3286809486399781,-1.415932509527325,-0.1367447289522491,-0.8208203027932078,-0.03687211083455477,-0.2148208136574452
23-0_11_20,-0.6803497639608798,-0.06660910081712446,-0.3074835003233932,-0.10828470766785636,-1.0264148614557027,-0.6260459863145502,0.9705945647939225,-2.8763451780043976,0.14760530531730587,-0.41190897538000426,0.5799392639737964,0.5517583069608094,-0.04602244491259211,-0.10516060289726625,-0.013541725851545117,-0.02315048944812781,-0.00901788778387247,0.17525411401178093,0.8640304498968892,0.13939635189411875,-0.03872662092995116,-0.02664912120453866,-0.004425590755487874,-0.21429822827929756,-0.010101085609753646,-0.018070995088560915,0.3236471697769828,0.7369234890976653,-0.031082933581281558,-0.8433312464764884,-0.36800419297813886,0.43774927679004366,0.004314772960150315,-0.2530303421035715,-0.31277534125475037,-0.03333401214646792,-0.04172835001636621,1.400716827471821,-0.3574307058815349,0.7487734781071408,0.7908933665045248,-0.1367447289522491,-0.8208203027932078,-0.03687211083455477,-0.3585089862785841
23-1_01_21,0.08021631162165108,-0.06660910081712446,1.6515578919977003,-0.10828470766785636,-1.0264148614557027,-0.6260459863145502,1.1702722415092472,-1.0910153429936305,0.612965449151178,-0.41190897538000426,0.7297182264170592,0.8086054200713007,1.0421136437879592,-0.10516060289726625,-0.013541725851545117,-0.02315048944812781,-0.00901788778387247,0.17525411401178093,1.89978652793977,0.19078496811295892,-0.03872662092995116,-0.02664912120453866,0.5037298977041433,0.31509630946304207,-0.010101085609753646,-0.018070995088560915,0.5947139420635209,-0.3044691960605598,-0.031082933581281558,0.37295464323447114,0.4552162060642806,0.9596168586755189,0.42808898574788956,0.2859096247498608,-0.31277534125475037,-0.03333401214646792,-0.04172835001636621,2.0640933123661336,-0.3574307058815349,1.4797551056481328,0.7332866031280549,-0.1367447289522491,-0.8208203027932078,-0.03687211083455477,0.14074671365532931
23-1_03_21,0.23042705169735486,-0.06660910081712446,-0.3074835003233932,0.4779810164768741,-1.0264148614557027,-0.6260459863145502,0.5566872977067687,-2.8763451780043976,0.47671582188398376,-0.41190897538000426,0.2483188406446446,0.7709456726136337,0.9429821707859447,-0.10516060289726625,-0.013541725851545117,-0.02315048944812781,-0.00901788778387247,0.48206194853472206,1.4863988181227645,0.15265295565808873,-0.03872662092995116,-0.02664912120453866,0.4084214641948881,0.027776861072554115,-0.010101085609753646,-0.018070995088560915,0.42630951167413056,-0.3044691960605598,-0.031082933581281558,-0.8433312464764884,0.1574217413160786,0.7727637697643923,0.1607026971997192,0.3436428565446938,0.46537590912889326,-0.03333401214646792,-0.04172835001636621,-0.3846130075389462,1.4278991291292322,0.20035810534517784,0.7013387861284393,-0.1367447289522491,-0.8208203027932078,-0.03687211083455477,-0.2148208136574452
23-1_05_20,-0.29499888259686263,-0.06660910081712446,-0.3074835003233932,0.6148189763848818,1.6904228618438217,-0.6260459863145502,0.3900096866178844,-1.3200426772371103,0.2819722301097536,1.0794527184542684,0.28420872045893186,0.31265893888069907,0.5694015079733518,-0.10516060289726625,-0.013541725851545117,-0.02315048944812781,-0.00901788778387247,-0.11808905298590922,-1.2851886627584908,-0.04168275751369138,-0.03872662092995116,-0.02664912120453866,-0.44203830419147677,-0.27277138802854833,-0.010101085609753646,-0.018070995088560915,-0.15347408494267958,-0.3044691960605598,-0.031082933581281558,-0.8433312464764884,-0.4092004092427607,-0.7185979240698804,-0.28292693821819753,-0.42557226939089954,-0.31277534125475037,-0.03333401214646792,-0.04172835001636621,-0.3846130075389462,-0.3574307058815349,0.8944068730919267,0.07542918430694767,1.0673752537036756,-0.8208203027932078,-0.03687211083455477,1.6671983715560614
23-1_05_21,-0.09408403981614927,-0.06660910081712446,-0.3074835003233932,-0.10828470766785636,-1.0264148614557027,-0.6260459863145502,0.6355800718195739,-1.6722251953484728,0.34630435511845925,-0.41190897538000426,0.45546732108157406,0.6399228936095913,0.6011159211505583,-0.10516060289726625,-0.013541725851545117,-0.02315048944812781,-0.00901788778387247,0.29335342608977544,1.1933778328353526,0.32828585637897706,-0.03872662092995116,1.8818358976741112,0.5993543809667483,0.2841726113515405,-0.010101085609753646,-0.018070995088560915,0.5625292586921196,-0.3044691960605598,-0.031082933581281558,0.02376108724393633,0.6787151470395529,1.0898381302182307,0.6464919874960953,0.5309953248537633,-0.31277534125475037,-0.03333401214646792,-0.04172835001636621,-0.3846130075389462,1.4278991291292322,0.6067783314952871,1.1762442478685418,-0.1367447289522491,-0.8208203027932078,-0.03687211083455477,-0.2807493273657534
23-1_06_21,0.6112727631812702,-0.06660910081712446,-0.3074835003233932,-0.10828470766785636,-1.0264148614557027,-0.6260459863145502,1.3391427902787287,-2.8763451780043976,0.2595037122006425,-0.41190897538000426,0.6526791137174064,0.17626921358973635,1.1227695754015896,-0.10516060289726625,-0.013541725851545117,-0.02315048944812781,-0.00901788778387247,0.5987925406588118,1.147780628115915,0.6555638537595934,-0.03872662092995116,-0.02664912120453866,0.20907108449610257,0.28683536942879534,-0.010101085609753646,-0.018070995088560915,1.12982714376087,-0.3044691960605598,-0.031082933581281558,-0.17715375553677706,0.11432605350574253,0.7727637697643923,0.47199447144697115,-1.0116772889240324,0.46537590912889326,-0.03333401214646792,-0.04172835001636621,-0.3846130075389462,-0.3574307058815349,0.7978060765311824,0.8170636008648289,-0.1367447289522491,-0.8208203027932078,-0.03687211083455477,-0.1575941434978707
23-1_07_20,-0.6803497639608798,-0.06660910081712446,-0.3074835003233932,-0.10828470766785636,0.9779065123269399,-0.6260459863145502,-1.8429864237742695,-1.5541258832704783,-0.0479795148548563,-0.41190897538000426,-0.416216754568812,0.4700561571326347,0.4574277485294195,-0.10516060289726625,-0.013541725851545117,-0.02315048944812781,-0.00901788778387247,-0.3057621845914056,-1.2851886627584908,0.6971134939184076,-0.03872662092995116,-0.02664912120453866,0.3809252906085292,0.34512585759350106,-0.010101085609753646,-0.018070995088560915,-0.8524440892786984,-0.3044691960605598,-0.031082933581281558,0.3482721787574405,-0.03937555953435335,0.7727637697643923,0.28929098874605297,0.6157959661356028,-0.31277534125475037,-0.03333401214646792,-0.04172835001636621,-0.3846130075389462,-0.3574307058815349,-1.6509002433738975,0.8170636008648289,-0.1367447289522491,-0.8208203027932078,-0.03687211083455477,0.08313995027885945
23-1_09_20,-0.6803497639608798,-0.06660910081712446,-0.3074835003233932,0.6148189763848818,1.673422864411543,-0.6260459863145502,0.6057198961308103,-1.384983484170125,0.21502544047914052,-0.41190897538000426,0.7981309790247744,0.6214890451110338,0.30616007319877037,-0.10516060289726625,-0.013541725851545117,-0.02315048944812781,-0.00901788778387247,0.42050231750319234,-1.2851886627584908,0.2657497297594203,-0.03872662092995116,-0.02664912120453866,0.5993543809667483,0.018027978505539083,-0.010101085609753646,-0.018070995088560915,0.1017984201606265,-0.3044691960605598,-0.031082933581281558,-0.8433312464764884,0.11432605350574253,0.43774927679004366,0.18157192394262167,-0.03404394477598465,-0.31277534125475037,-0.03333401214646792,-0.04172835001636621,1.5238720113397035,-0.3574307058815349,1.8071329491226087,0.9284597641577859,-0.1367447289522491,-0.8208203027932078,-0.03687211083455477,0.08313995027885945
23-1_11_20,0.43040023217960677,-0.06660910081712446,-0.3074835003233932,-0.10828470766785636,-1.0264148614557027,-0.6260459863145502,0.48129603152342315,1.0045255545280258,-0.17727430084020446,-0.41190897538000426,0.4416547928470369,0.18447918363456606,0.7088989647525766,-0.10516060289726625,-0.013541725851545117,-0.02315048944812781,-0.00901788778387247,-0.15796056502360145,1.05920361092662,-0.034222300748227075,-0.03872662092995116,-0.02664912120453866,-0.004425590755487874,0.0841994308692886,-0.010101085609753646,-0.018070995088560915,0.1889485958795267,-0.3044691960605598,-0.031082933581281558,0.1195974421479292,-0.31272274518221144,-0.7185979240698804,-0.15841252453754942,-0.42557226939089954,0.6166435844595424,-0.03333401214646792,-0.04172835001636621,1.400716827471821,-0.3574307058815349,1.218917964605431,-0.09371321479340572,-0.1367447289522491,1.5958202045450731,0.808225929179702,-2.0660791623765205
23-2_01_21,0.23042705169735486,-0.06660910081712446,1.4000866757745432,-0.10828470766785636,-1.0264148614557027,-0.6260459863145502,1.2472716291570467,-1.5541258832704783,0.22484835154400895,-0.41190897538000426,0.6478260686720414,0.367562331495211,0.6011159211505583,-0.10516060289726625,-0.013541725851545117,-0.02315048944812781,-0.00901788778387247,-0.36881393033849463,1.5479584491542944,0.5048354737694511,-0.03872662092995116,-0.02664912120453866,1.2145181682174613,0.7302035719944577,-0.010101085609753646,-0.018070995088560915,1.0769748364355944,-0.3044691960605598,-0.031082933581281558,0.5319165757035677,0.9221815561906385,1.420230872866858,0.7946964260672875,0.9443350983619409,0.8913446414011744,1.2888852825874513,-0.04172835001636621,1.6607099712477111,-0.3574307058815349,1.435815420570985,1.5339451945095497,-0.1367447289522491,-0.8208203027932078,-0.03687211083455477,-0.453295305656785
23-2_03_21,-0.38978520197506344,-0.06660910081712446,1.0147357944105262,-0.10828470766785636,-1.0264148614557027,-0.6260459863145502,0.9136496844715787,-2.8763451780043976,0.06776050760216523,-0.41190897538000426,0.1650394534620645,-0.032517063187378126,0.0720768671654024,-0.10516060289726625,-0.013541725851545117,-0.02315048944812781,-0.00901788778387247,0.37400935770340604,1.05920361092662,-0.2863362866067034,-0.03872662092995116,-0.02664912120453866,-1.326644885489407,-0.5020662932754418,-0.010101085609753646,-0.018070995088560915,0.14755591072130161,-0.3044691960605598,-0.031082933581281558,-0.8433312464764884,-0.24850347767734232,-0.7185979240698804,-0.300231796426668,-0.9969500259323955,-0.31277534125475037,-0.03333401214646792,-0.04172835001636621,-0.3846130075389462,-0.3574307058815349,1.0401812487490711,0.07542918430694767,-0.1367447289522491,-0.8208203027932078,-0.03687211083455477,-0.7438598676426011
23-2_05_20,-0.6803497639608798,-0.06660910081712446,-0.3074835003233932,0.4779810164768741,1.618023728012136,-0.6260459863145502,1.0149488409451595,-2.8763451780043976,0.36176130618228464,1.2008748813397312,0.7245684827025312,0.7123712517377794,-1.250142427568517,-0.10516060289726625,-0.013541725851545117,-0.02315048944812781,-0.00901788778387247,0.17525411401178093,-1.2851886627584908,0.4986838910063434,-0.03872662092995116,-0.02664912120453866,0.2861389712303283,-0.03708620864832038,-0.010101085609753646,-0.018070995088560915,-0.8524440892786984,-0.3044691960605598,-0.031082933581281558,0.160599047151944,0.036566394592911874,-0.7185979240698804,0.03799788616272293,-0.2530303421035715,-0.31277534125475037,-0.03333401214646792,-0.04172835001636621,-0.3846130075389462,-0.3574307058815349,1.1626807451942947,-0.09371321479340572,-0.1367447289522491,-0.8208203027932078,-0.03687211083455477,2.1551002582219776
23-2_05_21,0.2042568173370507,-0.06660910081712446,1.8417356123319868,-0.10828470766785636,-1.0264148614557027,-0.6260459863145502,1.4427958500051254,-1.6722251953484728,-0.003524257599425873,-0.41190897538000426,0.6146521107271681,0.24036504452332674,0.4126154041130572,-0.10516060289726625,-0.013541725851545117,-0.02315048944812781,-0.00901788778387247,1.0164571101425137,1.6018657152924662,0.1168588620255922,-0.03872662092995116,2.180176754827311,0.1153119521670043,0.3633093394880092,-0.010101085609753646,-0.018070995088560915,0.3780048320995756,-0.3044691960605598,-0.031082933581281558,-0.8433312464764884,0.46398422558002084,0.6036213706640389,0.324192851879167,0.48095256072186005,-0.31277534125475037,-0.03333401214646792,-0.04172835001636621,1.400716827471821,-0.3574307058815349,1.374815140527443,0.4353258391917502,-0.1367447289522491,-0.8208203027932078,-0.03687211083455477,-0.7438598676426011
23-2_06_21,-0.6803497639608798,-0.06660910081712446,-0.3074835003233932,-0.10828470766785636,-1.0264148614557027,-0.6260459863145502,-1.8429864237742695,-2.8763451780043976,-2.2706959860024396,-0.41190897538000426,-2.172972277221331,-2.7191533324496717,-1.250142427568517,-0.10516060289726625,-0.013541725851545117,-0.02315048944812781,-0.00901788778387247,-1.5729339129944195,-1.2851886627584908,-1.4176152012460224,-0.03872662092995116,-0.02664912120453866,-1.326644885489407,-1.1787599029003084,-0.010101085609753646,-0.018070995088560915,-0.8524440892786984,-0.3044691960605598,-0.031082933581281558,-0.8433312464764884,-1.0996126099435142,-0.7185979240698804,-1.3689476087961279,-0.9969500259323955,-0.31277534125475037,-0.03333401214646792,-0.04172835001636621,-0.3846130075389462,-0.3574307058815349,-1.6509002433738975,-1.415932509527325,-0.1367447289522491,-0.8208203027932078,-0.03687211083455477,-2.0660791623765205
23-2_07_20,-0.6803497639608798,-0.06660910081712446,-0.3074835003233932,-0.10828470766785636,1.7147367373960825,-0.6260459863145502,0.873851299525255,-1.1281571509981974,0.5878412115671994,-0.41190897538000426,0.17994341583543072,0.9571744014316488,0.6843560236750508,-0.10516060289726625,-0.013541725851545117,-0.02315048944812781,-0.00901788778387247,0.9501619252581485,-1.2851886627584908,0.47871645438771265,-0.03872662092995116,-0.02664912120453866,0.1153119521670043,0.3345528432917712,-0.010101085609753646,-0.018070995088560915,0.3236471697769828,-0.3044691960605598,-0.031082933581281558,0.7184204409854689,0.08763289258088476,-0.7185979240698804,0.28010894520805807,0.26482372193534554,0.46537590912889326,-0.03333401214646792,-0.04172835001636621,1.5744283847821472,-0.3574307058815349,0.7820690475005084,0.5883888642553177,-0.1367447289522491,-0.8208203027932078,-0.03687211083455477,1.4805868626936638
23-2_11_20,-0.6803497639608798,-0.06660910081712446,1.1838781935108795,-0.10828470766785636,-1.0264148614557027,-0.6260459863145502,0.5014058499108414,-2.8763451780043976,-0.1668922650464828,-0.41190897538000426,0.12101998748751708,-0.010732432314958684,-1.250142427568517,-0.10516060289726625,-0.013541725851545117,-0.02315048944812781,-0.00901788778387247,0.49152407623249894,0.9958447044892369,0.0109007200401387,-0.03872662092995116,-0.02664912120453866,0.5993543809667483,0.3688390103451004,-0.010101085609753646,-0.018070995088560915,-0.8524440892786984,-0.3044691960605598,-0.031082933581281558,0.5482453592396924,0.06647800533949001,0.8573592646938768,0.09841380863437837,0.2859096247498608,-0.31277534125475037,-0.03333401214646792,-0.04172835001636621,1.6197083662436964,-0.3574307058815349,1.3495338341054213,0.8651008577204027,-0.1367447289522491,-0.8208203027932078,-0.03687211083455477,1.3812339464470478
24-0_01_21,0.7225254623866701,-0.06660910081712446,-0.3074835003233932,-0.10828470766785636,-1.0264148614557027,1.6316325885546343,0.7491903336215973,0.8545178140420964,0.6602530451650834,-0.41190897538000426,0.3348724477147005,-0.9709653054434711,-1.250142427568517,-0.10516060289726625,-0.013541725851545117,-0.02315048944812781,-0.00901788778387247,0.5525473527061745,-1.2851886627584908,0.9252717174417713,-0.03872662092995116,-0.02664912120453866,0.6917781973373788,0.5288102731976279,-0.010101085609753646,-0.018070995088560915,0.6790348277635567,-0.3044691960605598,-0.031082933581281558,0.6080364573921241,0.40850635095127763,0.7727637697643923,0.6602428483953917,0.5647649950019925,0.46537590912889326,-0.03333401214646792,-0.04172835001636621,-0.3846130075389462,1.2553531508382005,0.30814114894719613,0.7630444377658445,-0.1367447289522491,-0.8208203027932078,-0.03687211083455477,0.2783131113085904
24-0_03_21,0.5668048509202469,-0.06660910081712446,-0.3074835003233932,-0.10828470766785636,-1.0264148614557027,-0.6260459863145502,-0.05765658876350244,0.35563384882710647,0.32918708607124825,-0.41190897538000426,0.025980024169136584,-2.7191533324496717,0.0720768671654024,-0.10516060289726625,-0.013541725851545117,-0.02315048944812781,-0.00901788778387247,0.7302621444260694,-1.2851886627584908,0.8086055067994613,-0.03872662092995116,-0.02664912120453866,0.9310336893797774,0.4806129195798537,-0.010101085609753646,-0.018070995088560915,0.4028284158246077,-0.3044691960605598,-0.031082933581281558,0.23254736402105086,0.4552162060642806,0.9596168586755189,0.5395374100825219,0.2426615520942712,0.6166435844595424,-0.03333401214646792,-0.04172835001636621,-0.3846130075389462,-0.3574307058815349,-1.6509002433738975,1.2185447606334066,-0.1367447289522491,-0.8208203027932078,-0.03687211083455477,-0.3585089862785841
24-0_05_20,0.6795760176790329,-0.06660910081712446,-0.3074835003233932,-0.10828470766785636,1.9331035155172955,0.8653157075197224,0.3900096866178844,0.3898865186854956,0.5435516097294806,1.295661200717932,0.38957618180382947,-2.7191533324496717,-0.04602244491259211,-0.10516060289726625,-0.013541725851545117,-0.02315048944812781,-0.00901788778387247,0.9056325825994239,-1.2851886627584908,-0.4719728635686151,-0.03872662092995116,-0.02664912120453866,0.20907108449610257,0.48651948307931586,-0.010101085609753646,-0.018070995088560915,0.4028284158246077,1.0177500986733596,-0.031082933581281558,0.6846499779803324,0.1574217413160786,-0.7185979240698804,0.12241408503814483,0.16845580310863667,-0.31277534125475037,-0.03333401214646792,-0.04172835001636621,-0.3846130075389462,-0.3574307058815349,0.30814114894719613,0.29163766657061135,-0.1367447289522491,1.4486926414247083,-0.03687211083455477,-0.1575941434978707
24-0_05_21,0.3006269987256899,-0.06660910081712446,-0.3074835003233932,0.6148189763848818,-1.0264148614557027,1.7183462873705606,1.049664610103031,0.3851555951938823,0.35871361310027927,-0.41190897538000426,0.3716184517285501,-1.2277916386153989,0.2412192662657558,-0.10516060289726625,-0.013541725851545117,-0.02315048944812781,-0.00901788778387247,1.4608917809588906,0.2061730310757819,1.1041380305522248,-0.03872662092995116,-0.02664912120453866,-0.004425590755487874,0.825945224978085,-0.010101085609753646,-0.018070995088560915,-0.8524440892786984,-0.3044691960605598,-0.031082933581281558,0.8719121766111346,0.4668679976757758,1.8389092778357776,0.7691294232274282,0.4943766539780238,0.46537590912889326,-0.03333401214646792,-0.04172835001636621,-0.3846130075389462,-0.3574307058815349,0.7657402639643837,1.0626339860665184,-0.1367447289522491,0.5013989919407115,-0.03687211083455477,0.9299944921087548
24-0_07_20,0.1466500539605809,-0.06660910081712446,-0.3074835003233932,-0.10828470766785636,1.5767295111644797,-0.6260459863145502,0.46020963364621936,0.30863001269386325,0.28681121590321834,-0.41190897538000426,-0.2689411429522446,-2.7191533324496717,-1.250142427568517,-0.10516060289726625,-0.013541725851545117,-0.02315048944812781,-0.00901788778387247,0.012526816514081274,-1.2851886627584908,0.2092683738069721,-0.03872662092995116,-0.02664912120453866,0.1153119521670043,0.005525834770644389,-0.010101085609753646,-0.018070995088560915,-0.15347408494267958,-0.3044691960605598,-0.031082933581281558,-0.8433312464764884,-0.5334195193700801,-0.7185979240698804,-0.1336597016243892,-0.2530303421035715,-0.31277534125475037,-0.03333401214646792,-0.04172835001636621,-0.3846130075389462,-0.3574307058815349,-1.6509002433738975,0.4353258391917502,1.0673752537036756,0.5013989919407115,-0.03687211083455477,-0.10703777005542692
24-0_09_20,0.43040023217960677,-0.06660910081712446,-0.3074835003233932,-0.10828470766785636,1.9783362941352984,-0.6260459863145502,0.6635186086306026,0.7252803015495473,0.5272636577347565,-0.41190897538000426,0.5633320153618195,-1.3041799844788535,-1.250142427568517,-0.10516060289726625,-0.013541725851545117,-0.02315048944812781,-0.00901788778387247,0.42050231750319234,-1.2851886627584908,-0.10152145914616528,-0.03872662092995116,-0.02664912120453866,0.059556719911386335,-0.25856201321650873,-0.010101085609753646,-0.018070995088560915,-0.8524440892786984,-0.3044691960605598,-0.031082933581281558,0.3963094356130142,-0.2957559593249686,-0.7185979240698804,-0.07207357290330435,-0.9969500259323955,-0.31277534125475037,-0.03333401214646792,-0.04172835001636621,-0.3846130075389462,-0.3574307058815349,1.0741942777075715,0.07542918430694767,-0.1367447289522491,-0.8208203027932078,-0.03687211083455477,0.11289778491664904
24-0_11_20,-0.6803497639608798,-0.06660910081712446,-0.3074835003233932,-0.10828470766785636,-1.0264148614557027,-0.6260459863145502,-1.8429864237742695,-1.4613718300335796,-1.668635994674477,-0.41190897538000426,-1.8227883566633754,-2.7191533324496717,-1.250142427568517,-0.10516060289726625,-0.013541725851545117,-0.02315048944812781,-0.00901788778387247,-1.5729339129944195,-1.2851886627584908,-1.1856661247253402,-0.03872662092995116,-0.02664912120453866,-1.326644885489407,-1.1787599029003084,-0.010101085609753646,-0.018070995088560915,-0.8524440892786984,-0.3044691960605598,-0.031082933581281558,-0.8433312464764884,-1.0996126099435142,-0.7185979240698804,-1.3689476087961279,-0.9969500259323955,-0.31277534125475037,-0.03333401214646792,-0.04172835001636621,-0.3846130075389462,-0.3574307058815349,-1.6509002433738975,-1.415932509527325,-0.1367447289522491,-0.8208203027932078,-0.03687211083455477,-2.0660791623765205
24-1_01_21,-0.6803497639608798,-0.06660910081712446,-0.3074835003233932,-0.10828470766785636,-1.0264148614557027,-0.6260459863145502,-1.8429864237742695,-1.1687750019064613,-1.5717259816664209,-0.41190897538000426,-1.7629972585109435,-2.7191533324496717,-1.250142427568517,-0.10516060289726625,-0.013541725851545117,-0.02315048944812781,-0.00901788778387247,-1.5729339129944195,-1.2851886627584908,-1.2863362866067034,-0.03872662092995116,-0.02664912120453866,-1.326644885489407,-1.1787599029003084,-0.010101085609753646,-0.018070995088560915,-0.8524440892786984,-0.3044691960605598,-0.031082933581281558,-0.8433312464764884,-1.0996126099435142,-0.7185979240698804,-1.1998052096957745,-0.9969500259323955,-0.31277534125475037,-0.03333401214646792,-0.04172835001636621,-0.3846130075389462,-0.3574307058815349,-1.6509002433738975,-1.415932509527325,-0.1367447289522491,0.22057238236501725,-0.03687211083455477,-2.0660791623765205
24-1_03_21,-0.6803497639608798,-0.06660910081712446,-0.3074835003233932,-0.10828470766785636,-1.0264148614557027,-0.6260459863145502,-1.8429864237742695,-2.8763451780043976,-2.2706959860024396,-0.41190897538000426,-2.2514362737551386,-2.7191533324496717,-1.250142427568517,-0.10516060289726625,-0.013541725851545117,-0.02315048944812781,-0.00901788778387247,-1.5729339129944195,-1.2851886627584908,-1.30564144180209,-0.03872662092995116,-0.02664912120453866,-1.326644885489407,-1.1787599029003084,-0.010101085609753646,-0.018070995088560915,-0.8524440892786984,-0.3044691960605598,-0.031082933581281558,-0.8433312464764884,-1.0996126099435142,-0.7185979240698804,-1.3689476087961279,-0.9969500259323955,-0.31277534125475037,-0.03333401214646792,-0.04172835001636621,-0.3846130075389462,-0.3574307058815349,-1.6509002433738975,-1.415932509527325,-0.1367447289522491,-0.8208203027932078,-0.03687211083455477,-2.0660791623765205
24-1_05_20,0.8613483182630615,-0.06660910081712446,-0.3074835003233932,-0.10828470766785636,2.3485166925224856,-0.6260459863145502,0.9430547864682848,0.7935293244854051,0.575022031964219,1.4965760434986455,0.5497500070382044,-0.8383397401688801,0.30616007319877037,-0.10516060289726625,-0.013541725851545117,-0.02315048944812781,-0.00901788778387247,0.4624958251901289,-1.2851886627584908,-0.29781610429013355,-0.03872662092995116,-0.02664912120453866,0.1153119521670043,0.39027941926991133,-0.010101085609753646,-0.018070995088560915,0.1889485958795267,1.186892497773713,-0.031082933581281558,0.4596683420503973,0.2836771878220258,-0.7185979240698804,0.14198020838273806,0.2859096247498608,0.46537590912889326,-0.03333401214646792,-0.04172835001636621,-0.3846130075389462,-0.3574307058815349,0.30814114894719613,0.07542918430694767,-0.1367447289522491,2.6257168642804363,-0.03687211083455477,0.7055083185047348
24-1_05_21,0.042753920091858466,-0.06660910081712446,-0.3074835003233932,-0.10828470766785636,-1.0264148614557027,0.9867378704051852,0.5736540835640116,0.7001113544012227,0.4014018719332779,-0.41190897538000426,0.43745029960379456,-1.2277916386153989,-0.20874974241029182,-0.10516060289726625,-0.013541725851545117,-0.02315048944812781,-0.00901788778387247,0.8640234176750302,-1.2851886627584908,0.2839019921038763,-0.03872662092995116,-0.02664912120453866,-0.004425590755487874,0.1939548877080184,-0.010101085609753646,-0.018070995088560915,-0.8524440892786984,-0.3044691960605598,-0.031082933581281558,0.41847212578577553,0.10780499282239069,0.5285566908112462,0.26596129414676595,-0.03404394477598465,0.46537590912889326,-0.03333401214646792,-0.04172835001636621,-0.3846130075389462,-0.3574307058815349,1.135140966868657,0.369397325483442,-0.1367447289522491,0.38329967986271696,-0.03687211083455477,-2.0660791623765205
24-1_06_21,-0.6803497639608798,-0.06660910081712446,-0.3074835003233932,-0.10828470766785636,-1.0264148614557027,-0.6260459863145502,1.5996501020079623,1.290706180733483,-0.7935747312827772,-0.41190897538000426,0.710811127045939,-0.9709653054434711,-1.250142427568517,-0.10516060289726625,-0.013541725851545117,-0.02315048944812781,-0.00901788778387247,0.17525411401178093,0.623296356120159,-0.20715504055907863,-0.03872662092995116,-0.02664912120453866,0.059556719911386335,-0.36944072800085104,-0.010101085609753646,-0.018070995088560915,0.5092837467388945,-0.3044691960605598,-0.031082933581281558,-0.8433312464764884,-0.753355074342156,0.43774927679004366,-0.7826818846513974,-0.33078817538899924,0.6166435844595424,-0.03333401214646792,-0.04172835001636621,-0.3846130075389462,-0.3574307058815349,1.3451734111113778,-1.415932509527325,-0.1367447289522491,-0.8208203027932078,-0.03687211083455477,-0.061757788593877816
24-1_07_20,0.49019133033203854,-0.06660910081712446,-0.3074835003233932,-0.10828470766785636,1.9608043684523022,1.5529309609786193,1.3694675372660063,0.9168163512411533,0.5081784860003,1.295661200717932,0.4499436013868017,-0.8678949837305963,-1.250142427568517,-0.10516060289726625,-0.013541725851545117,-0.02315048944812781,-0.00901788778387247,0.3487525624891826,-1.2851886627584908,0.103214981359046,-0.03872662092995116,-0.02664912120453866,-0.07949027060828054,-0.06601130920641515,1.481260608224519,-0.018070995088560915,-0.15347408494267958,-0.3044691960605598,-0.031082933581281558,0.1195974421479292,-0.2636901467581697,-0.7185979240698804,0.09130572063623904,-0.42557226939089954,0.7286173439034747,-0.03333401214646792,-0.04172835001636621,-0.3846130075389462,-0.3574307058815349,0.9629415785021719,0.19685134719241043,1.0673752537036756,-0.8208203027932078,-0.03687211083455477,1.5069085458216844
24-1_09_20,0.17640788859837045,-0.06660910081712446,-0.3074835003233932,-0.10828470766785636,2.3201336970927713,1.1592838486962167,0.7491903336215973,0.9813490797821522,0.2220644030243979,1.2008748813397312,0.4198465749506719,-1.1628508316823842,-1.250142427568517,-0.10516060289726625,-0.013541725851545117,-0.02315048944812781,-0.00901788778387247,-0.11808905298590922,-1.2851886627584908,0.13797708761825794,-0.03872662092995116,-0.02664912120453866,0.059556719911386335,-0.24934097718601575,-0.010101085609753646,-0.018070995088560915,-0.007346049264441573,-0.3044691960605598,-0.031082933581281558,0.3221019443971363,-0.4794003562710957,-0.7185979240698804,0.00867082233719857,-0.42557226939089954,0.46537590912889326,-0.03333401214646792,-0.04172835001636621,-0.3846130075389462,-0.3574307058815349,1.3038245476051658,-1.415932509527325,1.648585106058518,-0.8208203027932078,-0.03687211083455477,-0.2807493273657534
24-1_11_20,0.49019133033203854,-0.06660910081712446,-0.3074835003233932,-0.10828470766785636,-1.0264148614557027,1.7183462873705606,0.8300344833546267,0.9484962937493031,0.47359699712023673,-0.41190897538000426,0.533971094332754,-2.7191533324496717,-1.250142427568517,-0.10516060289726625,-0.013541725851545117,-0.02315048944812781,-0.00901788778387247,0.5359692146728939,-1.2851886627584908,0.44884589038376005,-0.03872662092995116,-0.02664912120453866,0.20907108449610257,0.24652971354648567,-0.010101085609753646,-0.018070995088560915,0.2267371567689265,-0.3044691960605598,-0.031082933581281558,0.23254736402105086,0.028755132188535495,0.32279476108834465,0.23620345950897637,-0.12987804965113015,-0.31277534125475037,-0.03333401214646792,-0.04172835001636621,-0.3846130075389462,1.1339309879527377,1.3180494376074452,0.5431088827937685,-0.1367447289522491,-0.8208203027932078,-0.03687211083455477,0.2149542048712072
24-2_01_21,0.1466500539605809,-0.06660910081712446,-0.3074835003233932,0.6148189763848818,-1.0264148614557027,1.773627735166488,1.060646092309968,0.2031978293985084,-0.08317526516597651,-0.41190897538000426,0.48326851901908285,-2.7191533324496717,-1.250142427568517,-0.10516060289726625,-0.013541725851545117,-0.02315048944812781,-0.00901788778387247,0.13463626310351695,-1.2851886627584908,0.5560558600316285,-0.03872662092995116,-0.02664912120453866,0.24931230327435006,0.34628490413653673,-0.010101085609753646,-0.018070995088560915,0.2614992630281384,-0.3044691960605598,-0.031082933581281558,-0.8433312464764884,0.2966292754236607,-0.7185979240698804,0.24383624792360759,0.04441820959410684,0.6166435844595424,-0.03333401214646792,-0.04172835001636621,-0.3846130075389462,-0.3574307058815349,0.6301331238738302,0.7908933665045248,-0.1367447289522491,-0.8208203027932078,-0.03687211083455477,0.5783594270913182
24-2_03_21,-0.6803497639608798,-0.06660910081712446,-0.3074835003233932,-0.10828470766785636,-1.0264148614557027,-0.6260459863145502,-1.8429864237742695,-2.8763451780043976,-2.2706959860024396,-0.41190897538000426,-2.347272628659131,-2.7191533324496717,-1.250142427568517,-0.10516060289726625,-0.013541725851545117,-0.02315048944812781,-0.00901788778387247,-1.5729339129944195,-1.2851886627584908,-1.4176152012460224,-0.03872662092995116,-0.02664912120453866,-1.326644885489407,-1.1787599029003084,-0.010101085609753646,-0.018070995088560915,-0.8524440892786984,-0.3044691960605598,-0.031082933581281558,-0.8433312464764884,-1.0996126099435142,-0.7185979240698804,-1.3689476087961279,-0.9969500259323955,-0.31277534125475037,-0.03333401214646792,-0.04172835001636621,-0.3846130075389462,-0.3574307058815349,-1.6509002433738975,-1.415932509527325,-0.1367447289522491,-0.8208203027932078,-0.03687211083455477,-2.0660791623765205
24-2_05_20,-0.15131070997572366,-0.06660910081712446,-0.3074835003233932,-0.10828470766785636,1.5429590481593431,0.8653157075197224,0.6057198961308103,0.17903315337060244,0.10770191494569814,1.0794527184542684,0.41542445508885817,-1.3969340377157522,-0.20874974241029182,-0.10516060289726625,-0.013541725851545117,-0.02315048944812781,-0.00901788778387247,0.6663655661324731,-1.2851886627584908,-0.9077014331300525,-0.03872662092995116,-0.02664912120453866,-1.326644885489407,-0.3078545992797661,-0.010101085609753646,-0.018070995088560915,-0.8524440892786984,-0.3044691960605598,-0.031082933581281558,0.3221019443971363,-0.43136309941552203,-0.7185979240698804,-0.49804230517558556,-0.9969500259323955,-0.31277534125475037,-0.03333401214646792,-0.04172835001636621,-0.3846130075389462,-0.3574307058815349,0.25758477550475234,-1.415932509527325,-0.1367447289522491,1.6430726861926996,0.808225929179702,1.724276384037866
24-2_05_21,-0.21723922368403198,-0.06660910081712446,-0.3074835003233932,-0.10828470766785636,-1.0264148614557027,0.9867378704051852,1.2104761811511857,0.9185609285124063,0.5475299076115159,-0.41190897538000426,0.26683002291872304,-2.7191533324496717,-1.250142427568517,-0.10516060289726625,-0.013541725851545117,-0.02315048944812781,-0.00901788778387247,0.6131744668187858,0.7601343160281666,-0.09418109598042196,-0.03872662092995116,-0.02664912120453866,0.3809252906085292,0.015556176261571852,-0.010101085609753646,-0.018070995088560915,0.44858590638528284,-0.3044691960605598,-0.031082933581281558,0.160599047151944,0.23748123737362525,-0.7185979240698804,0.23876265655454076,0.11085039221348296,-0.31277534125475037,-0.03333401214646792,-0.04172835001636621,-0.3846130075389462,-0.3574307058815349,0.43188512694255266,0.7908933665045248,-0.1367447289522491,-0.8208203027932078,-0.03687211083455477,-0.3585089862785841
24-2_07_20,0.11470223696096529,-0.06660910081712446,-0.3074835003233932,-0.10828470766785636,1.5188922550101214,0.8653157075197224,-0.05765658876350244,0.21567329274839953,0.09103185001515324,-0.41190897538000426,-0.25876466564707523,-2.7191533324496717,-0.20874974241029182,-0.10516060289726625,-0.013541725851545117,-0.02315048944812781,-0.00901788778387247,0.39787769787809835,-1.2851886627584908,-0.1415590902194242,-0.03872662092995116,-0.02664912120453866,-0.44203830419147677,-0.357574020291463,-0.010101085609753646,-0.018070995088560915,-0.8524440892786984,-0.3044691960605598,-0.031082933581281558,-0.03346558291563814,-0.753355074342156,-0.7185979240698804,-0.665861038265277,-0.9969500259323955,0.46537590912889326,-0.03333401214646792,-0.04172835001636621,-0.3846130075389462,-0.3574307058815349,-1.6509002433738975,0.07542918430694767,-0.1367447289522491,-0.8208203027932078,-0.03687211083455477,0.47922795408930363
24-2_09_20,0.23042705169735486,-0.06660910081712446,-0.3074835003233932,-0.10828470766785636,1.0908564342000615,-0.6260459863145502,-1.8429864237742695,-0.7935598076879475,-0.38988239372164823,-0.41190897538000426,-0.7947095558671232,-2.7191533324496717,-1.250142427568517,-0.10516060289726625,-0.013541725851545117,-0.02315048944812781,-0.00901788778387247,-0.08157221916014673,-1.2851886627584908,-0.3513989323627652,-0.03872662092995116,-0.02664912120453866,-0.44203830419147677,-0.6026654746088163,-0.010101085609753646,-0.018070995088560915,-0.8524440892786984,-0.3044691960605598,-0.031082933581281558,-0.8433312464764884,-1.0996126099435142,-0.7185979240698804,-0.7566684522864795,-0.9969500259323955,-0.31277534125475037,-0.03333401214646792,-0.04172835001636621,-0.3846130075389462,-0.3574307058815349,-1.6509002433738975,-1.415932509527325,-0.1367447289522491,-0.8208203027932078,-0.03687211083455477,-2.0660791623765205
25-0_01_21,-0.38978520197506344,-0.06660910081712446,-0.3074835003233932,-0.10828470766785636,-1.0264148614557027,0.6961733084193691,0.06549859510438027,0.40491550905061535,-0.04280928138876594,1.0794527184542684,0.12028980450368532,0.06331929171661477,0.5351874074422501,-0.10516060289726625,-0.013541725851545117,-0.02315048944812781,-0.00901788778387247,-1.5729339129944195,-1.2851886627584908,0.8686034364747466,-0.03872662092995116,-0.02664912120453866,0.9310336893797774,0.4292692043132263,-0.010101085609753646,-0.018070995088560915,-0.8524440892786984,-0.3044691960605598,-0.031082933581281558,0.19806143868173673,0.2836771878220258,1.016468425614415,0.5408121233014571,0.14060752820213834,-0.31277534125475037,-0.03333401214646792,-0.04172835001636621,-0.3846130075389462,-0.3574307058815349,0.6067783314952871,0.8872635478931639,-0.1367447289522491,-0.8208203027932078,-0.03687211083455477,1.553118553416427
25-0_03_21,0.1466500539605809,-0.06660910081712446,1.0147357944105262,-0.10828470766785636,-1.0264148614557027,0.9867378704051852,0.46020963364621936,0.46429719955630766,0.010337381245288046,-0.41190897538000426,-0.03588508421424086,-0.16164613054401356,0.4574277485294195,-0.10516060289726625,-0.013541725851545117,-0.02315048944812781,-0.00901788778387247,-1.5729339129944195,0.9724899121106938,-0.08103775646523592,-0.03872662092995116,-0.02664912120453866,-0.17029768462948308,-0.09062381419975717,-0.010101085609753646,-0.018070995088560915,0.44858590638528284,-0.3044691960605598,-0.031082933581281558,0.1195974421479292,0.1333215513034091,-0.7185979240698804,-0.17794930346210813,-0.33078817538899924,0.46537590912889326,-0.03333401214646792,-0.04172835001636621,-0.3846130075389462,-0.3574307058815349,-1.6509002433738975,-1.415932509527325,-0.1367447289522491,1.4368582720759768,-0.03687211083455477,-2.0660791623765205
25-0_05_20,-0.6803497639608798,-0.06660910081712446,-0.3074835003233932,-0.10828470766785636,1.4934131323200162,-0.6260459863145502,0.27428487188149475,-0.2173803353399626,0.2620583929900582,0.910310319353915,0.19466083339903006,-1.3969340377157522,0.16483092040230107,-0.10516060289726625,-0.013541725851545117,-0.02315048944812781,-0.00901788778387247,-0.3057621845914056,-1.2851886627584908,-0.4807467878761203,-0.03872662092995116,-0.02664912120453866,-0.17029768462948308,0.2362134450705095,-0.010101085609753646,-0.018070995088560915,-0.8524440892786984,-0.3044691960605598,-0.031082933581281558,-0.8433312464764884,-0.10925209404306727,0.5285566908112462,-0.27452639619176616,-0.42557226939089954,-0.31277534125475037,-0.03333401214646792,-0.04172835001636621,-0.3846130075389462,-0.3574307058815349,0.13442959163686963,0.19685134719241043,-0.1367447289522491,2.063408466839396,-0.03687211083455477,0.44042587002835165
25-0_05_21,0.11470223696096529,1.255610193916795,-0.3074835003233932,-0.10828470766785636,-1.0264148614557027,1.081524189783386,0.7491903336215973,-0.22701031929225568,0.15090794086739145,-0.41190897538000426,0.048323381922140474,0.6798277342084595,0.36264142915121855,-0.10516060289726625,-0.013541725851545117,-0.02315048944812781,-0.00901788778387247,0.0655553439602179,1.2957363129171287,0.5754318183380982,-0.03872662092995116,-0.02664912120453866,-0.004425590755487874,0.2566066037123528,-0.010101085609753646,-0.018070995088560915,0.760339767441037,-0.3044691960605598,-0.031082933581281558,0.19806143868173673,0.46108117678974503,-0.7185979240698804,0.42808898574788956,0.2859096247498608,0.46537590912889326,-0.03333401214646792,-0.04172835001636621,-0.3846130075389462,1.2553531508382005,-0.1595385495396247,0.369397325483442,1.2782286190185688,1.7306296951796671,-0.03687211083455477,-0.2807493273657534
25-0_06_21,0.6418695307730395,-0.06660910081712446,-0.3074835003233932,-0.10828470766785636,-1.0264148614557027,1.2824390325640995,0.9286010571069858,0.5004142174004822,0.8022887586254908,-0.41190897538000426,0.3195572330451697,0.941806959326412,0.899076685086863,-0.10516060289726625,-0.013541725851545117,-0.02315048944812781,-0.00901788778387247,1.2649700315985228,0.2061730310757819,0.66390153774407,-0.03872662092995116,-0.02664912120453866,0.6631014801450398,0.9601627732183748,-0.010101085609753646,-0.018070995088560915,0.29368394639953965,-0.3044691960605598,-0.031082933581281558,0.7497533385260182,0.6625350873149386,0.32279476108834465,0.8517829452841317,0.42551688068686605,0.6166435844595424,-0.03333401214646792,1.280490944717553,-0.3846130075389462,-0.3574307058815349,-0.03811638665416195,0.7908933665045248,1.3546169648820237,2.313037822410127,-0.03687211083455477,-0.10703777005542692
25-0_07_20,0.042753920091858466,-0.06660910081712446,-0.3074835003233932,-0.10828470766785636,1.180411014576147,0.6961733084193691,0.3638394522575803,-0.1512506569229286,0.24252161406549932,-0.41190897538000426,-0.36194042357031786,-1.3041799844788535,0.2412192662657558,-0.10516060289726625,-0.013541725851545117,-0.02315048944812781,-0.00901788778387247,0.6131744668187858,-1.2851886627584908,-0.5209593242594888,1.5740572357897844,-0.02664912120453866,-0.2852522003311821,0.02048579198054193,-0.010101085609753646,-0.018070995088560915,-0.8524440892786984,-0.3044691960605598,-0.031082933581281558,-0.8433312464764884,-0.5334195193700801,-0.7185979240698804,-0.33705846438264625,0.04441820959410684,-0.31277534125475037,-0.03333401214646792,-0.04172835001636621,-0.3846130075389462,-0.3574307058815349,-1.6509002433738975,0.07542918430694767,-0.1367447289522491,1.0599932894875836,-0.03687211083455477,0.2149542048712072
25-0_09_20,-0.6803497639608798,-0.06660910081712446,-0.3074835003233932,-0.10828470766785636,0.6811553146422336,-0.6260459863145502,-1.8429864237742695,-1.1281571509981974,-0.779334292168167,-0.41190897538000426,-1.1946823239079891,-1.106369475729936,-1.250142427568517,-0.10516060289726625,-0.013541725851545117,-0.02315048944812781,-0.00901788778387247,-1.5729339129944195,-1.2851886627584908,-1.1856661247253402,-0.03872662092995116,-0.02664912120453866,-1.326644885489407,-0.9446766968669404,-0.010101085609753646,-0.018070995088560915,-0.8524440892786984,-0.3044691960605598,-0.031082933581281558,-0.8433312464764884,-0.8039114477845998,-0.7185979240698804,-0.9429788765238467,-0.9969500259323955,-0.31277534125475037,-0.03333401214646792,-0.04172835001636621,-0.3846130075389462,-0.3574307058815349,-1.6509002433738975,-1.415932509527325,-0.1367447289522491,0.38329967986271696,-0.03687211083455477,-2.0660791623765205
25-0_11_20,1.002182096896202,-0.06660910081712446,-0.3074835003233932,0.6148189763848818,-1.0264148614557027,1.4567393840018998,1.4896539866131933,0.9054819749280303,0.8033887030258042,1.8691243918677234,0.5923760240657214,0.9576316979695341,0.9566834484633329,-0.10516060289726625,-0.013541725851545117,-0.02315048944812781,-0.00901788778387247,0.13463626310351695,0.32759519396124465,0.6288570094414776,-0.03872662092995116,-0.02664912120453866,0.45868494952135985,0.31881142606076807,-0.010101085609753646,-0.018070995088560915,0.6527058890412076,0.899650786595365,-0.031082933581281558,0.4596683420503973,0.7060705542833509,0.9889722520280559,0.634348759833101,0.5754621931050737,-0.31277534125475037,-0.03333401214646792,-0.04172835001636621,-0.3846130075389462,-0.3574307058815349,-0.03811638665416195,0.369397325483442,-0.1367447289522491,3.0014131774456363,-0.03687211083455477,-0.5747174685422478
25-1_01_21,0.7763054133079406,-0.06660910081712446,1.3053003563963421,-0.10828470766785636,-1.0264148614557027,-0.6260459863145502,0.8654344763604433,0.6641094356670143,0.13584419443151563,-0.41190897538000426,0.368637907093724,0.43037368130467635,0.49804559943768345,-0.10516060289726625,-0.013541725851545117,-0.02315048944812781,-0.00901788778387247,0.4313874607882232,1.163517657146589,0.39998905049131267,-0.03872662092995116,-0.02664912120453866,-0.17029768462948308,0.039663056775425476,-0.010101085609753646,-0.018070995088560915,0.5277671524329076,-0.3044691960605598,-0.031082933581281558,0.26449518102066655,-0.17964208767075188,0.5285566908112462,-0.12179299391500123,-0.9969500259323955,-0.31277534125475037,-0.03333401214646792,-0.04172835001636621,-0.3846130075389462,0.9647885888523844,0.6301331238738302,0.29163766657061135,-0.1367447289522491,0.22057238236501725,-0.03687211083455477,0.7475018261916715
25-1_03_21,1.0312566352585113,-0.06660910081712446,-0.3074835003233932,-0.10828470766785636,-1.0264148614557027,1.081524189783386,0.3900096866178844,0.5876970274344133,0.4664966567022977,-0.41190897538000426,0.14875108156551842,0.9239043513017815,1.0421136437879592,-0.10516060289726625,-0.013541725851545117,-0.02315048944812781,-0.00901788778387247,0.29335342608977544,1.47898746963184,1.1855928742685762,-0.03872662092995116,-0.02664912120453866,0.8225742271659727,0.6040197516654062,-0.010101085609753646,-0.018070995088560915,0.7810243663008881,-0.3044691960605598,-0.031082933581281558,0.41847212578577553,0.6588561624616898,0.9889722520280559,0.8573453528109884,0.7616453591953444,-0.31277534125475037,-0.03333401214646792,-0.04172835001636621,1.1067486862953264,1.7598405897742293,0.056669932724038974,1.0479604794585824,-0.1367447289522491,0.38329967986271696,-0.03687211083455477,-0.2807493273657534
25-1_05_20,1.0508935462306563,-0.06660910081712446,-0.3074835003233932,0.7187151102536042,2.107443263747632,-0.6260459863145502,0.6635186086306026,0.6526999927613715,1.0781927370689983,1.633414003406653,0.7097309788742139,-0.8383397401688801,0.6583425913101328,-0.10516060289726625,-0.013541725851545117,-0.02315048944812781,-0.00901788778387247,0.7302621444260694,-1.2851886627584908,-0.12431765581273185,-0.03872662092995116,-0.02664912120453866,0.24931230327435006,0.42446182201893007,-0.010101085609753646,-0.018070995088560915,0.1889485958795267,-0.3044691960605598,-0.031082933581281558,0.6605831848311107,0.41178158881142557,0.6036213706640389,0.35649729107151285,0.5309953248537633,-0.31277534125475037,-0.03333401214646792,-0.04172835001636621,-0.3846130075389462,1.2553531508382005,-1.6509002433738975,0.5883888642553177,-0.1367447289522491,-0.8208203027932078,-0.03687211083455477,0.11289778491664904
25-1_05_21,0.08021631162165108,-0.06660910081712446,-0.3074835003233932,-0.10828470766785636,-1.0264148614557027,0.9867378704051852,0.9964916235999288,0.18473014562539403,-0.020275983693545552,1.0794527184542684,0.5176703932056206,-0.9338234974389045,1.1134695523236275,-0.10516060289726625,-0.013541725851545117,-0.02315048944812781,-0.00901788778387247,0.5762851996609605,1.1933778328353526,0.017516868393656793,-0.03872662092995116,-0.02664912120453866,0.6917781973373788,0.21949020537926578,-0.010101085609753646,-0.018070995088560915,0.7038584114885889,-0.3044691960605598,-0.031082933581281558,1.3250590832138016,0.489273712983332,1.0667319109408866,0.393766671406669,0.42551688068686605,-0.31277534125475037,-0.03333401214646792,-0.04172835001636621,-0.3846130075389462,1.2553531508382005,0.43188512694255266,0.4353258391917502,-0.1367447289522491,-0.8208203027932078,-0.03687211083455477,-0.2148208136574452
25-1_07_20,-0.38978520197506344,-0.06660910081712446,-0.3074835003233932,-0.10828470766785636,0.8248434872633725,-0.6260459863145502,-1.8429864237742695,-0.6562370899643424,-0.08317526516597651,-0.41190897538000426,-1.0327811976443897,-2.7191533324496717,0.7088989647525766,-0.10516060289726625,-0.013541725851545117,-0.02315048944812781,-0.00901788778387247,-0.5315412278361944,-1.2851886627584908,-0.16376428327751047,1.5740572357897844,-0.02664912120453866,0.16471680834486552,0.1939548877080184,-0.010101085609753646,-0.018070995088560915,0.05064589771324517,-0.3044691960605598,-0.031082933581281558,0.3221019443971363,-0.5951251710074853,0.6036213706640389,-0.19840651450320962,0.36129912091050537,-0.31277534125475037,-0.03333401214646792,-0.04172835001636621,-0.3846130075389462,-0.3574307058815349,-1.6509002433738975,0.19685134719241043,-0.1367447289522491,-0.8208203027932078,-0.03687211083455477,-2.0660791623765205
25-1_11_20,0.23042705169735486,-0.06660910081712446,-0.3074835003233932,-0.10828470766785636,-1.0264148614557027,1.081524189783386,0.2023365550123879,0.49950125830475844,0.41594028325985377,1.2008748813397312,0.2155487353841985,-0.9709653054434711,1.3843348425922146,-0.10516060289726625,-0.013541725851545117,-0.02315048944812781,-0.00901788778387247,0.11280782560784419,0.8320826328972735,-0.26424875664386505,-0.03872662092995116,-0.02664912120453866,0.059556719911386335,0.5756157392008545,-0.010101085609753646,-0.018070995088560915,0.5277671524329076,0.899650786595365,-0.031082933581281558,0.5319165757035677,0.44626751415073973,0.5285566908112462,0.2513372026380335,0.1946254230488462,-0.31277534125475037,-0.03333401214646792,-0.04172835001636621,-0.3846130075389462,1.2553531508382005,-1.6509002433738975,0.07542918430694767,-0.1367447289522491,-0.8208203027932078,-0.03687211083455477,-2.0660791623765205
25-2_01_21,0.11470223696096529,-0.06660910081712446,-0.3074835003233932,-0.10828470766785636,-1.0264148614557027,0.9867378704051852,0.5014058499108414,0.3320961784341696,0.8313945395093971,1.0794527184542684,0.25318933228409346,-2.7191533324496717,1.0308909396792107,-0.10516060289726625,-0.013541725851545117,-0.02315048944812781,-0.00901788778387247,0.7080994542533082,0.5001411722522762,-0.04168275751369138,-0.03872662092995116,-0.02664912120453866,0.45868494952135985,0.5288102731976279,-0.010101085609753646,-0.018070995088560915,0.5454959193933392,-0.3044691960605598,-0.031082933581281558,0.4596683420503973,0.3254282839250923,1.207401342386275,0.22317625358939364,0.2426615520942712,-0.31277534125475037,-0.03333401214646792,-0.04172835001636621,-0.3846130075389462,0.9647885888523844,-1.6509002433738975,0.5431088827937685,-0.1367447289522491,0.9987236327486608,-0.03687211083455477,-0.020756183589863086
25-2_03_21,-0.6803497639608798,-0.06660910081712446,-0.3074835003233932,-0.10828470766785636,-1.0264148614557027,-0.6260459863145502,-1.8429864237742695,-1.5541258832704783,-2.2706959860024396,-0.41190897538000426,-1.8391171401995001,-2.7191533324496717,-1.250142427568517,-0.10516060289726625,-0.013541725851545117,-0.02315048944812781,-0.00901788778387247,-1.5729339129944195,-1.2851886627584908,-1.4176152012460224,-0.03872662092995116,-0.02664912120453866,-1.326644885489407,-1.1787599029003084,-0.010101085609753646,-0.018070995088560915,-0.8524440892786984,-0.3044691960605598,-0.031082933581281558,-0.8433312464764884,-1.0996126099435142,-0.7185979240698804,-1.3689476087961279,-0.9969500259323955,-0.31277534125475037,-0.03333401214646792,-0.04172835001636621,-0.3846130075389462,-0.3574307058815349,-1.6509002433738975,-1.415932509527325,-0.1367447289522491,-0.8208203027932078,-0.03687211083455477,-0.453295305656785
25-2_05_20,0.44613726121028097,-0.06660910081712446,-0.3074835003233932,0.4779810164768741,2.177976470463597,0.8653157075197224,0.9286010571069858,0.2278003725496105,0.722740244495172,1.5471324169410892,0.37549328439024987,-2.7191533324496717,0.8326429427479332,-0.10516060289726625,-0.013541725851545117,-0.02315048944812781,-0.00901788778387247,0.5359692146728939,-1.2851886627584908,-0.22481824868748848,-0.03872662092995116,-0.02664912120453866,-0.2852522003311821,0.6282674752195643,-0.010101085609753646,-0.018070995088560915,-0.8524440892786984,1.0177500986733596,-0.031082933581281558,-0.8433312464764884,0.5233844036643107,0.6676036813309131,0.2824227198972098,0.26482372193534554,-0.31277534125475037,-0.03333401214646792,-0.04172835001636621,-0.3846130075389462,1.2553531508382005,0.20035810534517784,0.5883888642553177,-0.1367447289522491,2.5746808215124184,-0.03687211083455477,0.7978382145813401
25-2_05_21,-0.6803497639608798,-0.06660910081712446,-0.3074835003233932,-0.10828470766785636,1.4374781275302047,-0.6260459863145502,0.27428487188149475,0.3057840360486006,-0.22930330084421446,-0.41190897538000426,0.07141731139983887,-0.17384621598384742,-1.250142427568517,-0.10516060289726625,-0.013541725851545117,-0.02315048944812781,-0.00901788778387247,-0.4426001444994133,0.42238151333944557,-0.5145252142540788,-0.03872662092995116,-0.02664912120453866,-0.07949027060828054,-0.9226265561238662,-0.010101085609753646,-0.018070995088560915,-0.8524440892786984,-0.3044691960605598,-0.031082933581281558,-0.8433312464764884,-0.5055705906313999,-0.7185979240698804,-0.41013353628231963,-0.18710337625314938,-0.31277534125475037,-0.03333401214646792,-0.04172835001636621,-0.3846130075389462,-0.3574307058815349,0.4663710522818668,-1.415932509527325,-0.1367447289522491,-0.8208203027932078,-0.03687211083455477,1.855659321308078
25-2_06_21,-0.15131070997572366,-0.06660910081712446,-0.3074835003233932,-0.10828470766785636,-1.0264148614557027,1.4192769924721071,1.0149488409451595,-0.056143718518757435,0.3367590372122289,1.2008748813397312,0.14994720341593237,0.560969563852636,0.8143155616584015,-0.10516060289726625,-0.013541725851545117,-0.02315048944812781,-0.00901788778387247,-0.4426001444994133,0.623296356120159,0.46319839103476895,-0.03872662092995116,-0.02664912120453866,0.6323965068316864,0.9020984069466738,-0.010101085609753646,-0.018070995088560915,1.4052344855904861,-0.3044691960605598,-0.031082933581281558,0.2942530156584561,0.9698388902393146,1.5773355145747199,0.7248075078465188,0.9114901858753722,0.46537590912889326,-0.03333401214646792,-0.04172835001636621,-0.3846130075389462,-0.3574307058815349,-1.6509002433738975,0.7908933665045248,2.750309649098708,-0.8208203027932078,-0.03687211083455477,0.902870518604822
25-2_07_20,0.34182321499031176,-0.06660910081712446,-0.3074835003233932,-0.10828470766785636,2.2980733718519537,1.1592838486962167,0.8821080973071995,0.5470645497286957,0.8059444576679025,1.295661200717932,0.007902087679683811,-1.3041799844788535,1.694833480843531,-0.10516060289726625,-0.013541725851545117,-0.02315048944812781,-0.00901788778387247,-0.7947826626107758,-1.2851886627584908,0.5262864748550835,1.6688435551679852,-0.02664912120453866,0.6323965068316864,0.9352431011450884,-0.010101085609753646,-0.018070995088560915,0.3780048320995756,-0.3044691960605598,-0.031082933581281558,0.5639823882703665,0.645728818613399,1.8098902665707377,0.5050092815099262,0.8652460836590098,1.009443953479169,-0.03333401214646792,-0.04172835001636621,-0.3846130075389462,-0.3574307058815349,-1.6509002433738975,1.0768278794995125,-0.1367447289522491,2.157360214144206,-0.03687211083455477,0.3159378801983479
25-2_11_20,-0.6803497639608798,-0.06660910081712446,-0.3074835003233932,-0.10828470766785636,-1.0264148614557027,-0.6260459863145502,-1.8429864237742695,-1.1687750019064613,-0.9484766912685203,-0.41190897538000426,-1.134854829923254,-0.6738303536630141,-0.20874974241029182,-0.10516060289726625,-0.013541725851545117,-0.02315048944812781,-0.00901788778387247,-1.5729339129944195,-1.2851886627584908,-0.7135656713807286,-0.03872662092995116,-0.02664912120453866,-1.326644885489407,-0.5360128228031298,-0.010101085609753646,-0.018070995088560915,-0.8524440892786984,-0.3044691960605598,-0.031082933581281558,-0.8433312464764884,-0.9270666316524825,0.6676036813309131,-1.0783830468103117,-0.42557226939089954,-0.31277534125475037,-0.03333401214646792,-0.04172835001636621,-0.3846130075389462,-0.3574307058815349,-1.6509002433738975,-1.415932509527325,-0.1367447289522491,-0.8208203027932078,-0.03687211083455477,-2.0660791623765205
26-0_01_21,-0.6803497639608798,-0.06660910081712446,-0.3074835003233932,-0.10828470766785636,-1.0264148614557027,0.9867378704051852,0.649773965252568,0.2031978293985084,0.5817840076344167,1.2008748813397312,0.3695650946403932,0.50382311744372,0.49804559943768345,-0.10516060289726625,-0.013541725851545117,-0.02315048944812781,-0.00901788778387247,0.7615198381565115,1.649814488695164,-0.1539095286058535,-0.03872662092995116,-0.02664912120453866,0.1153119521670043,0.40770683697673243,-0.010101085609753646,-0.018070995088560915,0.14755591072130161,-0.3044691960605598,-0.031082933581281558,0.4395585236629793,-0.14302255704820369,0.6036213706640389,0.08042057735120828,-0.9969500259323955,-0.31277534125475037,-0.03333401214646792,-0.04172835001636621,-0.3846130075389462,-0.3574307058815349,0.20035810534517784,0.4925525093513247,-0.1367447289522491,-0.8208203027932078,-0.03687211083455477,0.08313995027885945
26-0_03_21,-0.6803497639608798,-0.06660910081712446,-0.3074835003233932,-0.10828470766785636,-1.0264148614557027,-0.6260459863145502,0.48129603152342315,-0.1512506569229286,0.03033400966154165,1.0794527184542684,-0.16440729522420217,0.13271626828009486,0.0720768671654024,-0.10516060289726625,-0.013541725851545117,-0.02315048944812781,-0.00901788778387247,-0.15796056502360145,0.7191327110241519,-0.05811452129858857,-0.03872662092995116,-0.02664912120453866,-0.004425590755487874,0.3163382161769373,-0.010101085609753646,-0.018070995088560915,-0.07429283889505478,-0.3044691960605598,-0.031082933581281558,0.41847212578577553,0.10780499282239069,0.723358913586531,0.017253996604665645,-0.03404394477598465,-0.31277534125475037,1.2888852825874513,-0.04172835001636621,-0.3846130075389462,-0.3574307058815349,-1.6509002433738975,0.7630444377658445,-0.1367447289522491,-0.8208203027932078,-0.03687211083455477,-0.453295305656785
26-0_05_20,-0.6803497639608798,-0.06660910081712446,-0.3074835003233932,-0.10828470766785636,1.0189081173309547,-0.6260459863145502,0.48129603152342315,0.23458106426202274,-0.29756813240274094,-0.41190897538000426,-0.5610647212062969,-1.6777606472914464,-1.250142427568517,-0.10516060289726625,-0.013541725851545117,-0.02315048944812781,-0.00901788778387247,-0.11808905298590922,-1.2851886627584908,-0.8418841486404092,-0.03872662092995116,-0.02664912120453866,-1.326644885489407,-0.5633359500143647,-0.010101085609753646,-0.018070995088560915,-0.8524440892786984,-0.3044691960605598,-0.031082933581281558,-0.8433312464764884,-0.753355074342156,-0.7185979240698804,-0.9058370685192801,-0.9969500259323955,-0.31277534125475037,-0.03333401214646792,-0.04172835001636621,-0.3846130075389462,-0.3574307058815349,-1.6509002433738975,-1.415932509527325,-0.1367447289522491,-0.8208203027932078,-0.03687211083455477,0.7918561023429085
26-0_05_21,0.6516074831831615,-0.06660910081712446,-0.3074835003233932,-0.10828470766785636,-1.0264148614557027,-0.6260459863145502,0.11605496854682407,0.35435913560817145,0.632936530081798,-0.41190897538000426,0.20259309460188213,0.48794220796954657,0.5694015079733518,-0.10516060289726625,-0.013541725851545117,-0.02315048944812781,-0.00901788778387247,1.2909834639634412,-1.2851886627584908,0.5326350786717384,-0.03872662092995116,-0.02664912120453866,0.7561404848270429,0.72636108303197,-0.010101085609753646,-0.018070995088560915,0.05064589771324517,-0.3044691960605598,-0.031082933581281558,1.291656760608557,0.7060705542833509,0.8573592646938768,0.6002019469215355,0.5309953248537633,0.6166435844595424,-0.03333401214646792,-0.04172835001636621,-0.3846130075389462,-0.3574307058815349,0.13442959163686963,1.0479604794585824,-0.1367447289522491,2.4694369666013105,-0.03687211083455477,-0.2148208136574452
26-0_06_21,0.2042568173370507,1.4247525930171483,-0.3074835003233932,-0.10828470766785636,-1.0264148614557027,-0.6260459863145502,-0.1354162476763331,-1.4613718300335796,-0.08036428783214822,-0.41190897538000426,0.39387897019265394,-0.17384621598384742,-1.250142427568517,-0.10516060289726625,-0.013541725851545117,-0.02315048944812781,-0.00901788778387247,0.3219357437508331,-1.2851886627584908,-0.5442604016683394,-0.03872662092995116,-0.02664912120453866,-0.004425590755487874,-0.41373032983856983,-0.010101085609753646,-0.018070995088560915,-0.8524440892786984,-0.3044691960605598,-0.031082933581281558,-0.8433312464764884,-0.5631773540078697,0.16600865722804997,-0.3467746298449364,-0.9969500259323955,-0.31277534125475037,-0.03333401214646792,-0.04172835001636621,-0.3846130075389462,-0.3574307058815349,0.5820958670182564,-1.415932509527325,-0.1367447289522491,0.7919635539265276,-0.03687211083455477,-0.1575941434978707
26-0_07_20,0.17640788859837045,-0.06660910081712446,-0.3074835003233932,-0.10828470766785636,1.5767295111644797,1.081524189783386,0.5566872977067687,0.41834144627504566,0.2451778577092396,-0.41190897538000426,-0.05052620871777802,-2.7191533324496717,0.16483092040230107,-0.10516060289726625,-0.013541725851545117,-0.02315048944812781,-0.00901788778387247,-0.36881393033849463,-1.2851886627584908,0.4030883998230849,-0.03872662092995116,-0.02664912120453866,0.6631014801450398,0.3913241503051181,-0.010101085609753646,-0.018070995088560915,0.14755591072130161,-0.3044691960605598,-0.031082933581281558,0.49729311094015494,0.04423964158259851,-0.7185979240698804,0.23876265655454076,0.3060189710025495,-0.31277534125475037,-0.03333401214646792,-0.04172835001636621,-0.3846130075389462,-0.3574307058815349,-0.03811638665416195,0.9083499457703677,-0.1367447289522491,-0.8208203027932078,-0.03687211083455477,1.5715106234621796
26-0_09_20,0.8176324007908413,1.4247525930171483,-0.3074835003233932,-0.10828470766785636,2.4815758633639886,0.9867378704051852,0.8654344763604433,1.0952089754416634,0.5223956141741406,1.5471324169410892,0.7677458481862904,-2.7191533324496717,-1.250142427568517,-0.10516060289726625,-0.013541725851545117,-0.02315048944812781,-0.00901788778387247,0.17525411401178093,-1.2851886627584908,-0.026887840849261102,-0.03872662092995116,-0.02664912120453866,0.6161896082806883,0.13412739372328292,-0.010101085609753646,-0.018070995088560915,-0.8524440892786984,-0.3044691960605598,-0.031082933581281558,0.6351040621410053,0.012698054418219501,0.7727637697643923,0.26596129414676595,-0.07932286316220488,-0.31277534125475037,-0.03333401214646792,-0.04172835001636621,-0.3846130075389462,-0.3574307058815349,0.4983188692814825,0.9476794703648195,-0.1367447289522491,-0.8208203027932078,-0.03687211083455477,2.363527790326763
26-0_11_20,-0.29499888259686263,-0.06660910081712446,-0.3074835003233932,-0.10828470766785636,-1.0264148614557027,-0.6260459863145502,0.2023365550123879,-0.36312757793645867,-0.7143934852351523,-0.41190897538000426,-0.4174753976230925,-2.7191533324496717,-1.250142427568517,-0.10516060289726625,-0.013541725851545117,-0.02315048944812781,-0.00901788778387247,-1.5729339129944195,-1.2851886627584908,-0.9490941182882775,-0.03872662092995116,-0.02664912120453866,-1.326644885489407,-0.8096766342507447,-0.010101085609753646,-0.018070995088560915,-0.8524440892786984,-0.3044691960605598,-0.031082933581281558,-0.8433312464764884,-0.8611381179441743,-0.7185979240698804,-0.9835967274321108,-0.9969500259323955,-0.31277534125475037,-0.03333401214646792,-0.04172835001636621,-0.3846130075389462,-0.3574307058815349,0.056669932724038974,-1.415932509527325,-0.1367447289522491,-0.8208203027932078,-0.03687211083455477,0.2149542048712072
26-1_03_21,-0.6803497639608798,-0.06660910081712446,-0.3074835003233932,-0.10828470766785636,-1.0264148614557027,-0.6260459863145502,0.8111901181036911,0.6396610523816499,0.546869383557341,1.2008748813397312,0.6406638416508226,0.8479907127459858,0.8143155616584015,-0.10516060289726625,-0.013541725851545117,-0.02315048944812781,-0.00901788778387247,0.9723732034714047,1.0390937925392019,0.004182218379026825,-0.03872662092995116,-0.02664912120453866,0.2861389712303283,0.3818298437582122,-0.010101085609753646,-0.018070995088560915,0.14755591072130161,-0.3044691960605598,-0.031082933581281558,0.26449518102066655,0.37431919728163293,1.1898870948087694,0.21516813827504355,0.07890332527901667,-0.31277534125475037,-0.03333401214646792,-0.04172835001636621,-0.3846130075389462,-0.3574307058815349,0.5820958670182564,0.5883888642553177,-0.1367447289522491,1.2245026759934494,-0.03687211083455477,-2.0660791623765205
26-1_05_20,-0.6803497639608798,-0.06660910081712446,-0.3074835003233932,-0.10828470766785636,-1.0264148614557027,-0.6260459863145502,0.5566872977067687,-0.41245218901849023,-0.9282733051802333,-0.41190897538000426,-0.8210291057580233,-2.7191533324496717,-1.250142427568517,-0.10516060289726625,-0.013541725851545117,-0.02315048944812781,-0.00901788778387247,-1.5729339129944195,-1.2851886627584908,-1.046004131296334,-0.03872662092995116,-0.02664912120453866,-1.326644885489407,-1.1787599029003084,-0.010101085609753646,-0.018070995088560915,-0.8524440892786984,-0.3044691960605598,-0.031082933581281558,-0.8433312464764884,-0.753355074342156,-0.7185979240698804,-1.1998052096957745,-0.9969500259323955,-0.31277534125475037,-0.03333401214646792,-0.04172835001636621,-0.3846130075389462,-0.3574307058815349,-0.03811638665416195,-1.415932509527325,-0.1367447289522491,-0.8208203027932078,-0.03687211083455477,0.5032947472385254
26-1_07_20,0.7905225414817812,-0.06660910081712446,-0.3074835003233932,-0.10828470766785636,2.0384173582828713,1.081524189783386,1.1397369638942758,0.800439852414808,0.9246500723459801,1.7373101372753756,0.27853504872914736,-0.9709653054434711,0.7541789462141257,-0.10516060289726625,-0.013541725851545117,-0.02315048944812781,-0.00901788778387247,0.8718912865153282,-1.2851886627584908,0.6851815763376665,-0.03872662092995116,-0.02664912120453866,0.4084214641948881,0.5532027953667715,-0.010101085609753646,-0.018070995088560915,-0.8524440892786984,-0.3044691960605598,-0.031082933581281558,0.5149497898463248,0.300862198620267,-0.7185979240698804,0.4852137887132232,-0.07932286316220488,0.46537590912889326,-0.03333401214646792,-0.04172835001636621,-0.3846130075389462,1.4278991291292322,0.4983188692814825,0.6668528607891251,-0.1367447289522491,-0.8208203027932078,-0.03687211083455477,1.9904826894829393
26-1_09_20,0.414071448643482,1.7187207341936426,-0.3074835003233932,-0.10828470766785636,1.9608043684523022,-0.6260459863145502,1.2104761811511857,0.24619834606435687,0.6968519902164225,1.295661200717932,0.6559910518696899,-2.7191533324496717,-1.250142427568517,-0.10516060289726625,-0.013541725851545117,-0.02315048944812781,-0.00901788778387247,1.1542005107660693,-1.2851886627584908,0.42784763885848115,-0.03872662092995116,-0.02664912120453866,-0.004425590755487874,0.11680719706217058,-0.010101085609753646,-0.018070995088560915,0.1889485958795267,-0.3044691960605598,-0.031082933581281558,0.4395585236629793,-0.10925209404306727,-0.7185979240698804,0.029818840623691945,0.006956697599660797,-0.31277534125475037,-0.03333401214646792,-0.04172835001636621,-0.3846130075389462,-0.3574307058815349,1.0032762985040633,0.07542918430694767,-0.1367447289522491,-0.8208203027932078,-0.03687211083455477,1.0772479676155258
26-1_11_20,1.1150336329952852,-0.06660910081712446,-0.3074835003233932,-0.10828470766785636,-1.0264148614557027,1.491225309341214,1.2542708859191503,0.5763610485066315,0.5932213909554209,-0.41190897538000426,0.8099751448849897,-1.1628508316823842,1.8365732363763656,-0.10516060289726625,-0.013541725851545117,-0.02315048944812781,-0.00901788778387247,0.45237195227035076,0.8937882845346787,0.0745697999095159,-0.03872662092995116,-0.02664912120453866,0.3515698972559922,0.48315414673635176,-0.010101085609753646,-0.018070995088560915,0.2267371567689265,0.899650786595365,-0.031082933581281558,0.7974211447391183,0.35616042840911355,-0.7185979240698804,0.15455111443661151,0.07890332527901667,0.6166435844595424,-0.03333401214646792,-0.04172835001636621,1.1067486862953264,1.1339309879527377,-0.03811638665416195,0.9083499457703677,-0.1367447289522491,-0.8208203027932078,-0.03687211083455477,2.0883752437630436
27-0_01_21,-0.6803497639608798,-0.06660910081712446,-0.3074835003233932,-0.10828470766785636,1.3371971184364417,-0.6260459863145502,0.2397989465421806,0.1534442928274582,-0.06929886168198807,0.910310319353915,-0.20844383172239267,0.1817597352879976,-1.250142427568517,-0.10516060289726625,-0.013541725851545117,-0.02315048944812781,-0.00901788778387247,0.012526816514081274,0.8640304498968892,-0.39764412031540236,-0.03872662092995116,-0.02664912120453866,-0.17029768462948308,-0.2632470045168608,-0.010101085609753646,-0.018070995088560915,-0.8524440892786984,-0.3044691960605598,-0.031082933581281558,0.4596683420503973,-0.753355074342156,0.723358913586531,-0.18466187112517501,-0.9969500259323955,-0.31277534125475037,-0.03333401214646792,-0.04172835001636621,-0.3846130075389462,0.9647885888523844,0.39442273541275996,-1.415932509527325,-0.1367447289522491,-0.8208203027932078,-0.03687211083455477,0.4124873332173229
27-0_03_21,-0.6803497639608798,-0.06660910081712446,-0.3074835003233932,-0.10828470766785636,1.6986796596257663,0.6961733084193691,0.5390306188005989,0.7500978473268969,-0.11840764161938311,1.2008748813397312,0.3930023157127003,0.3226339865220804,-0.20874974241029182,-0.10516060289726625,-0.013541725851545117,-0.02315048944812781,-0.00901788778387247,-1.5729339129944195,0.9724899121106938,0.21227388394669738,-0.03872662092995116,-0.02664912120453866,0.5037298977041433,-0.26798308724207387,-0.010101085609753646,-0.018070995088560915,0.3780048320995756,-0.3044691960605598,-0.031082933581281558,0.0743174606863802,-0.21963607763641207,0.7727637697643923,0.11569112598877035,0.1946254230488462,-0.31277534125475037,-0.03333401214646792,-0.04172835001636621,-0.3846130075389462,1.1339309879527377,1.3987053692210756,0.4353258391917502,-0.1367447289522491,-0.8208203027932078,-0.03687211083455477,-2.0660791623765205
27-0_05_20,0.6112727631812702,-0.06660910081712446,-0.3074835003233932,-0.10828470766785636,1.6080624087050288,-0.6260459863145502,0.9286010571069858,1.0295046486379213,0.48212044518583186,1.0794527184542684,0.296314068652654,0.6104479159068472,-1.250142427568517,-0.10516060289726625,-0.013541725851545117,-0.02315048944812781,-0.00901788778387247,0.568515860406048,-1.2851886627584908,0.5511423565373614,-0.03872662092995116,-0.02664912120453866,0.16471680834486552,0.10486434142386153,-0.010101085609753646,-0.018070995088560915,-0.007346049264441573,1.1105041519102583,-0.031082933581281558,0.23254736402105086,-0.1670893501974255,-0.7185979240698804,0.2178539506811089,-0.9969500259323955,-0.31277534125475037,-0.03333401214646792,-0.04172835001636621,-0.3846130075389462,-0.3574307058815349,0.9184736662411485,0.369397325483442,-0.1367447289522491,-0.8208203027932078,-0.03687211083455477,1.9705896479235765
27-0_05_21,0.1466500539605809,2.2777831728679865,-0.3074835003233932,0.4779810164768741,1.5545101142199167,-0.6260459863145502,0.16133495000837317,0.7418075553741219,0.25044209770159664,-0.41190897538000426,0.49752658750102285,0.5688722029386912,0.7751634376962533,-0.10516060289726625,-0.013541725851545117,-0.02315048944812781,1.3132014069500468,0.568515860406048,1.2723185391471672,0.5882211548237322,-0.03872662092995116,-0.02664912120453866,0.871095000528742,1.1073194671315167,-0.010101085609753646,-0.018070995088560915,-0.8524440892786984,1.4808606389502073,-0.031082933581281558,0.7395581642009549,0.5800811270045344,-0.7185979240698804,0.654402852526345,0.9532805080496798,-0.31277534125475037,-0.03333401214646792,-0.04172835001636621,-0.3846130075389462,-0.3574307058815349,1.5137499725603991,0.5431088827937685,1.5708254471456873,-0.8208203027932078,-0.03687211083455477,0.3978138266093869
27-0_06_21,-0.6803497639608798,-0.06660910081712446,-0.3074835003233932,-0.10828470766785636,0.9779065123269399,-0.6260459863145502,-0.230202567054534,0.2278003725496105,-1.1915147399548147,-0.41190897538000426,0.18359083853196645,-0.540176385156502,-1.250142427568517,-0.10516060289726625,-0.013541725851545117,-0.02315048944812781,-0.00901788778387247,-0.5315412278361944,-1.2851886627584908,0.4219737439834587,-0.03872662092995116,-0.02664912120453866,0.3515698972559922,-0.18579633105472385,-0.010101085609753646,-0.018070995088560915,-0.8524440892786984,-0.3044691960605598,-0.031082933581281558,-0.8433312464764884,-0.1670893501974255,-0.7185979240698804,-0.07732508165397789,-0.33078817538899924,-0.31277534125475037,-0.03333401214646792,-0.04172835001636621,-0.3846130075389462,-0.3574307058815349,0.9629415785021719,0.19685134719241043,-0.1367447289522491,-0.8208203027932078,-0.03687211083455477,-2.0660791623765205
27-0_07_20,0.34182321499031176,-0.06660910081712446,-0.3074835003233932,-0.10828470766785636,2.144140197065506,-0.6260459863145502,0.6355800718195739,0.7370737670301755,0.5202924890863763,-0.41190897538000426,0.46844446768109793,0.3883957972950147,-1.250142427568517,-0.10516060289726625,-0.013541725851545117,-0.02315048944812781,-0.00901788778387247,0.5007844373517033,-1.2851886627584908,-0.10152145914616528,-0.03872662092995116,-0.02664912120453866,0.24931230327435006,-0.004741652467492474,-0.010101085609753646,-0.018070995088560915,0.1889485958795267,-0.3044691960605598,-0.031082933581281558,0.23254736402105086,-1.0996126099435142,-0.7185979240698804,-0.2581976126556414,0.21930730803537815,0.6166435844595424,-0.03333401214646792,-0.04172835001636621,-0.3846130075389462,-0.3574307058815349,1.142191356802683,0.6668528607891251,-0.1367447289522491,-0.8208203027932078,-0.03687211083455477,2.0249191353766776
27-0_09_20,1.1280862903272315,-0.06660910081712446,-0.3074835003233932,-0.10828470766785636,1.923462842581172,1.081524189783386,-0.230202567054534,0.9562275968417824,0.8864584539038418,-0.41190897538000426,0.1447976096811252,0.6728397398100412,1.103966011578884,-0.10516060289726625,-0.013541725851545117,-0.02315048944812781,-0.00901788778387247,-0.2507146182605001,0.32759519396124465,0.647942546689376,-0.03872662092995116,-0.02664912120453866,0.6917781973373788,0.639607400976546,-0.010101085609753646,-0.018070995088560915,0.6527058890412076,1.2518333047067274,-0.031082933581281558,0.832113791664811,0.8088724089351357,-0.7185979240698804,0.8287922772220213,0.5647649950019925,-0.31277534125475037,-0.03333401214646792,-0.04172835001636621,-0.3846130075389462,1.7253546644349151,0.056669932724038974,0.9837412119537132,-0.1367447289522491,-0.8208203027932078,-0.03687211083455477,1.5425538271135166
27-0_11_20,0.6972686671724467,-0.06660910081712446,1.4778463346873738,0.8726920550187132,2.5990004906987054,0.6961733084193691,0.3900096866178844,1.1530791860536187,0.7391796477097206,-0.41190897538000426,0.5534046236742067,0.8408729164632207,-0.04602244491259211,-0.10516060289726625,-0.013541725851545117,-0.02315048944812781,-0.00901788778387247,0.9815552470093994,1.414649063108755,0.569945920360067,-0.03872662092995116,-0.02664912120453866,0.6776764882932355,0.5393263918827831,-0.010101085609753646,-0.018070995088560915,0.9184079223634457,1.3083146606591756,-0.031082933581281558,0.8151137942325323,0.5105799832301418,1.3520555265982797,0.6002019469215355,0.04441820959410684,0.46537590912889326,-0.03333401214646792,-0.04172835001636621,1.7646061051164337,-0.3574307058815349,1.2361541346770597,0.9837412119537132,1.9460406413642009,-0.8208203027932078,-0.03687211083455477,1.0548236552380068
27-1_01_21,-0.09408403981614927,-0.06660910081712446,-0.3074835003233932,-0.10828470766785636,2.4208982473678655,1.1592838486962167,0.7023206926915546,1.3428724790185091,0.612965449151178,1.2008748813397312,0.6233439689717157,0.6293462378341663,-0.20874974241029182,-0.10516060289726625,-0.013541725851545117,-0.02315048944812781,-0.00901788778387247,0.0655553439602179,1.4559629360932944,0.30521221404300797,-0.03872662092995116,-0.02664912120453866,0.5246134632296681,0.10080927478404461,-0.010101085609753646,-0.018070995088560915,0.6099539086202577,-0.3044691960605598,-0.031082933581281558,0.41847212578577553,0.3214292272900608,1.132660424649195,0.4552712317557275,0.2859096247498608,0.6166435844595424,-0.03333401214646792,-0.04172835001636621,-0.3846130075389462,-0.3574307058815349,0.8689277504018215,0.7630444377658445,-0.1367447289522491,-0.8208203027932078,-0.03687211083455477,-0.061757788593877816
27-1_03_21,0.042753920091858466,-0.06660910081712446,-0.3074835003233932,-0.10828470766785636,1.5188922550101214,1.1592838486962167,0.16133495000837317,0.5454232232025267,-0.29756813240274094,0.910310319353915,0.4624200680396495,0.018039310255065777,-1.250142427568517,-0.10516060289726625,-0.013541725851545117,-0.02315048944812781,-0.00901788778387247,-0.11808905298590922,1.163517657146589,-0.33419690225514287,-0.03872662092995116,-0.02664912120453866,-0.004425590755487874,-0.6026654746088163,-0.010101085609753646,-0.018070995088560915,0.14755591072130161,-0.3044691960605598,-0.031082933581281558,-0.8433312464764884,-0.45471789179406497,-0.7185979240698804,-0.14585978706422303,-0.2530303421035715,-0.31277534125475037,-0.03333401214646792,-0.04172835001636621,-0.3846130075389462,-0.3574307058815349,1.3829254505794126,0.19685134719241043,-0.1367447289522491,-0.8208203027932078,-0.03687211083455477,-0.5747174685422478
27-1_05_20,-0.6803497639608798,-0.06660910081712446,-0.3074835003233932,-0.10828470766785636,1.68200603867901,0.8653157075197224,0.2023365550123879,0.6403223810946455,-0.05850838159848171,-0.41190897538000426,0.3343147446358212,-0.08974373334695263,-0.04602244491259211,-0.10516060289726625,-0.013541725851545117,-0.02315048944812781,-0.00901788778387247,-0.08157221916014673,-1.2851886627584908,-0.37622251608779733,-0.03872662092995116,-0.02664912120453866,-0.07949027060828054,-0.48603884784129114,-0.010101085609753646,-0.018070995088560915,-0.07429283889505478,-0.3044691960605598,-0.031082933581281558,-0.27194007491497796,-0.667073487876592,-0.7185979240698804,-0.6083815332135971,-0.2530303421035715,-0.31277534125475037,-0.03333401214646792,-0.04172835001636621,-0.3846130075389462,-0.3574307058815349,0.9935383460939412,0.07542918430694767,-0.1367447289522491,-0.8208203027932078,-0.03687211083455477,1.8305021651292122
27-1_05_21,0.1466500539605809,1.784649247901951,-0.3074835003233932,-0.10828470766785636,1.7302212467901454,-0.6260459863145502,0.11605496854682407,0.681282310422429,0.3442012300306949,-0.41190897538000426,0.01073276077336316,0.6934751880947039,0.36264142915121855,-0.10516060289726625,-0.013541725851545117,-0.02315048944812781,1.4823438060504002,-0.01663141222713216,1.0390937925392019,-0.009574865669658983,-0.03872662092995116,-0.02664912120453866,0.20907108449610257,0.39236637418400316,-0.010101085609753646,-0.018070995088560915,-0.8524440892786984,-0.3044691960605598,-0.031082933581281558,0.37295464323447114,0.036566394592911874,0.8171180459156293,0.2413068611471061,0.37826550842457607,-0.31277534125475037,-0.03333401214646792,-0.04172835001636621,-0.3846130075389462,-0.3574307058815349,-0.03811638665416195,0.19685134719241043,1.888561136312521,-0.8208203027932078,-0.03687211083455477,0.46667521661597733
27-1_06_21,-0.043527666373705365,-0.06660910081712446,-0.3074835003233932,-0.10828470766785636,2.0531281459472033,-0.6260459863145502,-1.8429864237742695,0.849239794266297,0.37668698411218027,0.910310319353915,0.42945545245757644,0.5598287844157717,0.5351874074422501,-0.10516060289726625,-0.013541725851545117,-0.02315048944812781,-0.00901788778387247,-0.36881393033849463,0.5001411722522762,0.5224909358969121,-0.03872662092995116,-0.02664912120453866,0.8327217561442958,0.2947270671642599,-0.010101085609753646,-0.018070995088560915,0.6916239550715773,-0.3044691960605598,-0.031082933581281558,0.7184204409854689,0.56429506218179,0.32279476108834465,0.5226163958052571,-0.03404394477598465,-0.31277534125475037,-0.03333401214646792,-0.04172835001636621,-0.3846130075389462,-0.3574307058815349,1.5167124293536327,0.5883888642553177,1.0673752537036756,-0.8208203027932078,-0.03687211083455477,-2.0660791623765205
27-1_07_20,-0.09408403981614927,-0.06660910081712446,-0.3074835003233932,-0.10828470766785636,0.882070157422947,0.9867378704051852,-0.05765658876350244,0.1713190165971623,-0.5464201164016506,-0.41190897538000426,-0.35479002361865675,-0.30251282511139044,-1.250142427568517,-0.10516060289726625,-0.013541725851545117,-0.02315048944812781,-0.00901788778387247,0.24661002254744924,-1.2851886627584908,-0.4690871753311269,-0.03872662092995116,-0.02664912120453866,0.2861389712303283,-0.29753833080379,-0.010101085609753646,-0.018070995088560915,-0.8524440892786984,0.899650786595365,-0.031082933581281558,0.26449518102066655,-0.5334195193700801,-0.7185979240698804,-0.5419477908746673,-0.42557226939089954,-0.31277534125475037,-0.03333401214646792,-0.04172835001636621,-0.3846130075389462,-0.3574307058815349,0.35342113040874523,-0.09371321479340572,-0.1367447289522491,-0.8208203027932078,-0.03687211083455477,1.5103773700290999
27-1_09_20,0.5172589350809198,-0.06660910081712446,-0.3074835003233932,-0.10828470766785636,1.7451726194255526,1.1592838486962167,0.7708553981017998,0.645577066879103,0.29633038015662083,1.0794527184542684,0.2465465415173307,0.4811498505319134,0.2412192662657558,-0.10516060289726625,-0.013541725851545117,-0.02315048944812781,-0.00901788778387247,0.0655553439602179,1.47898746963184,0.8312231938518739,-0.03872662092995116,-0.02664912120453866,0.8327217561442958,0.32976981607097816,-0.010101085609753646,-0.018070995088560915,0.4697752054552209,-0.3044691960605598,-0.031082933581281558,0.5149497898463248,0.41178158881142557,0.16600865722804997,0.6707497151385962,0.42551688068686605,-0.31277534125475037,1.2888852825874513,-0.04172835001636621,-0.3846130075389462,1.4938276428375403,0.7487734781071408,0.7332866031280549,-0.1367447289522491,-0.8208203027932078,-0.03687211083455477,1.412631593136239
27-1_11_20,0.8042889708240185,-0.06660910081712446,-0.3074835003233932,-0.10828470766785636,1.5874269604203666,-0.6260459863145502,0.11605496854682407,0.5928875645022145,0.5237920606567301,1.3734208596307629,0.17158237382374475,0.8342441776742084,0.6583425913101328,-0.10516060289726625,-0.013541725851545117,-0.02315048944812781,-0.00901788778387247,-0.01663141222713216,1.1144850587225474,1.041865981393922,-0.03872662092995116,-0.02664912120453866,1.095507047108534,0.7429265725832936,-0.010101085609753646,-0.018070995088560915,1.0718351967831834,-0.3044691960605598,-0.031082933581281558,1.0296192254847274,0.8629068667591495,1.240443468251213,0.8314077291611297,0.5859022219497829,-0.31277534125475037,-0.03333401214646792,-0.04172835001636621,-0.3846130075389462,1.3501394702164013,0.43188512694255266,1.1762442478685418,0.9046479562059759,-0.8208203027932078,-0.03687211083455477,0.625002329746448
27-2_01_21,-0.043527666373705365,-0.06660910081712446,1.0147357944105262,-0.10828470766785636,1.8717616220419737,0.8653157075197224,0.5014058499108414,0.6329917800132465,0.19765134440971766,1.295661200717932,0.01749833591396932,0.1564866045544968,-1.250142427568517,-0.10516060289726625,-0.013541725851545117,-0.02315048944812781,-0.00901788778387247,-1.5729339129944195,0.8640304498968892,-0.6795811740703612,-0.03872662092995116,-0.02664912120453866,0.4342799629197258,-0.3026658340708406,-0.010101085609753646,-0.018070995088560915,0.2614992630281384,-0.3044691960605598,-0.031082933581281558,0.49729311094015494,-0.20589143425837747,0.7727637697643923,-0.14585978706422303,0.11085039221348296,-0.31277534125475037,-0.03333401214646792,-0.04172835001636621,-0.3846130075389462,-0.3574307058815349,-0.03811638665416195,0.29163766657061135,-0.1367447289522491,-0.8208203027932078,-0.03687211083455477,-0.453295305656785
27-2_03_21,0.2551095161743855,-0.06660910081712446,-0.3074835003233932,0.8024921079903782,2.0270477434697525,-0.6260459863145502,0.520625556117875,1.1565152379477461,0.4050823556716454,1.0794527184542684,0.6300048832213141,0.560969563852636,0.6583425913101328,1.3862010909370064,-0.013541725851545117,-0.02315048944812781,-0.00901788778387247,-1.5729339129944195,0.9724899121106938,0.6542668060601029,-0.03872662092995116,-0.02664912120453866,0.9389589910956287,0.3427984432242582,-0.010101085609753646,-0.018070995088560915,0.8377519907498152,-0.3044691960605598,-0.031082933581281558,0.3963094356130142,0.645728818613399,1.0898381302182307,0.6650502306896879,0.7684738691477246,-0.31277534125475037,-0.03333401214646792,-0.04172835001636621,-0.3846130075389462,1.6016106864395585,1.2687007804102137,1.141574692378333,1.0673752537036756,-0.8208203027932078,-0.03687211083455477,-0.3585089862785841
27-2_05_20,0.6611318666948491,-0.06660910081712446,1.3053003563963421,-0.10828470766785636,2.06030080248918,0.9867378704051852,1.202727635166598,0.4921276604359641,0.41235105223641,1.70536232027576,0.43648100988988214,0.640871756739726,0.2412192662657558,-0.10516060289726625,-0.013541725851545117,-0.02315048944812781,-0.00901788778387247,0.2783244357246558,-1.2851886627584908,-0.08935555209113066,-0.03872662092995116,-0.02664912120453866,0.3200855007580161,-0.17031182166066086,-0.010101085609753646,-0.018070995088560915,-0.8524440892786984,1.0177500986733596,-0.031082933581281558,0.19806143868173673,-0.08811437082758125,0.43774927679004366,-0.036990361652086634,-0.18710337625314938,0.7286173439034747,-0.03333401214646792,-0.04172835001636621,-0.3846130075389462,-0.3574307058815349,1.142191356802683,0.19685134719241043,-0.1367447289522491,-0.8208203027932078,-0.03687211083455477,2.195683155233099
27-2_05_21,-0.6803497639608798,2.0161762694993257,-0.3074835003233932,-0.10828470766785636,1.3371971184364417,-0.6260459863145502,0.6209065652116379,0.9911812331953458,0.22899109661596428,-0.41190897538000426,0.15789410452591834,0.22335077371840928,0.6011159211505583,-0.10516060289726625,-0.013541725851545117,-0.02315048944812781,-0.00901788778387247,0.6663655661324731,0.9478074476336631,0.16284015804440405,-0.03872662092995116,-0.02664912120453866,0.6631014801450398,0.2774434020127909,-0.010101085609753646,-0.018070995088560915,-0.8524440892786984,-0.3044691960605598,1.2911363611526379,0.6846499779803324,0.08069513351333062,0.6676036813309131,0.42808898574788956,0.21930730803537815,-0.31277534125475037,-0.03333401214646792,-0.04172835001636621,-0.3846130075389462,-0.3574307058815349,0.35342113040874523,0.4353258391917502,1.0673752537036756,-0.8208203027932078,-0.03687211083455477,-0.020756183589863086
27-2_06_21,-0.29499888259686263,-0.06660910081712446,-0.3074835003233932,-0.10828470766785636,2.1641969363579023,-0.6260459863145502,0.649773965252568,1.2824995956305902,0.11669384033628982,1.2008748813397312,0.71226274129057,0.41470479275366334,0.0720768671654024,-0.10516060289726625,-0.013541725851545117,-0.02315048944812781,-0.00901788778387247,-0.01663141222713216,0.32759519396124465,0.6605002909369426,-0.03872662092995116,-0.02664912120453866,0.5246134632296681,0.06692898503470238,-0.010101085609753646,-0.018070995088560915,-0.8524440892786984,-0.3044691960605598,-0.031082933581281558,0.160599047151944,-0.030251390289417743,-0.7185979240698804,0.4247762734090079,-0.33078817538899924,-0.31277534125475037,-0.03333401214646792,1.3732449979544517,-0.3846130075389462,-0.3574307058815349,1.5798040702386715,0.7332866031280549,1.7977537222913185,-0.8208203027932078,-0.03687211083455477,0.3159378801983479
27-2_07_20,0.6704518484340972,-0.06660910081712446,-0.3074835003233932,0.7187151102536042,1.5310923404499552,1.081524189783386,1.182728960127071,1.0177492493183014,0.5547301317653834,-0.41190897538000426,0.5232685481107897,0.6520992966752679,-1.250142427568517,-0.10516060289726625,1.6940284502463911,1.885334529430522,-0.00901788778387247,0.879619150234506,-1.2851886627584908,-0.060353157605384955,-0.03872662092995116,-0.02664912120453866,0.3515698972559922,0.12071626469505109,-0.010101085609753646,-0.018070995088560915,0.1017984201606265,-0.3044691960605598,-0.031082933581281558,0.579169057351194,-0.753355074342156,-0.7185979240698804,-0.08264086995285302,-0.18710337625314938,-0.31277534125475037,-0.03333401214646792,-0.04172835001636621,-0.3846130075389462,-0.3574307058815349,1.2304844133966752,-0.09371321479340572,-0.1367447289522491,-0.8208203027932078,-0.03687211083455477,2.288432637367752
27-2_09_20,1.1852335800236202,-0.06660910081712446,-0.3074835003233932,-0.10828470766785636,2.06030080248918,1.3329954060065432,0.8207145016153787,1.0497913930630514,0.716970278923835,1.5924123984026384,0.10009598827276145,0.8256585793081046,0.0720768671654024,-0.10516060289726625,-0.013541725851545117,-0.02315048944812781,-0.00901788778387247,0.11280782560784419,0.9958447044892369,0.368551424932881,-0.03872662092995116,-0.02664912120453866,0.5818401333892426,0.18899524703254628,-0.010101085609753646,-0.018070995088560915,0.6916239550715773,-0.3044691960605598,-0.031082933581281558,0.4395585236629793,0.37074767647980267,-0.7185979240698804,0.5558237957115026,0.3945939085964333,-0.31277534125475037,-0.03333401214646792,-0.04172835001636621,-0.3846130075389462,1.6468906679011077,0.20035810534517784,0.5431088827937685,-0.1367447289522491,-0.8208203027932078,-0.03687211083455477,1.4183630452658864
27-2_11_20,0.8305780532179863,-0.06660910081712446,1.0147357944105262,-0.10828470766785636,1.9283099295233603,1.2824390325640995,0.5736540835640116,1.0388435271687588,0.8425787064619108,1.295661200717932,0.18799022693312506,0.5980740167267486,1.0421136437879592,-0.10516060289726625,-0.013541725851545117,-0.02315048944812781,-0.00901788778387247,0.5098514573220306,1.0968283798163776,0.5813617252963987,-0.03872662092995116,-0.02664912120453866,0.6480202953152207,0.4980969446448799,-0.010101085609753646,-0.018070995088560915,0.6389176045555743,-0.3044691960605598,-0.031082933581281558,1.1200272239562876,0.41178158881142557,0.8171180459156293,0.5619286823189844,-0.12987804965113015,0.46537590912889326,-0.03333401214646792,-0.04172835001636621,1.6607099712477111,1.4278991291292322,0.6067783314952871,0.8872635478931639,1.5260131027293249,-0.8208203027932078,-0.03687211083455477,1.2036672107542468
28-0_01_21,0.811011929873393,-0.06660910081712446,-0.3074835003233932,-0.10828470766785636,2.06030080248918,0.9867378704051852,0.4146921510949151,1.1711633275896145,0.721857531829696,1.2008748813397312,0.5561590297386554,0.6612388276073558,1.2761968498213272,-0.10516060289726625,-0.013541725851545117,-0.02315048944812781,-0.00901788778387247,0.5839179880755917,1.7979554803845617,0.5371946426722889,-0.03872662092995116,-0.02664912120453866,0.731527979833701,0.6172441808585236,-0.010101085609753646,-0.018070995088560915,0.8718317803220906,1.3582886356210144,-0.031082933581281558,1.1450655391971423,0.6698007437142041,0.894185932649855,0.6592749530050142,0.6253201260355131,0.8175584272402557,-0.03333401214646792,-0.04172835001636621,1.1067486862953264,1.4938276428375403,0.8944068730919267,0.4353258391917502,-0.1367447289522491,-0.8208203027932078,-0.03687211083455477,1.1942307834183996
28-0_03_21,-0.6803497639608798,-0.06660910081712446,-0.3074835003233932,-0.10828470766785636,-1.0264148614557027,-0.6260459863145502,-1.8429864237742695,-0.8310221992177402,-1.5717259816664209,-0.41190897538000426,-1.5646761554148125,-2.7191533324496717,-1.250142427568517,-0.10516060289726625,-0.013541725851545117,-0.02315048944812781,-0.00901788778387247,-1.5729339129944195,-1.2851886627584908,-1.1709428679046339,-0.03872662092995116,-0.02664912120453866,-1.326644885489407,-1.1787599029003084,-0.010101085609753646,-0.018070995088560915,-0.8524440892786984,-0.3044691960605598,-0.031082933581281558,-0.8433312464764884,-1.0996126099435142,-0.7185979240698804,-1.1998052096957745,-0.9969500259323955,-0.31277534125475037,-0.03333401214646792,-0.04172835001636621,-0.3846130075389462,-0.3574307058815349,-1.6509002433738975,-1.415932509527325,-0.1367447289522491,-0.8208203027932078,-0.03687211083455477,-2.0660791623765205
28-0_05_20,0.1466500539605809,-0.06660910081712446,-0.3074835003233932,-0.10828470766785636,1.0563705088607473,0.9867378704051852,0.963871605744548,0.7572242645496945,0.3697854509679823,1.3734208596307629,0.657213279762469,0.47840288070386516,-1.250142427568517,-0.10516060289726625,-0.013541725851545117,-0.02315048944812781,-0.00901788778387247,0.6787043074537925,-1.2851886627584908,-0.24666358184275222,-0.03872662092995116,-0.02664912120453866,0.059556719911386335,-0.22711020403926319,-0.010101085609753646,-0.018070995088560915,0.4028284158246077,1.0177500986733596,-0.031082933581281558,-0.8433312464764884,-0.4092004092427607,-0.7185979240698804,-0.1336597016243892,0.440190042792831,-0.31277534125475037,-0.03333401214646792,-0.04172835001636621,1.1067486862953264,-0.3574307058815349,0.5280767039192721,0.4925525093513247,0.9046479562059759,-0.8208203027932078,-0.03687211083455477,2.365943585782557
28-0_06_21,-0.6803497639608798,-0.06660910081712446,-0.3074835003233932,-0.10828470766785636,-1.0264148614557027,-0.6260459863145502,-1.8429864237742695,-0.7428062696341802,-1.2706959860024396,-0.41190897538000426,-1.33615662375367,-0.8383397401688801,-1.250142427568517,-0.10516060289726625,-0.013541725851545117,-0.02315048944812781,-0.00901788778387247,-1.5729339129944195,-1.2851886627584908,-0.7289860302482224,-0.03872662092995116,-0.02664912120453866,-1.326644885489407,-0.8265773847889459,-0.010101085609753646,-0.018070995088560915,-0.8524440892786984,-0.3044691960605598,-0.031082933581281558,-0.8433312464764884,-1.0996126099435142,-0.7185979240698804,-1.3689476087961279,-0.9969500259323955,-0.31277534125475037,-0.03333401214646792,-0.04172835001636621,-0.3846130075389462,-0.3574307058815349,-1.6509002433738975,-1.415932509527325,-0.1367447289522491,0.38329967986271696,-0.03687211083455477,-2.0660791623765205
28-0_07_20,0.3610429211973454,-0.06660910081712446,-0.3074835003233932,-0.10828470766785636,0.9779065123269399,-0.6260459863145502,0.8821080973071995,0.7967679262338363,0.3259011096240205,-0.41190897538000426,-0.05052620871777802,0.4933006285906043,-0.04602244491259211,-0.10516060289726625,-0.013541725851545117,-0.02315048944812781,-0.00901788778387247,0.19422195308776102,-1.2851886627584908,-0.12692603892026,-0.03872662092995116,-0.02664912120453866,-0.44203830419147677,-0.14807345790376938,-0.010101085609753646,-0.018070995088560915,-0.15347408494267958,-0.3044691960605598,-0.031082933581281558,0.3963094356130142,-0.4092004092427607,-0.7185979240698804,-0.2914931820490089,-0.42557226939089954,0.46537590912889326,-0.03333401214646792,-0.04172835001636621,-0.3846130075389462,-0.3574307058815349,0.25758477550475234,-1.415932509527325,-0.1367447289522491,-0.8208203027932078,-0.03687211083455477,1.8255140419724447
28-0_09_20,-0.21723922368403198,-0.06660910081712446,-0.3074835003233932,-0.10828470766785636,1.0908564342000615,0.8653157075197224,-0.230202567054534,0.5575845876040666,-0.05585213795474164,-0.41190897538000426,-0.13449334230819954,0.5012163000017231,-1.250142427568517,-0.10516060289726625,-0.013541725851545117,-0.02315048944812781,-0.00901788778387247,0.4313874607882232,-1.2851886627584908,-0.061476817952541396,-0.03872662092995116,-0.02664912120453866,0.6776764882932355,-0.5360128228031298,-0.010101085609753646,-0.018070995088560915,-0.8524440892786984,-0.3044691960605598,-0.031082933581281558,-0.8433312464764884,-0.09855464478718036,0.6036213706640389,0.14831114384415134,0.3060189710025495,0.46537590912889326,-0.03333401214646792,-0.04172835001636621,-0.3846130075389462,-0.3574307058815349,0.30814114894719613,0.8872635478931639,-0.1367447289522491,-0.8208203027932078,-0.03687211083455477,1.7004080438631735
28-0_11_20,0.6885124334281696,-0.06660910081712446,-0.3074835003233932,-0.10828470766785636,1.6080624087050288,-0.6260459863145502,0.008271924944805775,0.605956589219045,0.8849436477573369,0.910310319353915,0.40729276228481504,0.46582185824858935,0.0720768671654024,-0.10516060289726625,-0.013541725851545117,-0.02315048944812781,-0.00901788778387247,0.3487525624891826,1.5216693667603267,0.04829226610903581,-0.03872662092995116,-0.02664912120453866,0.6480202953152207,0.20048084794509008,-0.010101085609753646,-0.018070995088560915,0.48997859154350787,-0.3044691960605598,-0.031082933581281558,0.41847212578577553,0.2611931567640074,0.9281324621775429,0.46142717439742265,0.32523822597274876,-0.31277534125475037,-0.03333401214646792,-0.04172835001636621,-0.3846130075389462,1.2553531508382005,0.25758477550475234,0.7013387861284393,-0.1367447289522491,-0.8208203027932078,-0.03687211083455477,0.6980969700138102
28-1_01_21,0.49019133033203854,-0.06660910081712446,-0.3074835003233932,-0.10828470766785636,2.06030080248918,1.081524189783386,0.3359905235189,0.800439852414808,0.11847009836209277,1.295661200717932,0.38641988633222435,0.05609292729056503,0.850228117549046,-0.10516060289726625,-0.013541725851545117,-0.02315048944812781,-0.00901788778387247,0.9566247600267438,0.7191327110241519,-0.10152145914616528,-0.03872662092995116,-0.02664912120453866,0.4342799629197258,0.10888189534631926,-0.010101085609753646,-0.018070995088560915,0.8799496705442701,-0.3044691960605598,-0.031082933581281558,0.6846499779803324,0.4432431670965268,1.016468425614415,0.25380900488200075,-0.9969500259323955,-0.31277534125475037,-0.03333401214646792,-0.04172835001636621,-0.3846130075389462,-0.3574307058815349,0.9184736662411485,0.4353258391917502,-0.1367447289522491,-0.8208203027932078,-0.03687211083455477,1.6033307049112624
28-1_03_21,0.49019133033203854,-0.06660910081712446,-0.3074835003233932,-0.10828470766785636,1.7302212467901454,0.6961733084193691,0.3638394522575803,0.8117185189419467,0.5579639105328802,-0.41190897538000426,0.15385428330865447,0.6332221625508485,1.399192431143625,-0.10516060289726625,-0.013541725851545117,-0.02315048944812781,-0.00901788778387247,1.4956229820779434,1.1314518445797903,0.29543039328180615,-0.03872662092995116,-0.02664912120453866,0.9467422546422767,0.7489220254124478,-0.010101085609753646,-0.018070995088560915,0.6527058890412076,-0.3044691960605598,-0.031082933581281558,0.6351040621410053,0.6977056099796111,1.6191940024855311,0.7728753019087637,0.8429987466766178,0.8175584272402557,-0.03333401214646792,-0.04172835001636621,-0.3846130075389462,1.4278991291292322,-0.03811638665416195,1.3771590906492552,-0.1367447289522491,-0.8208203027932078,-0.03687211083455477,0.8209752156744365
28-1_05_20,-0.6803497639608798,-0.06660910081712446,-0.3074835003233932,-0.10828470766785636,-1.0264148614557027,-0.6260459863145502,0.06549859510438027,-0.9955315857236062,-0.7392170689601845,-0.41190897538000426,-0.6355174576919498,-0.5260287340952099,-1.250142427568517,-0.10516060289726625,-0.013541725851545117,-0.02315048944812781,-0.00901788778387247,0.012526816514081274,-1.2851886627584908,-1.1429141443043904,-0.03872662092995116,-0.02664912120453866,-1.326644885489407,-1.1787599029003084,-0.010101085609753646,-0.018070995088560915,-0.8524440892786984,-0.3044691960605598,-0.031082933581281558,-0.8433312464764884,-1.0996126099435142,-0.7185979240698804,-1.3689476087961279,-0.9969500259323955,-0.31277534125475037,-0.03333401214646792,-0.04172835001636621,-0.3846130075389462,-0.3574307058815349,-1.6509002433738975,-1.415932509527325,-0.1367447289522491,-0.8208203027932078,-0.03687211083455477,1.1845847570867232
28-1_05_21,1.0841466052500834,-0.06660910081712446,-0.3074835003233932,-0.10828470766785636,2.5090058566004707,1.7559710562603181,0.9286010571069858,1.3228887525325042,0.7028936374248174,1.4965760434986455,0.6053045773680894,0.9807710702928054,1.4910091712832683,-0.10516060289726625,-0.013541725851545117,-0.02315048944812781,-0.00901788778387247,1.3925029867818406,1.6074623711188096,0.6136744247282415,-0.03872662092995116,-0.02664912120453866,1.0369670944027374,0.8555963541035012,-0.010101085609753646,-0.018070995088560915,0.6660698505991891,-0.3044691960605598,-0.031082933581281558,0.990916005369455,0.9068012491296978,1.598768867869627,0.8398007780418679,0.6527000499327712,0.7286173439034747,-0.03333401214646792,-0.04172835001636621,-0.3846130075389462,1.6468906679011077,0.35342113040874523,1.3909255199914925,-0.1367447289522491,-0.8208203027932078,-0.03687211083455477,-0.020756183589863086
28-1_06_21,-0.6803497639608798,-0.06660910081712446,-0.3074835003233932,-0.10828470766785636,1.6646666306672657,-0.6260459863145502,-0.230202567054534,0.5412925616478321,0.08723886099801414,-0.41190897538000426,-0.6231991330051092,0.35675842903310584,-0.20874974241029182,-0.10516060289726625,-0.013541725851545117,-0.02315048944812781,-0.00901788778387247,0.19422195308776102,0.623296356120159,-0.12692603892026,-0.03872662092995116,-0.02664912120453866,0.1153119521670043,-0.41373032983856983,-0.010101085609753646,-0.018070995088560915,0.1017984201606265,-0.3044691960605598,-0.031082933581281558,-0.8433312464764884,-0.15488926475759165,-0.7185979240698804,-0.013559950809554022,-0.12987804965113015,-0.31277534125475037,-0.03333401214646792,-0.04172835001636621,-0.3846130075389462,-0.3574307058815349,-1.6509002433738975,-1.415932509527325,-0.1367447289522491,1.503462152504485,-0.03687211083455477,-0.2148208136574452
28-1_07_20,-0.6803497639608798,-0.06660910081712446,-0.3074835003233932,-0.10828470766785636,-1.0264148614557027,-0.6260459863145502,-0.05765658876350244,-0.8118871887774792,-0.7266279416521639,-0.41190897538000426,-0.986011274407014,-0.6938474671849013,-1.250142427568517,-0.10516060289726625,-0.013541725851545117,-0.02315048944812781,-0.00901788778387247,-0.36881393033849463,-1.2851886627584908,-0.9948516088489527,-0.03872662092995116,-0.02664912120453866,-1.326644885489407,-1.0756895811874336,-0.010101085609753646,-0.018070995088560915,-0.250384097950736,-0.3044691960605598,-0.031082933581281558,-0.8433312464764884,-0.9270666316524825,-0.7185979240698804,-1.3689476087961279,-0.9969500259323955,-0.31277534125475037,-0.03333401214646792,-0.04172835001636621,-0.3846130075389462,-0.3574307058815349,-1.6509002433738975,-1.415932509527325,-0.1367447289522491,-0.8208203027932078,-0.03687211083455477,0.6423417377581924
28-1_09_20,0.49019133033203854,1.892432291503969,-0.3074835003233932,-0.10828470766785636,1.8315204032637262,1.2824390325640995,1.3391427902787287,1.2216405519803861,0.7366249669203051,1.633414003406653,0.6733085900748914,0.6165051198396301,0.6583425913101328,-0.10516060289726625,-0.013541725851545117,-0.02315048944812781,-0.00901788778387247,0.9629928284011499,1.2601184537073333,-0.024814832226395855,-0.03872662092995116,-0.02664912120453866,0.3809252906085292,0.32127063128356587,-0.010101085609753646,-0.018070995088560915,0.29368394639953965,1.0177500986733596,-0.031082933581281558,0.5639823882703665,0.059191014218005836,1.0667319109408866,0.23103937390896923,0.04441820959410684,-0.31277534125475037,-0.03333401214646792,-0.04172835001636621,-0.3846130075389462,-0.3574307058815349,1.1279742286288421,0.7013387861284393,-0.1367447289522491,-0.8208203027932078,-0.03687211083455477,1.991244542992764
28-1_11_20,0.17640788859837045,-0.06660910081712446,-0.3074835003233932,-0.10828470766785636,1.5978672343799656,1.1592838486962167,0.06549859510438027,0.4682435645743164,0.5354839879814475,1.295661200717932,0.12156682019877496,0.3438045016348388,-1.250142427568517,-0.10516060289726625,-0.013541725851545117,-0.02315048944812781,-0.00901788778387247,0.6600621973977344,-1.2851886627584908,-0.2087314287940337,-0.03872662092995116,-0.02664912120453866,-0.2852522003311821,0.05123258703090511,-0.010101085609753646,-0.018070995088560915,0.3780048320995756,-0.3044691960605598,-0.031082933581281558,0.0743174606863802,-0.12021970926738279,-0.7185979240698804,0.2014841303472532,0.32523822597274876,-0.31277534125475037,-0.03333401214646792,-0.04172835001636621,-0.3846130075389462,-0.3574307058815349,-0.3286809486399781,0.5431088827937685,-0.1367447289522491,-0.8208203027932078,-0.03687211083455477,1.2725765032021799
29-0_01_21,-0.09408403981614927,-0.06660910081712446,-0.3074835003233932,-0.10828470766785636,1.618023728012136,-0.6260459863145502,1.4359956930911737,0.49675080907432934,0.3948850050155135,-0.41190897538000426,0.4484872708852403,0.3106361383821843,0.7088989647525766,-0.10516060289726625,-0.013541725851545117,-0.02315048944812781,-0.00901788778387247,0.8757724069106604,1.2601184537073333,0.018453857930584516,-0.03872662092995116,-0.02664912120453866,0.3809252906085292,0.09465478612173334,-0.010101085609753646,-0.018070995088560915,0.2267371567689265,-0.3044691960605598,-0.031082933581281558,0.4788880482574309,-0.667073487876592,0.8171180459156293,0.1902177532405257,0.1946254230488462,-0.31277534125475037,-0.03333401214646792,-0.04172835001636621,0.9376062871949731,-0.3574307058815349,1.1693012161117426,0.5431088827937685,2.108767938861901,-0.8208203027932078,-0.03687211083455477,2.184365237813445
29-0_03_21,-0.09408403981614927,-0.06660910081712446,-0.3074835003233932,-0.10828470766785636,1.6646666306672657,1.3782753874680924,1.327568634746939,0.3863431662972987,0.10770191494569814,-0.41190897538000426,0.4379780926831589,0.09775050692598874,-0.04602244491259211,-0.10516060289726625,-0.013541725851545117,-0.02315048944812781,-0.00901788778387247,-1.5729339129944195,0.8640304498968892,-0.04600413129633396,-0.03872662092995116,-0.02664912120453866,0.6917781973373788,0.15976773403837358,-0.010101085609753646,-0.018070995088560915,0.48997859154350787,-0.3044691960605598,-0.031082933581281558,-0.09939409662394635,0.19662438754790645,0.9889722520280559,0.05779595772611429,0.2859096247498608,-0.31277534125475037,-0.03333401214646792,-0.04172835001636621,-0.3846130075389462,-0.3574307058815349,1.120687237507358,0.8872635478931639,-0.1367447289522491,-0.8208203027932078,-0.03687211083455477,2.239723466808384
29-0_05_20,0.5896076987010679,-0.06660910081712446,-0.3074835003233932,-0.10828470766785636,0.7589149735550642,-0.6260459863145502,1.049664610103031,0.7258233733745998,0.3892202140674106,-0.41190897538000426,0.4228608717235256,0.5688722029386912,0.30616007319877037,-0.10516060289726625,-0.013541725851545117,-0.02315048944812781,-0.00901788778387247,0.3861074793266741,-1.2851886627584908,0.15127642682928538,-0.03872662092995116,-0.02664912120453866,-0.004425590755487874,-0.06007011556901003,-0.010101085609753646,-0.018070995088560915,-0.8524440892786984,-0.3044691960605598,-0.031082933581281558,-0.8433312464764884,-0.43136309941552203,-0.7185979240698804,-0.036990361652086634,-0.03404394477598465,-0.31277534125475037,-0.03333401214646792,-0.04172835001636621,-0.3846130075389462,-0.3574307058815349,1.1132758890164332,-1.415932509527325,-0.1367447289522491,-0.8208203027932078,-0.03687211083455477,2.1797048547010043
29-0_05_21,0.17640788859837045,1.255610193916795,-0.3074835003233932,-0.10828470766785636,2.2704696140828444,1.081524189783386,1.0766146000098415,1.1864623551677616,0.632936530081798,-0.41190897538000426,0.4645753389266407,0.7730481189428684,0.5351874074422501,-0.10516060289726625,-0.013541725851545117,-0.02315048944812781,-0.00901788778387247,0.6405838440018855,1.4058928293644777,0.31854686405763794,-0.03872662092995116,-0.02664912120453866,0.5993543809667483,0.5444904774827903,-0.010101085609753646,-0.018070995088560915,0.5947139420635209,0.899650786595365,-0.031082933581281558,0.5149497898463248,0.31331891723809113,0.6676036813309131,0.47644576919748294,0.6948148341297657,-0.31277534125475037,-0.03333401214646792,-0.04172835001636621,0.9376062871949731,-0.3574307058815349,0.7820690475005084,0.07542918430694767,3.0743758123058003,-0.8208203027932078,-0.03687211083455477,0.667118102730049
29-0_06_21,0.6611318666948491,-0.06660910081712446,-0.3074835003233932,-0.10828470766785636,-1.0264148614557027,-0.6260459863145502,-0.1354162476763331,0.47987195621533774,0.17955312231692155,-0.41190897538000426,-0.14278418820462657,0.47145846536393354,1.1580975377433327,-0.10516060289726625,-0.013541725851545117,-0.02315048944812781,-0.00901788778387247,-0.04788910595757423,0.623296356120159,0.253938768726433,-0.03872662092995116,-0.02664912120453866,0.2861389712303283,0.09671598829128464,-0.010101085609753646,-0.018070995088560915,0.2614992630281384,1.4031009800373766,-0.031082933581281558,0.160599047151944,0.655145806857327,0.6676036813309131,0.42643578816003713,0.07890332527901667,0.46537590912889326,-0.03333401214646792,-0.04172835001636621,-0.3846130075389462,-0.3574307058815349,0.056669932724038974,0.4353258391917502,-0.1367447289522491,0.5013989919407115,-0.03687211083455477,-0.061757788593877816
29-0_07_20,-0.6803497639608798,-0.06660910081712446,-0.3074835003233932,-0.10828470766785636,-1.0264148614557027,-0.6260459863145502,0.2023365550123879,-0.4854100709010185,-1.2706959860024396,-0.41190897538000426,-0.7090916224675968,-0.5699342197942916,-1.250142427568517,-0.10516060289726625,-0.013541725851545117,-0.02315048944812781,-0.00901788778387247,-0.4426001444994133,-1.2851886627584908,-1.024814832226396,-0.03872662092995116,-0.02664912120453866,-1.326644885489407,-1.1787599029003084,-0.010101085609753646,-0.018070995088560915,-0.8524440892786984,-0.3044691960605598,-0.031082933581281558,-0.8433312464764884,-1.0996126099435142,-0.7185979240698804,-1.3689476087961279,-0.9969500259323955,-0.31277534125475037,-0.03333401214646792,-0.04172835001636621,-0.3846130075389462,-0.3574307058815349,0.20035810534517784,-1.415932509527325,-0.1367447289522491,-0.8208203027932078,-0.03687211083455477,0.9555235536517217
29-0_11_20,0.00175231508784357,-0.06660910081712446,-0.3074835003233932,-0.10828470766785636,1.9471747619715543,0.9867378704051852,1.4936733996801508,0.7376022987759523,0.38540221601039226,-0.41190897538000426,0.5704532559859705,-0.14396548752201044,-1.250142427568517,-0.10516060289726625,-0.013541725851545117,-0.02315048944812781,-0.00901788778387247,0.5762851996609605,-1.2851886627584908,0.07209518078166055,-0.03872662092995116,-0.02664912120453866,-1.326644885489407,-0.2825093404386704,-0.010101085609753646,-0.018070995088560915,-0.8524440892786984,-0.3044691960605598,-0.031082933581281558,0.1195974421479292,-0.5055705906313999,-0.7185979240698804,-0.300231796426668,-0.9969500259323955,-0.31277534125475037,-0.03333401214646792,-0.04172835001636621,-0.3846130075389462,-0.3574307058815349,1.5588827714746176,0.7013387861284393,-0.1367447289522491,-0.8208203027932078,-0.03687211083455477,2.1880094845425537
29-1_01_21,-0.6803497639608798,-0.06660910081712446,-0.3074835003233932,-0.10828470766785636,-1.0264148614557027,-0.6260459863145502,-1.8429864237742695,-1.6722251953484728,-2.2706959860024396,-0.41190897538000426,-1.698250445632123,-1.106369475729936,-1.250142427568517,-0.10516060289726625,-0.013541725851545117,-0.02315048944812781,-0.00901788778387247,-1.5729339129944195,-1.2851886627584908,-1.3470341269603152,-0.03872662092995116,-0.02664912120453866,-1.326644885489407,-1.1787599029003084,-0.010101085609753646,-0.018070995088560915,-0.8524440892786984,-0.3044691960605598,-0.031082933581281558,-0.8433312464764884,-1.0996126099435142,-0.7185979240698804,-1.3689476087961279,-0.9969500259323955,-0.31277534125475037,-0.03333401214646792,-0.04172835001636621,-0.3846130075389462,-0.3574307058815349,-1.6509002433738975,-1.415932509527325,-0.1367447289522491,-0.8208203027932078,-0.03687211083455477,0.016706207939929607
29-1_03_21,0.11470223696096529,-0.06660910081712446,-0.3074835003233932,-0.10828470766785636,1.9425348195256398,0.6961733084193691,1.2844423540773293,0.30863001269386325,0.16387291803175907,-0.41190897538000426,-0.04301088275370968,0.5411566133452486,0.7321288054710515,-0.10516060289726625,-0.013541725851545117,-0.02315048944812781,-0.00901788778387247,-1.5729339129944195,0.9724899121106938,-0.6227582573595261,-0.03872662092995116,-0.02664912120453866,-1.326644885489407,-0.27761307119436707,-0.010101085609753646,-0.018070995088560915,0.4028284158246077,-0.3044691960605598,-0.031082933581281558,0.3221019443971363,-0.24850347767734232,-0.7185979240698804,-0.3091498609551787,0.006956697599660797,-0.31277534125475037,-0.03333401214646792,-0.04172835001636621,-0.3846130075389462,-0.3574307058815349,0.731116799200971,-1.415932509527325,-0.1367447289522491,-0.8208203027932078,-0.03687211083455477,2.0431955758537748
29-1_05_20,0.1466500539605809,-0.06660910081712446,-0.3074835003233932,0.4779810164768741,1.5767295111644797,0.8653157075197224,1.2142992206439451,1.0574457061390223,0.4050823556716454,1.3734208596307629,0.6532150085570658,0.9243980361132735,0.16483092040230107,-0.10516060289726625,-0.013541725851545117,-0.02315048944812781,-0.00901788778387247,-0.08157221916014673,-1.2851886627584908,0.0745697999095159,-0.03872662092995116,-0.02664912120453866,-1.326644885489407,-0.19778314021373888,-0.010101085609753646,-0.018070995088560915,0.2267371567689265,-0.3044691960605598,-0.031082933581281558,-0.8433312464764884,-0.6296110963467995,0.43774927679004366,-0.4456542357158973,-0.2530303421035715,-0.31277534125475037,-0.03333401214646792,-0.04172835001636621,-0.3846130075389462,-0.3574307058815349,1.3133593868229516,0.29163766657061135,-0.1367447289522491,-0.8208203027932078,-0.03687211083455477,2.1383392951467295
29-1_05_21,-0.043527666373705365,-0.06660910081712446,-0.3074835003233932,-0.10828470766785636,1.9378447687411462,0.6961733084193691,0.6209065652116379,0.6659822047695769,-0.24131220831722988,-0.41190897538000426,0.3847337274077651,-0.3109133671378219,-1.250142427568517,-0.10516060289726625,-0.013541725851545117,-0.02315048944812781,-0.00901788778387247,-1.5729339129944195,-1.2851886627584908,-0.6437427488416538,-0.03872662092995116,-0.02664912120453866,-1.326644885489407,-0.693951819514355,-0.010101085609753646,-0.018070995088560915,-0.8524440892786984,-0.3044691960605598,-0.031082933581281558,-0.8433312464764884,-0.2636901467581697,-0.7185979240698804,-0.42165395931213084,-0.9969500259323955,-0.31277534125475037,-0.03333401214646792,-0.04172835001636621,-0.3846130075389462,-0.3574307058815349,0.930024732301722,-1.415932509527325,2.0700811470796006,-0.8208203027932078,-0.03687211083455477,0.11289778491664904
29-1_06_21,-0.6803497639608798,-0.06660910081712446,-0.3074835003233932,-0.10828470766785636,-1.0264148614557027,-0.6260459863145502,-1.8429864237742695,-2.8763451780043976,-2.2706959860024396,-0.41190897538000426,-2.172972277221331,-2.7191533324496717,-1.250142427568517,-0.10516060289726625,-0.013541725851545117,-0.02315048944812781,-0.00901788778387247,-1.5729339129944195,-1.2851886627584908,-1.4176152012460224,-0.03872662092995116,-0.02664912120453866,-1.326644885489407,-1.1787599029003084,-0.010101085609753646,-0.018070995088560915,-0.8524440892786984,-0.3044691960605598,-0.031082933581281558,-0.8433312464764884,-1.0996126099435142,-0.7185979240698804,-1.3689476087961279,-0.9969500259323955,-0.31277534125475037,-0.03333401214646792,-0.04172835001636621,-0.3846130075389462,-0.3574307058815349,-1.6509002433738975,-1.415932509527325,-0.1367447289522491,-0.8208203027932078,-0.03687211083455477,-2.0660791623765205
29-1_07_20,-0.6803497639608798,-0.06660910081712446,-0.3074835003233932,-0.10828470766785636,1.6904228618438217,1.1592838486962167,1.3978123473430617,0.5371222349814273,0.45028975815129946,1.0794527184542684,0.47728706591478276,0.44251407998806447,-1.250142427568517,-0.10516060289726625,-0.013541725851545117,-0.02315048944812781,-0.00901788778387247,-0.08157221916014673,-1.2851886627584908,-0.11914742234664161,1.4526350729043216,-0.02664912120453866,-0.17029768462948308,-0.3078545992797661,-0.010101085609753646,-0.018070995088560915,-0.8524440892786984,0.899650786595365,-0.031082933581281558,-0.09939409662394635,-0.5334195193700801,-0.7185979240698804,-0.8716229679881785,-0.33078817538899924,-0.31277534125475037,-0.03333401214646792,-0.04172835001636621,-0.3846130075389462,-0.3574307058815349,1.0659374799256272,0.4925525093513247,-0.1367447289522491,-0.8208203027932078,-0.03687211083455477,2.021737735559009
29-1_09_20,0.49019133033203854,1.5461747559026109,-0.3074835003233932,-0.10828470766785636,1.3371971184364417,1.1592838486962167,0.8014521656935691,0.6558994656221846,0.3399641770874404,1.3734208596307629,0.5111828738823336,0.08770469706914596,-1.250142427568517,-0.10516060289726625,1.4778199679827275,1.762179345562639,-0.00901788778387247,0.6060430342987501,-1.2851886627584908,-0.4305801784103901,-0.03872662092995116,-0.02664912120453866,-1.326644885489407,-0.16652544648329679,-0.010101085609753646,-0.018070995088560915,0.2267371567689265,1.3083146606591756,-0.031082933581281558,0.6605831848311107,-0.36800419297813886,-0.7185979240698804,-0.15841252453754942,0.5069290967404186,0.6166435844595424,-0.03333401214646792,-0.04172835001636621,-0.3846130075389462,-0.3574307058815349,0.7487734781071408,-0.09371321479340572,0.9046479562059759,-0.8208203027932078,-0.03687211083455477,2.051556655012974
29-1_11_20,0.042753920091858466,-0.06660910081712446,-0.3074835003233932,-0.10828470766785636,1.2065812489364511,0.9867378704051852,0.4380469434734582,0.30003551423887265,0.20497520232199018,-0.41190897538000426,0.025980024169136584,0.8561500009727274,-1.250142427568517,-0.10516060289726625,-0.013541725851545117,-0.02315048944812781,-0.00901788778387247,-0.7947826626107758,-1.2851886627584908,0.7339529199505721,-0.03872662092995116,-0.02664912120453866,0.4342799629197258,0.47029665110387747,-0.010101085609753646,-0.018070995088560915,0.7708052011192019,-0.3044691960605598,-0.031082933581281558,0.37295464323447114,0.37431919728163293,-0.7185979240698804,0.397323566652349,0.6527000499327712,0.7286173439034747,-0.03333401214646792,-0.04172835001636621,-0.3846130075389462,-0.3574307058815349,0.5820958670182564,0.07542918430694767,-0.1367447289522491,-0.8208203027932078,-0.03687211083455477,1.5103773700290999
29-2_01_21,0.39710466278623924,-0.06660910081712446,-0.3074835003233932,-0.10828470766785636,0.8248434872633725,1.1592838486962167,1.2292634738392454,1.067198799149057,0.24252161406549932,-0.41190897538000426,0.5437276426209909,0.5864129810656327,0.5694015079733518,-0.10516060289726625,-0.013541725851545117,-0.02315048944812781,-0.00901788778387247,0.2627566584980061,-1.2851886627584908,0.15675655609686595,-0.03872662092995116,-0.02664912120453866,-1.326644885489407,-0.3131061080304397,-0.010101085609753646,-0.018070995088560915,-0.007346049264441573,-0.3044691960605598,-0.031082933581281558,-0.8433312464764884,-0.058219924785289,-0.7185979240698804,-0.08802253090986478,-0.33078817538899924,-0.31277534125475037,-0.03333401214646792,-0.04172835001636621,-0.3846130075389462,-0.3574307058815349,0.6522958140465914,0.19685134719241043,1.8675766448303937,-0.8208203027932078,-0.03687211083455477,2.189458663848083
29-2_03_21,0.2551095161743855,-0.06660910081712446,-0.3074835003233932,0.4779810164768741,1.0189081173309547,1.6316325885546343,0.6355800718195739,0.46031464545002265,0.05768361743629824,-0.41190897538000426,0.56556587641389,0.6530219536653925,0.5351874074422501,-0.10516060289726625,-0.013541725851545117,-0.02315048944812781,-0.00901788778387247,-0.15796056502360145,-1.2851886627584908,0.10704814377077482,-0.03872662092995116,-0.02664912120453866,0.3200855007580161,-0.3941935509140112,-0.010101085609753646,-0.018070995088560915,0.48997859154350787,-0.3044691960605598,-0.031082933581281558,-0.8433312464764884,-0.030251390289417743,0.43774927679004366,0.119065614465037,0.4814505722446114,-0.31277534125475037,-0.03333401214646792,-0.04172835001636621,-0.3846130075389462,-0.3574307058815349,1.4286427640290085,0.9476794703648195,-0.1367447289522491,-0.8208203027932078,-0.03687211083455477,2.348074935303687
29-2_05_20,0.11470223696096529,-0.06660910081712446,-0.3074835003233932,-0.10828470766785636,-1.0264148614557027,-0.6260459863145502,0.8207145016153787,0.5559826142572066,0.13242453517337838,1.2008748813397312,-0.05433320995786928,0.3984493592404126,-1.250142427568517,-0.10516060289726625,-0.013541725851545117,-0.02315048944812781,-0.00901788778387247,-0.6435149872801267,-1.2851886627584908,-0.21509483174989058,-0.03872662092995116,-0.02664912120453866,-0.004425590755487874,-0.4939786390321031,-0.010101085609753646,-0.018070995088560915,-0.8524440892786984,-0.3044691960605598,-0.031082933581281558,-0.17715375553677706,-0.753355074342156,-0.7185979240698804,-0.8399085548109718,-0.9969500259323955,-0.31277534125475037,-0.03333401214646792,-0.04172835001636621,-0.3846130075389462,-0.3574307058815349,0.35342113040874523,-1.415932509527325,-0.1367447289522491,-0.8208203027932078,-0.03687211083455477,1.772203087538168
29-2_05_21,0.5427380577710251,-0.06660910081712446,-0.3074835003233932,-0.10828470766785636,1.6466060456731935,-0.6260459863145502,0.9286010571069858,1.3951711665072337,0.5731594366207216,-0.41190897538000426,0.41644184189473443,0.7652888751927354,1.4625072740586944,1.7756529893835251,-0.013541725851545117,-0.02315048944812781,-0.00901788778387247,0.7248265981047145,0.623296356120159,0.4030883998230849,-0.03872662092995116,-0.02664912120453866,0.4342799629197258,0.26506166274716125,-0.010101085609753646,-0.018070995088560915,0.7038584114885889,-0.3044691960605598,-0.031082933581281558,0.6480304473577844,0.5208535428778507,-0.7185979240698804,0.48665806833463465,0.1946254230488462,0.7286173439034747,-0.03333401214646792,1.5710555067033694,-0.3846130075389462,-0.3574307058815349,0.4983188692814825,0.4353258391917502,1.9277132602746692,-0.8208203027932078,-0.03687211083455477,1.403890047123439
29-2_07_20,0.7763054133079406,-0.06660910081712446,-0.3074835003233932,-0.10828470766785636,0.7589149735550642,0.6961733084193691,0.8391586525995622,1.190390617346531,0.48212044518583186,-0.41190897538000426,0.40130777117172367,0.7602780047480648,0.16483092040230107,-0.10516060289726625,-0.013541725851545117,-0.02315048944812781,-0.00901788778387247,-0.15796056502360145,-1.2851886627584908,0.021252757941815803,-0.03872662092995116,-0.02664912120453866,0.20907108449610257,-0.22711020403926319,-0.010101085609753646,-0.018070995088560915,0.1017984201606265,-0.3044691960605598,-0.031082933581281558,-0.8433312464764884,-0.24850347767734232,-0.7185979240698804,0.004314772960150315,-0.18710337625314938,-0.31277534125475037,-0.03333401214646792,-0.04172835001636621,-0.3846130075389462,-0.3574307058815349,0.930024732301722,0.5431088827937685,-0.1367447289522491,-0.8208203027932078,-0.03687211083455477,1.9019832976999287
29-2_09_20,-0.6803497639608798,-0.06660910081712446,-0.3074835003233932,-0.10828470766785636,-1.0264148614557027,-0.6260459863145502,-1.8429864237742695,-2.8763451780043976,-2.2706959860024396,-0.41190897538000426,-1.8391171401995001,-1.5150333497937467,-1.250142427568517,-0.10516060289726625,-0.013541725851545117,-0.02315048944812781,-0.00901788778387247,-1.5729339129944195,-1.2851886627584908,-1.116585205582041,-0.03872662092995116,-0.02664912120453866,-1.326644885489407,-1.1787599029003084,-0.010101085609753646,-0.018070995088560915,-0.8524440892786984,-0.3044691960605598,-0.031082933581281558,-0.8433312464764884,-1.0996126099435142,-0.7185979240698804,-1.3689476087961279,-0.9969500259323955,-0.31277534125475037,-0.03333401214646792,-0.04172835001636621,-0.3846130075389462,-0.3574307058815349,-1.6509002433738975,-1.415932509527325,-0.1367447289522491,-0.8208203027932078,-0.03687211083455477,-2.0660791623765205
29-2_11_20,-0.6803497639608798,-0.06660910081712446,-0.3074835003233932,-0.10828470766785636,0.46494683237856993,-0.6260459863145502,1.002731594192389,0.7930646892833852,0.2020604633147729,-0.41190897538000426,0.48768155820398484,0.2451062977471774,0.8833964808017005,-0.10516060289726625,-0.013541725851545117,-0.02315048944812781,-0.00901788778387247,-0.15796056502360145,-1.2851886627584908,-0.13086822467432202,-0.03872662092995116,-0.02664912120453866,-0.17029768462948308,-0.357574020291463,-0.010101085609753646,-0.018070995088560915,0.05064589771324517,0.7369234890976653,-0.031082933581281558,-0.8433312464764884,-0.4794003562710957,-0.7185979240698804,-0.19840651450320962,-0.9969500259323955,-0.31277534125475037,-0.03333401214646792,-0.04172835001636621,-0.3846130075389462,-0.3574307058815349,0.8276662522199459,-0.09371321479340572,-0.1367447289522491,-0.8208203027932078,-0.03687211083455477,2.42515642765673
30-0_01_21,0.2551095161743855,-0.06660910081712446,1.1838781935108795,-0.10828470766785636,-1.0264148614557027,1.1592838486962167,1.2811916317004057,1.234278197228933,0.43857397497339123,1.7373101372753756,0.4935998475319072,0.5012163000017231,0.30616007319877037,-0.10516060289726625,-0.013541725851545117,-0.02315048944812781,-0.00901788778387247,-0.01663141222713216,1.5787287141993698,0.22641769507517012,-0.03872662092995116,-0.02664912120453866,0.2861389712303283,0.2566066037123528,-0.010101085609753646,-0.018070995088560915,0.8377519907498152,-0.3044691960605598,-0.031082933581281558,0.19806143868173673,0.5596773208367604,-0.7185979240698804,0.27309272666680173,0.21930730803537815,-0.31277534125475037,-0.03333401214646792,-0.04172835001636621,1.1067486862953264,1.4938276428375403,0.9412765140219693,0.4925525093513247,-0.1367447289522491,-0.8208203027932078,-0.03687211083455477,2.126237342326217
30-0_03_21,-0.6803497639608798,-0.06660910081712446,-0.3074835003233932,-0.10828470766785636,-1.0264148614557027,-0.6260459863145502,-0.230202567054534,-0.222168636126437,-0.4783042965041858,-0.41190897538000426,-0.09137504657461215,-0.5548004766652344,-1.250142427568517,-0.10516060289726625,-0.013541725851545117,-0.02315048944812781,-0.00901788778387247,-1.5729339129944195,0.42238151333944557,-0.8921892669518049,-0.03872662092995116,-0.02664912120453866,-0.17029768462948308,-0.693951819514355,-0.010101085609753646,-0.018070995088560915,-0.8524440892786984,-0.3044691960605598,-0.031082933581281558,-0.8433312464764884,-0.43136309941552203,-0.7185979240698804,-0.7566684522864795,-0.9969500259323955,-0.31277534125475037,-0.03333401214646792,-0.04172835001636621,-0.3846130075389462,-0.3574307058815349,0.25758477550475234,-1.415932509527325,-0.1367447289522491,-0.8208203027932078,-0.03687211083455477,1.089560471383256
30-0_05_20,0.042753920091858466,-0.06660910081712446,-0.3074835003233932,-0.10828470766785636,-1.0264148614557027,0.9867378704051852,0.5899828671001364,1.0385794702007507,0.20352027807381567,-0.41190897538000426,0.5033887308311595,0.3746184490490585,-1.250142427568517,-0.10516060289726625,-0.013541725851545117,-0.02315048944812781,-0.00901788778387247,-0.36881393033849463,-1.2851886627584908,-0.30367184893918564,-0.03872662092995116,-0.02664912120453866,0.1153119521670043,-0.6237518724860199,-0.010101085609753646,-0.018070995088560915,-0.8524440892786984,-0.3044691960605598,-0.031082933581281558,-0.8433312464764884,-0.753355074342156,-0.7185979240698804,-0.7826818846513974,-0.18710337625314938,0.46537590912889326,-0.03333401214646792,-0.04172835001636621,-0.3846130075389462,-0.3574307058815349,1.0980626178822641,-1.415932509527325,-0.1367447289522491,-0.8208203027932078,-0.03687211083455477,2.0728863159133066
30-0_07_20,-0.6803497639608798,-0.06660910081712446,-0.3074835003233932,-0.10828470766785636,-1.0264148614557027,-0.6260459863145502,-1.8429864237742695,-1.2135873463228235,-1.793574731282777,-0.41190897538000426,-1.1482085177930947,-1.2277916386153989,-1.250142427568517,-0.10516060289726625,-0.013541725851545117,-0.02315048944812781,-0.00901788778387247,-1.5729339129944195,-1.2851886627584908,-1.1856661247253402,-0.03872662092995116,-0.02664912120453866,-1.326644885489407,-0.9679065375854152,-0.010101085609753646,-0.018070995088560915,-0.8524440892786984,-0.3044691960605598,-0.031082933581281558,-0.8433312464764884,-1.0996126099435142,-0.7185979240698804,-0.9058370685192801,-0.9969500259323955,-0.31277534125475037,-0.03333401214646792,-0.04172835001636621,-0.3846130075389462,-0.3574307058815349,-1.6509002433738975,-1.415932509527325,-0.1367447289522491,-0.8208203027932078,-0.03687211083455477,1.0709582924129921
30-0_09_20,0.2551095161743855,-0.06660910081712446,-0.3074835003233932,-0.10828470766785636,-1.0264148614557027,0.9867378704051852,0.649773965252568,0.7252803015495473,0.9377453704361276,1.439349373339071,0.38829670205303546,1.0259995626272287,1.1664980797697642,1.217058691836653,-0.013541725851545117,-0.02315048944812781,-0.00901788778387247,1.469838424503254,1.4399058583229782,0.30617838681502857,-0.03872662092995116,-0.02664912120453866,0.6480202953152207,0.5172530589576507,-0.010101085609753646,-0.018070995088560915,0.4697752054552209,-0.3044691960605598,-0.031082933581281558,0.3221019443971363,0.4668679976757758,1.0667319109408866,0.326283825980489,0.9790616248815937,0.9543963871482635,-0.03333401214646792,-0.04172835001636621,-0.3846130075389462,1.4278991291292322,0.13442959163686963,1.3840968497168094,-0.1367447289522491,-0.8208203027932078,-0.03687211083455477,1.6424267185787165
30-0_11_20,0.08021631162165108,-0.06660910081712446,-0.3074835003233932,-0.10828470766785636,-1.0264148614557027,1.081524189783386,0.649773965252568,0.7386574365201906,0.5320777392895362,-0.41190897538000426,0.14098205117344764,0.5351529998816142,0.8326429427479332,-0.10516060289726625,-0.013541725851545117,-0.02315048944812781,-0.00901788778387247,1.1092111633794124,1.1314518445797903,-0.29588160451293377,-0.03872662092995116,-0.02664912120453866,-0.17029768462948308,0.10080927478404461,-0.010101085609753646,-0.018070995088560915,-0.007346049264441573,-0.3044691960605598,-0.031082933581281558,-0.8433312464764884,-0.15488926475759165,0.32279476108834465,-0.11024192785442782,0.4543836029841267,-0.31277534125475037,-0.03333401214646792,-0.04172835001636621,0.9376062871949731,-0.3574307058815349,0.20035810534517784,0.4353258391917502,-0.1367447289522491,-0.8208203027932078,-0.03687211083455477,1.552073571001999
30-1_01_21,-0.21723922368403198,-0.06660910081712446,-0.3074835003233932,-0.10828470766785636,-1.0264148614557027,-0.6260459863145502,0.9286010571069858,0.8248773062521595,0.39582199455244127,1.3734208596307629,0.0654471093166673,0.7009675156360313,1.1495312939125213,1.0989593797586585,-0.013541725851545117,-0.02315048944812781,-0.00901788778387247,-1.5729339129944195,1.2723185391471672,0.2715369011598146,-0.03872662092995116,-0.02664912120453866,0.3515698972559922,0.15259507749639722,-0.010101085609753646,-0.018070995088560915,0.578919674880289,-0.3044691960605598,-0.031082933581281558,0.6605831848311107,0.44626751415073973,1.016468425614415,0.4705005089076887,0.8759564732316929,-0.31277534125475037,-0.03333401214646792,-0.04172835001636621,-0.3846130075389462,1.6878922729051224,-1.6509002433738975,0.8651008577204027,-0.1367447289522491,-0.8208203027932078,-0.03687211083455477,2.0109615359659405
30-1_05_20,0.44613726121028097,-0.06660910081712446,-0.3074835003233932,-0.10828470766785636,-1.0264148614557027,1.1592838486962167,0.8207145016153787,1.350538150386519,0.43687419009549666,1.3734208596307629,0.6321464624577444,0.6053349008579849,0.16483092040230107,-0.10516060289726625,-0.013541725851545117,-0.02315048944812781,-0.00901788778387247,0.44200643679851714,-1.2851886627584908,0.12499057073996628,-0.03872662092995116,-0.02664912120453866,-1.326644885489407,-0.17031182166066086,-0.010101085609753646,-0.018070995088560915,-0.8524440892786984,-0.3044691960605598,-0.031082933581281558,-0.8433312464764884,-0.15488926475759165,-0.7185979240698804,-0.16482762614020308,-0.18710337625314938,0.6166435844595424,-0.03333401214646792,-0.04172835001636621,-0.3846130075389462,0.9647885888523844,0.8276662522199459,0.369397325483442,-0.1367447289522491,-0.8208203027932078,-0.03687211083455477,2.1987622629526276
30-1_05_21,-0.6803497639608798,-0.06660910081712446,1.1838781935108795,-0.10828470766785636,-1.0264148614557027,-0.6260459863145502,-0.230202567054534,0.41391209139012064,-0.07479633359320581,-0.41190897538000426,-0.24456795992778968,0.49859374081312224,0.6306711647122745,-0.10516060289726625,-0.013541725851545117,-0.02315048944812781,-0.00901788778387247,0.6131744668187858,1.3179557098616916,0.6855846338904048,-0.03872662092995116,-0.02664912120453866,0.6161896082806883,0.9677003738870082,-0.010101085609753646,-0.018070995088560915,0.42630951167413056,-0.3044691960605598,1.4602787602529912,0.6605831848311107,0.5233844036643107,0.6676036813309131,0.7297785023919252,0.8486683348442969,-0.31277534125475037,-0.03333401214646792,-0.04172835001636621,-0.3846130075389462,-0.3574307058815349,-0.03811638665416195,1.0626339860665184,-0.1367447289522491,-0.8208203027932078,-0.03687211083455477,-2.0660791623765205
30-1_06_21,-0.6803497639608798,-0.06660910081712446,-0.3074835003233932,-0.10828470766785636,-1.0264148614557027,-0.6260459863145502,-1.8429864237742695,-1.5541258832704783,-1.5717259816664209,-0.41190897538000426,-1.499121539291933,-1.3041799844788535,-1.250142427568517,-0.10516060289726625,-0.013541725851545117,-0.02315048944812781,-0.00901788778387247,-1.5729339129944195,-1.2851886627584908,-1.1709428679046339,-0.03872662092995116,-0.02664912120453866,-1.326644885489407,-1.1787599029003084,-0.010101085609753646,-0.018070995088560915,-0.8524440892786984,-0.3044691960605598,-0.031082933581281558,-0.8433312464764884,-1.0996126099435142,-0.7185979240698804,-1.3689476087961279,-0.9969500259323955,-0.31277534125475037,-0.03333401214646792,-0.04172835001636621,-0.3846130075389462,-0.3574307058815349,-0.1595385495396247,-1.415932509527325,-0.1367447289522491,-0.8208203027932078,-0.03687211083455477,-2.0660791623765205
30-1_07_20,0.39710466278623924,-0.06660910081712446,-0.3074835003233932,-0.10828470766785636,-1.0264148614557027,-0.6260459863145502,-1.8429864237742695,0.180940466413817,0.2220644030243979,-0.41190897538000426,-0.5338646313228237,0.49196720880837774,-1.250142427568517,-0.10516060289726625,-0.013541725851545117,-0.02315048944812781,-0.00901788778387247,-0.15796056502360145,-1.2851886627584908,0.47644010220998595,-0.03872662092995116,-0.02664912120453866,0.5037298977041433,0.47634421525174525,-0.010101085609753646,-0.018070995088560915,0.05064589771324517,-0.3044691960605598,-0.031082933581281558,0.6605831848311107,0.48377971837672384,0.6036213706640389,0.4583601102243007,0.5647649950019925,0.6166435844595424,-0.03333401214646792,-0.04172835001636621,-0.3846130075389462,-0.3574307058815349,-1.6509002433738975,0.6668528607891251,-0.1367447289522491,-0.8208203027932078,-0.03687211083455477,0.3505613449617606
30-1_09_20,-0.043527666373705365,-0.06660910081712446,-0.3074835003233932,-0.10828470766785636,-1.0264148614557027,-0.6260459863145502,0.06549859510438027,0.32121103514913907,-0.21761754251901988,-0.41190897538000426,-0.7090916224675968,0.021998266402113664,-0.20874974241029182,-0.10516060289726625,-0.013541725851545117,-0.02315048944812781,-0.00901788778387247,-0.6435149872801267,0.5001411722522762,-0.4305801784103901,-0.03872662092995116,-0.02664912120453866,-1.326644885489407,-0.2358664377835404,-0.010101085609753646,-0.018070995088560915,-0.8524440892786984,-0.3044691960605598,-0.031082933581281558,-0.8433312464764884,-0.708075092880607,-0.7185979240698804,-0.6868455297474045,-0.12987804965113015,-0.31277534125475037,-0.03333401214646792,-0.04172835001636621,-0.3846130075389462,-0.3574307058815349,-1.6509002433738975,-1.415932509527325,-0.1367447289522491,-0.8208203027932078,-0.03687211083455477,0.5783594270913182
30-1_11_20,0.7616070736955318,-0.06660910081712446,-0.3074835003233932,-0.10828470766785636,-1.0264148614557027,0.6961733084193691,0.7708553981017998,0.7418075553741219,0.7884886316289315,1.4965760434986455,0.03607721987785806,0.9000443833432759,0.7088989647525766,-0.10516060289726625,-0.013541725851545117,-0.02315048944812781,-0.00901788778387247,0.7953529719077116,1.4714474454873574,0.28288490854322673,-0.03872662092995116,-0.02664912120453866,0.4342799629197258,0.46328043256262114,-0.010101085609753646,-0.018070995088560915,0.05064589771324517,-0.3044691960605598,-0.031082933581281558,0.6846499779803324,0.3092062493649927,0.8171180459156293,0.46295262198579956,0.42551688068686605,0.8175584272402557,-0.03333401214646792,-0.04172835001636621,-0.3846130075389462,1.4278991291292322,0.20035810534517784,0.4353258391917502,-0.1367447289522491,-0.8208203027932078,-0.03687211083455477,1.9438389222893808
30-2_01_21,0.5172589350809198,-0.06660910081712446,-0.3074835003233932,-0.10828470766785636,-1.0264148614557027,-0.6260459863145502,0.3638394522575803,0.8864083869289763,0.7952569943114303,1.3734208596307629,0.14926410865530326,0.7988338705754068,0.5694015079733518,1.3098127450735517,-0.013541725851545117,-0.02315048944812781,-0.00901788778387247,0.3487525624891826,1.1933778328353526,-0.054778055603839026,-0.03872662092995116,-0.02664912120453866,0.5993543809667483,-0.05420910243384003,-0.010101085609753646,-0.018070995088560915,0.5092837467388945,-0.3044691960605598,-0.031082933581281558,-0.8433312464764884,0.07364474357930466,-0.7185979240698804,0.15763779752175666,0.16845580310863667,-0.31277534125475037,-0.03333401214646792,-0.04172835001636621,-0.3846130075389462,1.3501394702164013,0.5820958670182564,0.5431088827937685,-0.1367447289522491,-0.8208203027932078,-0.03687211083455477,1.9382852087312306
30-2_03_21,0.042753920091858466,-0.06660910081712446,-0.3074835003233932,0.6148189763848818,-1.0264148614557027,1.1592838486962167,0.7023206926915546,1.0451332023712925,0.47904032956662146,-0.41190897538000426,0.38393796990627194,0.12965136860213233,0.4574277485294195,-0.10516060289726625,-0.013541725851545117,-0.02315048944812781,-0.00901788778387247,0.0655553439602179,1.414649063108755,0.5625219022808601,-0.03872662092995116,-0.02664912120453866,0.8225742271659727,0.3588343438728859,-0.010101085609753646,-0.018070995088560915,0.4028284158246077,0.899650786595365,-0.031082933581281558,0.4596683420503973,0.5995691937051167,0.894185932649855,0.5679489406550191,0.7257929740972061,-0.31277534125475037,-0.03333401214646792,-0.04172835001636621,-0.3846130075389462,-0.3574307058815349,0.712711736518247,1.397648479040867,-0.1367447289522491,-0.8208203027932078,-0.03687211083455477,2.1954453940961502
30-2_05_20,0.2551095161743855,-0.06660910081712446,-0.3074835003233932,-0.10828470766785636,-1.0264148614557027,-0.6260459863145502,-0.35162472993999677,0.7269074839772491,0.019338625360078465,-0.41190897538000426,0.05728658554424171,-0.0065036308224601935,-1.250142427568517,-0.10516060289726625,-0.013541725851545117,-0.02315048944812781,-0.00901788778387247,-0.11808905298590922,-1.2851886627584908,-0.5442604016683394,-0.03872662092995116,-0.02664912120453866,-1.326644885489407,-0.5633359500143647,-0.010101085609753646,-0.018070995088560915,-0.8524440892786984,-0.3044691960605598,-0.031082933581281558,-0.8433312464764884,-0.753355074342156,-0.7185979240698804,-0.7088956704904787,-0.33078817538899924,-0.31277534125475037,-0.03333401214646792,-0.04172835001636621,-0.3846130075389462,-0.3574307058815349,0.5280767039192721,-1.415932509527325,-0.1367447289522491,-0.8208203027932078,-0.03687211083455477,1.4891362427495527
30-2_05_21,0.2042568173370507,-0.06660910081712446,-0.3074835003233932,0.6148189763848818,-1.0264148614557027,0.9867378704051852,1.055190059723407,1.0844109128973751,0.5979484523923861,0.910310319353915,0.5883528015356305,0.8544144405895471,0.7751634376962533,-0.10516060289726625,-0.013541725851545117,-0.02315048944812781,-0.00901788778387247,0.36156453824914825,1.919202669160809,0.3241387157547681,-0.03872662092995116,-0.02664912120453866,0.5037298977041433,0.5659520812021945,-0.010101085609753646,-0.018070995088560915,0.3780048320995756,-0.3044691960605598,-0.031082933581281558,0.1195974421479292,0.40850635095127763,0.723358913586531,0.41638222621463916,0.6060582423513907,1.1420695187537597,-0.03333401214646792,-0.04172835001636621,1.1067486862953264,1.2553531508382005,1.0221206637549987,0.4353258391917502,-0.1367447289522491,0.38329967986271696,1.5313296132324403,-2.0660791623765205
30-2_07_20,0.6704518484340972,-0.06660910081712446,-0.3074835003233932,-0.10828470766785636,-1.0264148614557027,-0.6260459863145502,0.48129603152342315,0.7647321353209766,0.44780570286483456,-0.41190897538000426,0.048323381922140474,0.6224790033283829,0.5351874074422501,-0.10516060289726625,-0.013541725851545117,-0.02315048944812781,-0.00901788778387247,0.24661002254744924,-1.2851886627584908,0.05694383670903963,-0.03872662092995116,-0.02664912120453866,0.731527979833701,0.21793748838063343,-0.010101085609753646,-0.018070995088560915,0.3780048320995756,-0.3044691960605598,-0.031082933581281558,0.5938425639591299,0.40850635095127763,-0.7185979240698804,0.49096231052295125,0.36129912091050537,-0.31277534125475037,-0.03333401214646792,-0.04172835001636621,-0.3846130075389462,-0.3574307058815349,0.5820958670182564,0.19685134719241043,-0.1367447289522491,-0.8208203027932078,-0.03687211083455477,1.5510260681258576
30-2_09_20,1.0981460278782826,-0.06660910081712446,1.4000866757745432,0.4779810164768741,-1.0264148614557027,0.8653157075197224,0.8902108413323,0.9949942030954633,0.5244886036799843,1.0794527184542684,0.4777686255160474,0.5363603803698618,0.9828536828236369,-0.10516060289726625,-0.013541725851545117,-0.02315048944812781,-0.00901788778387247,0.29335342608977544,1.6743297142145075,0.11611200976603447,-0.03872662092995116,-0.02664912120453866,0.4817911687987041,0.22257908384783898,-0.010101085609753646,-0.018070995088560915,-0.8524440892786984,-0.3044691960605598,-0.031082933581281558,0.41847212578577553,0.41178158881142557,0.9596168586755189,0.4823107399229474,0.9016308683268942,0.46537590912889326,-0.03333401214646792,-0.04172835001636621,1.466645341180129,1.5510543129971148,0.9066069585317605,0.369397325483442,-0.1367447289522491,-0.8208203027932078,-0.03687211083455477,2.0508936604839345
30-2_11_20,0.2784643085529286,-0.06660910081712446,-0.3074835003233932,-0.10828470766785636,-1.0264148614557027,-0.6260459863145502,-0.5207671290403502,-0.11970906975854945,0.4069109667180535,-0.41190897538000426,-0.3558824515167702,0.42260989782611635,0.49804559943768345,-0.10516060289726625,-0.013541725851545117,-0.02315048944812781,-0.00901788778387247,-0.6435149872801267,0.5660696859605845,0.1279102085050728,-0.03872662092995116,-0.02664912120453866,0.5037298977041433,0.47203313675162223,-0.010101085609753646,-0.018070995088560915,0.05064589771324517,-0.3044691960605598,-0.031082933581281558,-0.8433312464764884,0.5455219836508088,-0.7185979240698804,0.5212870575102286,0.9706368352583198,-0.31277534125475037,-0.03333401214646792,-0.04172835001636621,-0.3846130075389462,1.1339309879527377,-0.1595385495396247,0.9284597641577859,-0.1367447289522491,-0.8208203027932078,-0.03687211083455477,0.9299944921087548
31-0_01_21,0.34182321499031176,-0.06660910081712446,-0.3074835003233932,-0.10828470766785636,-1.0264148614557027,-0.6260459863145502,0.5899828671001364,1.0138522082056314,0.12550336109329674,-0.41190897538000426,0.19864507380147667,0.7638630876944605,0.4126154041130572,-0.10516060289726625,-0.013541725851545117,-0.02315048944812781,-0.00901788778387247,0.3219357437508331,-1.2851886627584908,0.23389084871530413,-0.03872662092995116,-0.02664912120453866,0.3515698972559922,-0.1133669413383169,-0.010101085609753646,-0.018070995088560915,-0.8524440892786984,-0.3044691960605598,-0.031082933581281558,-0.17715375553677706,-0.02131497454028103,-0.7185979240698804,-0.06175730442732824,-0.03404394477598465,-0.31277534125475037,-0.03333401214646792,-0.04172835001636621,1.1067486862953264,-0.3574307058815349,0.712711736518247,-1.415932509527325,-0.1367447289522491,-0.8208203027932078,-0.03687211083455477,1.9309138195141853
31-0_03_21,0.2042568173370507,-0.06660910081712446,1.1838781935108795,-0.10828470766785636,-1.0264148614557027,1.4567393840018998,1.020930953183591,0.8063413002453705,0.1525498879343683,-0.41190897538000426,0.04529406230744537,0.7573884765777572,0.6011159211505583,-0.10516060289726625,-0.013541725851545117,-0.02315048944812781,-0.00901788778387247,0.19422195308776102,0.9478074476336631,0.4774171430762976,-0.03872662092995116,-0.02664912120453866,0.3809252906085292,0.1668238515922209,-0.010101085609753646,-0.018070995088560915,0.05064589771324517,-0.3044691960605598,-0.031082933581281558,0.37295464323447114,0.18578001683442702,0.43774927679004366,0.3883761038728588,0.26482372193534554,-0.31277534125475037,-0.03333401214646792,-0.04172835001636621,0.9376062871949731,-0.3574307058815349,0.4663710522818668,0.7908933665045248,-0.1367447289522491,-0.8208203027932078,-0.03687211083455477,1.9033833455981166
31-0_06_21,0.08021631162165108,-0.06660910081712446,-0.3074835003233932,-0.10828470766785636,-1.0264148614557027,-0.6260459863145502,0.30623268888111044,1.0213368837920225,-0.08885239805766698,-0.41190897538000426,0.3374286975667853,0.7075205555717015,0.30616007319877037,-0.10516060289726625,-0.013541725851545117,-0.02315048944812781,-0.00901788778387247,0.5007844373517033,0.9478074476336631,0.25120906469330745,-0.03872662092995116,-0.02664912120453866,0.6917781973373788,0.6827531724728906,-0.010101085609753646,-0.018070995088560915,-0.8524440892786984,-0.3044691960605598,-0.031082933581281558,0.832113791664811,0.6341520918852244,-0.7185979240698804,0.7831950725025836,0.4814505722446114,-0.31277534125475037,-0.03333401214646792,-0.04172835001636621,-0.3846130075389462,-0.3574307058815349,0.39442273541275996,0.9837412119537132,-0.1367447289522491,0.38329967986271696,-0.03687211083455477,-0.3585089862785841
31-0_07_20,-0.21723922368403198,-0.06660910081712446,-0.3074835003233932,-0.10828470766785636,0.29580443327821654,-0.6260459863145502,-1.8429864237742695,-0.5034331750342911,-0.4998439743602955,-0.41190897538000426,-1.131579592063106,-0.2704470125445917,-1.250142427568517,-0.10516060289726625,-0.013541725851545117,-0.02315048944812781,-0.00901788778387247,-1.5729339129944195,-1.2851886627584908,-0.2901292756238425,-0.03872662092995116,-0.02664912120453866,0.16471680834486552,-0.13736721774208338,-0.010101085609753646,-0.018070995088560915,-0.8524440892786984,-0.3044691960605598,-0.031082933581281558,0.19806143868173673,-0.4092004092427607,0.16600865722804997,-0.47105881548999207,-0.9969500259323955,-0.31277534125475037,-0.03333401214646792,-0.04172835001636621,-0.3846130075389462,-0.3574307058815349,-1.6509002433738975,0.19685134719241043,-0.1367447289522491,-0.8208203027932078,-0.03687211083455477,0.1669169480156334
31-0_09_20,0.49019133033203854,-0.06660910081712446,1.1838781935108795,-0.10828470766785636,-1.0264148614557027,0.8653157075197224,1.1744643057362667,0.9122473779159619,0.5481894285915703,-0.41190897538000426,0.5132576155895812,1.112780398017074,-1.250142427568517,-0.10516060289726625,-0.013541725851545117,-0.02315048944812781,-0.00901788778387247,0.7665175283120212,-1.2851886627584908,0.4961986511376943,-0.03872662092995116,-0.02664912120453866,0.6161896082806883,0.26366386790709606,-0.010101085609753646,-0.018070995088560915,-0.8524440892786984,-0.3044691960605598,-0.031082933581281558,0.7291178902413558,0.12075064524953562,0.723358913586531,0.2824227198972098,0.07890332527901667,-0.31277534125475037,-0.03333401214646792,-0.04172835001636621,1.400716827471821,-0.3574307058815349,1.4566488863707887,0.6293904692593324,-0.1367447289522491,-0.8208203027932078,-0.03687211083455477,2.1137884688938864
31-0_09_21,-0.6803497639608798,-0.06660910081712446,-0.3074835003233932,-0.10828470766785636,-1.0264148614557027,-0.6260459863145502,-1.8429864237742695,-1.0250868292853224,-0.23727223051548996,-0.41190897538000426,-0.7140536242534926,0.16507543718293238,-1.250142427568517,-0.10516060289726625,-0.013541725851545117,-0.02315048944812781,-0.00901788778387247,0.37400935770340604,0.921637213273359,-0.038469713399076344,-0.03872662092995116,-0.02664912120453866,-1.326644885489407,0.19065476178357538,-0.010101085609753646,-0.018070995088560915,0.44858590638528284,-0.3044691960605598,1.2911363611526379,-0.8433312464764884,0.27927254071669894,-0.7185979240698804,-0.6267089143031286,-0.9969500259323955,-0.31277534125475037,-0.03333401214646792,-0.04172835001636621,-0.3846130075389462,-0.3574307058815349,-1.6509002433738975,-1.415932509527325,-0.1367447289522491,-0.8208203027932078,-0.03687211083455477,-2.0660791623765205
31-0_11_20,0.2042568173370507,-0.06660910081712446,-0.3074835003233932,-0.10828470766785636,-1.0264148614557027,0.9867378704051852,0.5736540835640116,0.2853222344333384,-0.49254473561879597,-0.41190897538000426,-0.09167259007892214,0.4210403461289596,0.36264142915121855,-0.10516060289726625,-0.013541725851545117,-0.02315048944812781,-0.00901788778387247,-0.3057621845914056,-1.2851886627584908,-0.190182225890304,-0.03872662092995116,-0.02664912120453866,-0.07949027060828054,-0.29247065974577735,-0.010101085609753646,-0.018070995088560915,-0.250384097950736,-0.3044691960605598,-0.031082933581281558,-0.17715375553677706,-0.14302255704820369,-0.7185979240698804,-0.2581976126556414,-0.5469915815484784,-0.31277534125475037,-0.03333401214646792,-0.04172835001636621,1.2281708491807892,0.9647885888523844,0.35342113040874523,-1.415932509527325,-0.1367447289522491,-0.8208203027932078,-0.03687211083455477,2.1295714600276656
31-1_01_21,0.00175231508784357,-0.06660910081712446,-0.3074835003233932,-0.10828470766785636,-1.0264148614557027,-0.6260459863145502,0.7263874858407764,0.5182815862678116,-0.1214768733470597,-0.41190897538000426,0.07264234483464294,0.6341857628616332,0.850228117549046,1.3098127450735517,-0.013541725851545117,-0.02315048944812781,-0.00901788778387247,0.29335342608977544,-1.2851886627584908,0.8072376490327802,-0.03872662092995116,-0.02664912120453866,0.6776764882932355,0.4205772300921807,-0.010101085609753646,-0.018070995088560915,0.4028284158246077,1.1105041519102583,-0.031082933581281558,0.5319165757035677,0.39515266308143676,-0.7185979240698804,0.4568184171537579,0.07890332527901667,-0.31277534125475037,-0.03333401214646792,-0.04172835001636621,1.2281708491807892,-0.3574307058815349,0.4983188692814825,0.9476794703648195,-0.1367447289522491,-0.8208203027932078,-0.03687211083455477,1.8891755204436596
31-1_03_21,1.0659878363775641,-0.06660910081712446,1.4000866757745432,-0.10828470766785636,-1.0264148614557027,0.6961733084193691,0.7263874858407764,0.7407600524979805,0.3313640053255227,-0.41190897538000426,0.22770126755643227,1.0572572563576708,1.0637247928006366,-0.10516060289726625,-0.013541725851545117,-0.02315048944812781,-0.00901788778387247,0.39787769787809835,0.9958447044892369,0.5754318183380982,-0.03872662092995116,-0.02664912120453866,0.5246134632296681,0.1489638315762687,-0.010101085609753646,-0.018070995088560915,0.7386205177478008,-0.3044691960605598,-0.031082933581281558,0.2942530156584561,0.5455219836508088,-0.7185979240698804,0.49944489428355776,0.5537976372733912,0.8913446414011744,-0.03333401214646792,-0.04172835001636621,1.6607099712477111,1.6878922729051224,0.43188512694255266,0.9837412119537132,-0.1367447289522491,-0.8208203027932078,-0.03687211083455477,1.7639317735595976
31-1_05_20,0.8241534614741932,-0.06660910081712446,-0.3074835003233932,0.7187151102536042,1.2065812489364511,-0.6260459863145502,0.4380469434734582,1.214476985390259,0.6425879157579788,1.0794527184542684,0.37447693869249066,0.5677520205227033,0.7088989647525766,1.5575972287843078,-0.013541725851545117,-0.02315048944812781,-0.00901788778387247,-0.3057621845914056,-1.2851886627584908,0.2062419191767842,-0.03872662092995116,-0.02664912120453866,0.1153119521670043,-0.004741652467492474,-0.010101085609753646,-0.018070995088560915,-0.07429283889505478,-0.3044691960605598,-0.031082933581281558,0.160599047151944,0.02080079844331989,-0.7185979240698804,0.26596129414676595,-0.03404394477598465,-0.31277534125475037,-0.03333401214646792,-0.04172835001636621,-0.3846130075389462,1.2553531508382005,0.39442273541275996,0.6668528607891251,-0.1367447289522491,-0.8208203027932078,-0.03687211083455477,1.991244542992764
31-1_05_21,1.035255691893543,-0.06660910081712446,-0.3074835003233932,-0.10828470766785636,-1.0264148614557027,-0.6260459863145502,0.06549859510438027,0.019077368035010256,0.2746111304633845,-0.41190897538000426,-0.5106047524608808,0.7552086435829592,0.8143155616584015,-0.10516060289726625,-0.013541725851545117,-0.02315048944812781,-0.00901788778387247,0.7665175283120212,1.5008525474840635,0.8918897190321005,-0.03872662092995116,-0.02664912120453866,0.744008565178753,0.4377906251488896,-0.010101085609753646,-0.018070995088560915,0.6790348277635567,-0.3044691960605598,-0.031082933581281558,0.7184204409854689,0.7777025384000554,1.3395749412532276,0.6688581856593503,1.0657544105195198,0.6166435844595424,-0.03333401214646792,-0.04172835001636621,-0.3846130075389462,1.7253546644349151,-1.6509002433738975,1.2285060799405136,-0.1367447289522491,-0.8208203027932078,-0.03687211083455477,-0.7438598676426011
31-1_07_20,-0.38978520197506344,-0.06660910081712446,-0.3074835003233932,-0.10828470766785636,-1.0264148614557027,-0.6260459863145502,0.11605496854682407,0.34532981906637117,-0.4998439743602955,-0.41190897538000426,-0.32679880665695116,-0.226392943422834,-1.250142427568517,-0.10516060289726625,-0.013541725851545117,-0.02315048944812781,-0.00901788778387247,-0.6435149872801267,-1.2851886627584908,-0.6480641226242964,-0.03872662092995116,-0.02664912120453866,-1.326644885489407,-0.7068398418664539,-0.010101085609753646,-0.018070995088560915,-0.8524440892786984,-0.3044691960605598,-0.031082933581281558,-0.8433312464764884,-0.9270666316524825,-0.7185979240698804,-1.0783830468103117,-0.9969500259323955,-0.31277534125475037,-0.03333401214646792,-0.04172835001636621,-0.3846130075389462,-0.3574307058815349,-0.1595385495396247,-1.415932509527325,-0.1367447289522491,-0.8208203027932078,-0.03687211083455477,1.017064980766532
31-1_09_20,-0.6803497639608798,-0.06660910081712446,-0.3074835003233932,-0.10828470766785636,-1.0264148614557027,-0.6260459863145502,-1.8429864237742695,-1.8349524928461725,-1.4255979459881827,-0.41190897538000426,-2.347272628659131,-1.2277916386153989,-1.250142427568517,-0.10516060289726625,-0.013541725851545117,-0.02315048944812781,-0.00901788778387247,-1.5729339129944195,-1.2851886627584908,-1.0352802659045608,-0.03872662092995116,-0.02664912120453866,-1.326644885489407,-1.1787599029003084,-0.010101085609753646,-0.018070995088560915,-0.8524440892786984,-0.3044691960605598,-0.031082933581281558,-0.8433312464764884,-0.9270666316524825,-0.7185979240698804,-1.3689476087961279,-0.9969500259323955,-0.31277534125475037,-0.03333401214646792,-0.04172835001636621,-0.3846130075389462,-0.3574307058815349,-1.6509002433738975,-1.415932509527325,-0.1367447289522491,-0.8208203027932078,-0.03687211083455477,-2.0660791623765205
31-1_11_20,0.5172589350809198,-0.06660910081712446,1.6515578919977003,-0.10828470766785636,-1.0264148614557027,-0.6260459863145502,-0.5207671290403502,0.381573272309661,-0.6372275304228531,-0.41190897538000426,-0.4535998943508195,0.15066487552965668,0.30616007319877037,-0.10516060289726625,-0.013541725851545117,-0.02315048944812781,-0.00901788778387247,-0.11808905298590922,-1.2851886627584908,0.3337544845463672,-0.03872662092995116,-0.02664912120453866,0.20907108449610257,0.13412739372328292,-0.010101085609753646,-0.018070995088560915,0.5092837467388945,-0.3044691960605598,-0.031082933581281558,0.4596683420503973,0.35616042840911355,0.6676036813309131,0.19588747452090982,0.26482372193534554,-0.31277534125475037,-0.03333401214646792,-0.04172835001636621,-0.3846130075389462,-0.3574307058815349,-1.6509002433738975,0.29163766657061135,-0.1367447289522491,-0.8208203027932078,-0.03687211083455477,0.8535218614075906
31-2_03_21,0.8844853193561579,-0.06660910081712446,-0.3074835003233932,0.4779810164768741,-1.0264148614557027,1.3329954060065432,1.1574476537050493,1.0232564811417246,0.3627724695771468,-0.41190897538000426,0.35872826979669337,0.9128988342561384,1.4830548375380526,0.9362320822609588,-0.013541725851545117,-0.02315048944812781,-0.00901788778387247,0.3355511058842303,1.5605293552081678,0.7695736170279335,-0.03872662092995116,-0.02664912120453866,0.8890807790681604,0.5370942755323018,-0.010101085609753646,-0.018070995088560915,0.6099539086202577,-0.3044691960605598,-0.031082933581281558,0.9288570569334785,0.9271896200101769,1.1716367422364762,0.8188416094101876,1.1494095345977355,0.46537590912889326,-0.03333401214646792,-0.04172835001636621,1.5744283847821472,1.3501394702164013,0.43188512694255266,1.2662125668465067,-0.1367447289522491,-0.8208203027932078,-0.03687211083455477,1.9916249691575092
31-2_05_20,0.2042568173370507,-0.06660910081712446,-0.3074835003233932,-0.10828470766785636,-1.0264148614557027,1.081524189783386,0.4380469434734582,1.0127323146456662,-0.17032544088487667,1.439349373339071,-0.05269754994182008,0.545900456054343,-0.20874974241029182,-0.10516060289726625,-0.013541725851545117,-0.02315048944812781,-0.00901788778387247,-0.08157221916014673,-1.2851886627584908,0.44954020625011454,-0.03872662092995116,-0.02664912120453866,0.20907108449610257,0.010569962110837772,-0.010101085609753646,-0.018070995088560915,-0.8524440892786984,-0.3044691960605598,-0.031082933581281558,0.160599047151944,0.11432605350574253,0.723358913586531,0.178651304449281,0.2426615520942712,-0.31277534125475037,-0.03333401214646792,-0.04172835001636621,-0.3846130075389462,1.1339309879527377,0.25758477550475234,0.19685134719241043,-0.1367447289522491,-0.8208203027932078,-0.03687211083455477,1.5328207246873626
31-2_05_21,-0.21723922368403198,-0.06660910081712446,-0.3074835003233932,-0.10828470766785636,-1.0264148614557027,0.9867378704051852,0.9705945647939225,0.08791445219245131,0.12023912110093948,-0.41190897538000426,0.4867396746621073,0.5896244412150498,0.30616007319877037,-0.10516060289726625,-0.013541725851545117,-0.02315048944812781,-0.00901788778387247,0.6725787548197305,1.05920361092662,0.20258211255877018,-0.03872662092995116,-0.02664912120453866,0.16471680834486552,-0.21429822827929756,-0.010101085609753646,-0.018070995088560915,0.14755591072130161,-0.3044691960605598,-0.031082933581281558,-0.8433312464764884,0.2175330934213383,0.43774927679004366,0.22581314379033512,0.006956697599660797,-0.31277534125475037,-0.03333401214646792,-0.04172835001636621,-0.3846130075389462,-0.3574307058815349,0.6934920303112134,-1.415932509527325,-0.1367447289522491,-0.8208203027932078,-0.03687211083455477,-0.5747174685422478
31-2_06_21,0.6972686671724467,-0.06660910081712446,-0.3074835003233932,0.8726920550187132,-1.0264148614557027,-0.6260459863145502,0.2023365550123879,0.9227195413466105,0.26459813404033095,-0.41190897538000426,0.06316090605623681,0.6693031202505952,0.2412192662657558,1.7756529893835251,-0.013541725851545117,-0.02315048944812781,-0.00901788778387247,-0.36881393033849463,0.8640304498968892,0.7465626416479128,-0.03872662092995116,-0.02664912120453866,0.9147355486582046,0.6084727881496645,-0.010101085609753646,-0.018070995088560915,0.9034307663937929,-0.3044691960605598,-0.031082933581281558,0.8151137942325323,0.48377971837672384,1.1898870948087694,0.8480346957640805,0.4814505722446114,0.8175584272402557,-0.03333401214646792,-0.04172835001636621,-0.3846130075389462,1.2553531508382005,-1.6509002433738975,1.0479604794585824,-0.1367447289522491,0.5941530451776101,-0.03687211083455477,-2.0660791623765205
31-2_07_20,1.0190336573334433,-0.06660910081712446,-0.3074835003233932,-0.10828470766785636,-1.0264148614557027,-0.6260459863145502,0.3900096866178844,0.8192240490317881,0.49497256875657447,1.4965760434986455,0.4817609913514309,0.7915256985825383,0.8326429427479332,-0.10516060289726625,-0.013541725851545117,-0.02315048944812781,-0.00901788778387247,0.8519477236366476,-1.2851886627584908,0.7961368662398634,-0.03872662092995116,-0.02664912120453866,1.3177937039784315,1.0983989046033182,-0.010101085609753646,-0.018070995088560915,1.0167876304522778,-0.3044691960605598,-0.031082933581281558,1.3942581852307299,0.9542151017557804,1.5470059525151556,1.138522737368924,1.055380885017741,0.46537590912889326,-0.03333401214646792,-0.04172835001636621,-0.3846130075389462,1.875565404510619,-1.6509002433738975,1.2083495863083433,-0.1367447289522491,-0.8208203027932078,-0.03687211083455477,1.1516679108862733
31-2_09_20,0.8241534614741932,-0.06660910081712446,-0.3074835003233932,-0.10828470766785636,-1.0264148614557027,0.9867378704051852,0.008271924944805775,0.783190729149819,0.39582199455244127,0.910310319353915,0.1171727573510124,1.1483730787500719,0.5351874074422501,-0.10516060289726625,-0.013541725851545117,-0.02315048944812781,-0.00901788778387247,0.3487525624891826,-1.2851886627584908,1.1053657189511266,-0.03872662092995116,-0.02664912120453866,1.1271828909584536,0.5219129157009317,-0.010101085609753646,-0.018070995088560915,0.760339767441037,-0.3044691960605598,-0.031082933581281558,0.8403705894467556,0.6141442018533123,0.32279476108834465,0.6865035358042759,0.8915425102620511,0.7286173439034747,-0.03333401214646792,-0.04172835001636621,-0.3846130075389462,1.8493951701503148,0.712711736518247,1.3252190893244602,-0.1367447289522491,-0.8208203027932078,-0.03687211083455477,1.560363862954774
31-2_09_21,0.32171339660289366,-0.06660910081712446,-0.3074835003233932,-0.10828470766785636,-1.0264148614557027,1.225212362404525,0.3638394522575803,0.3706455212371522,0.2595037122006425,1.295661200717932,0.27904238733642206,0.6427632862189718,-0.04602244491259211,-0.10516060289726625,-0.013541725851545117,-0.02315048944812781,-0.00901788778387247,0.9335711194104527,2.0413520057580707,0.5020780392242623,-0.03872662092995116,1.2955701735293808,-0.17029768462948308,0.2523165344325165,-0.010101085609753646,-0.018070995088560915,1.370272381868885,0.899650786595365,2.184642730976286,-0.8433312464764884,0.7887997753638392,0.723358913586531,0.19869481772814135,0.14060752820213834,0.9543963871482635,-0.03333401214646792,-0.04172835001636621,-0.3846130075389462,-0.3574307058815349,0.20035810534517784,0.7013387861284393,-0.1367447289522491,0.38329967986271696,-0.03687211083455477,0.33359455910451774
31-2_11_20,-0.6803497639608798,-0.06660910081712446,-0.3074835003233932,-0.10828470766785636,-1.0264148614557027,0.9867378704051852,0.3359905235189,0.5112226014127912,-0.15675263369560288,-0.41190897538000426,0.12591687015865416,0.4050247230250037,1.714117202628332,-0.10516060289726625,-0.013541725851545117,-0.02315048944812781,-0.00901788778387247,0.29335342608977544,-1.2851886627584908,0.3301163943131175,-0.03872662092995116,-0.02664912120453866,0.744008565178753,0.3839576994696325,-0.010101085609753646,-0.018070995088560915,0.819653768657019,-0.3044691960605598,-0.031082933581281558,0.579169057351194,0.8293075566210388,0.8171180459156293,0.7297785023919252,0.8010931211561445,0.46537590912889326,-0.03333401214646792,-0.04172835001636621,-0.3846130075389462,1.2553531508382005,-1.6509002433738975,1.0626339860665184,-0.1367447289522491,-0.8208203027932078,-0.03687211083455477,1.6170579691064866
32-0_01_21,-0.21723922368403198,-0.06660910081712446,1.4778463346873738,-0.10828470766785636,-1.0264148614557027,-0.6260459863145502,0.7491903336215973,0.6571726840125698,-0.2214779633322581,-0.41190897538000426,0.22983602648460355,-0.6938474671849013,-1.250142427568517,-0.10516060289726625,-0.013541725851545117,-0.02315048944812781,-0.00901788778387247,0.012526816514081274,1.0784233171336537,-0.30171114817365774,-0.03872662092995116,1.2955701735293808,0.059556719911386335,-0.13736721774208338,-0.010101085609753646,-0.018070995088560915,-0.8524440892786984,-0.3044691960605598,-0.031082933581281558,0.160599047151944,-0.5055705906313999,-0.7185979240698804,0.04998469532173794,-0.12987804965113015,0.46537590912889326,-0.03333401214646792,-0.04172835001636621,-0.3846130075389462,-0.3574307058815349,1.1057358648719506,-1.415932509527325,1.2782286190185688,-0.8208203027932078,-0.03687211083455477,-0.5747174685422478
32-0_03_21,-0.6803497639608798,-0.06660910081712446,-0.3074835003233932,-0.10828470766785636,-1.0264148614557027,0.9867378704051852,0.4380469434734582,0.6842786965455323,0.12550336109329674,-0.41190897538000426,0.5794952389631136,0.43344074547779843,0.7541789462141257,-0.10516060289726625,-0.013541725851545117,-0.02315048944812781,-0.00901788778387247,-0.5315412278361944,1.2346393310172281,-0.55115410961624,-0.03872662092995116,-0.02664912120453866,0.24931230327435006,0.06250188776018295,-0.010101085609753646,-0.018070995088560915,-0.07429283889505478,-0.3044691960605598,-0.031082933581281558,-0.8433312464764884,0.3214292272900608,-0.7185979240698804,0.05779595772611429,-0.12987804965113015,-0.31277534125475037,-0.03333401214646792,-0.04172835001636621,1.2281708491807892,-0.3574307058815349,0.8818541356186004,0.19685134719241043,-0.1367447289522491,1.7244868136726161,-0.03687211083455477,1.1437038524719947
32-0_05_20,-0.6803497639608798,-0.06660910081712446,-0.3074835003233932,-0.10828470766785636,1.1228042511996772,-0.6260459863145502,-1.8429864237742695,0.25751294719893725,-0.2025101242562779,1.2008748813397312,0.20859774567305323,-0.3948708771519789,-0.20874974241029182,-0.10516060289726625,1.8377166228675301,-0.02315048944812781,-0.00901788778387247,0.29335342608977544,-1.2851886627584908,-0.7672505303435051,-0.03872662092995116,-0.02664912120453866,-1.326644885489407,-0.8096766342507447,-0.010101085609753646,-0.018070995088560915,-0.8524440892786984,-0.3044691960605598,-0.031082933581281558,-0.8433312464764884,-1.0996126099435142,-0.7185979240698804,-0.5907963584124842,-0.03404394477598465,-0.31277534125475037,-0.03333401214646792,-0.04172835001636621,-0.3846130075389462,-0.3574307058815349,-1.6509002433738975,-1.415932509527325,-0.1367447289522491,1.3860055732386418,-0.03687211083455477,1.9609032808150846
32-0_05_21,0.6885124334281696,-0.06660910081712446,-0.3074835003233932,-0.10828470766785636,-1.0264148614557027,-0.6260459863145502,-1.8429864237742695,-0.16792427786968478,0.043171234366713884,-0.41190897538000426,-0.11271160420019322,0.1817597352879976,-1.250142427568517,-0.10516060289726625,-0.013541725851545117,-0.02315048944812781,-0.00901788778387247,-0.2507146182605001,1.018007394661998,0.71328590172797,-0.03872662092995116,-0.02664912120453866,0.544538722839091,0.09876745399483183,-0.010101085609753646,-0.018070995088560915,0.1017984201606265,-0.3044691960605598,-0.031082933581281558,0.02376108724393633,0.37786158626806676,1.1525856842586177,0.44269122167328756,0.6157959661356028,-0.31277534125475037,-0.03333401214646792,-0.04172835001636621,-0.3846130075389462,1.5510543129971148,-1.6509002433738975,0.8651008577204027,-0.1367447289522491,2.0217889368173543,-0.03687211083455477,-2.0660791623765205
32-0_06_21,0.37944798388006945,-0.06660910081712446,1.4778463346873738,-0.10828470766785636,-1.0264148614557027,0.8653157075197224,1.002731594192389,0.12840597758660355,0.5787234277944597,-0.41190897538000426,0.4064427967333988,0.5938697778735664,-1.250142427568517,1.8293378483463014,-0.013541725851545117,-0.02315048944812781,-0.00901788778387247,1.5286413332615139,1.3179557098616916,0.7958244241530756,-0.03872662092995116,-0.02664912120453866,0.4342799629197258,0.5370942755323018,-0.010101085609753646,-0.018070995088560915,0.6389176045555743,-0.3044691960605598,-0.031082933581281558,0.5149497898463248,0.7410747670596862,0.6036213706640389,0.5420831060110531,0.2859096247498608,-0.31277534125475037,-0.03333401214646792,-0.04172835001636621,1.2281708491807892,-0.3574307058815349,0.39442273541275996,0.6293904692593324,2.0563798694022126,1.183501070989435,-0.03687211083455477,0.7796388555901381
32-0_07_20,0.7385825401569861,-0.06660910081712446,-0.3074835003233932,-0.10828470766785636,1.9331035155172955,0.8653157075197224,0.2023365550123879,0.3681793335656862,0.24649991194753462,1.2008748813397312,0.09817780803373966,-0.1382283567740521,0.0720768671654024,-0.10516060289726625,-0.013541725851545117,-0.02315048944812781,-0.00901788778387247,-1.5729339129944195,-1.2851886627584908,-0.307620007784178,-0.03872662092995116,-0.02664912120453866,-0.07949027060828054,-0.002151934108596709,-0.010101085609753646,-0.018070995088560915,-0.007346049264441573,-0.3044691960605598,-0.031082933581281558,-0.8433312464764884,-0.10925209404306727,-0.7185979240698804,-0.11024192785442782,0.11085039221348296,-0.31277534125475037,-0.03333401214646792,-0.04172835001636621,-0.3846130075389462,-0.3574307058815349,-1.6509002433738975,0.29163766657061135,-0.1367447289522491,2.1481293781881345,-0.03687211083455477,1.9673848037008845
32-0_09_21,-0.6803497639608798,-0.06660910081712446,-0.3074835003233932,-0.10828470766785636,-1.0264148614557027,0.6961733084193691,0.3359905235189,0.5495149670734429,-0.1668922650464828,-0.41190897538000426,0.6152954580896097,0.1679010456012855,-1.250142427568517,-0.10516060289726625,-0.013541725851545117,-0.02315048944812781,-0.00901788778387247,1.4628959122584084,1.247565716234007,-0.050368936698784006,-0.03872662092995116,-0.02664912120453866,-0.44203830419147677,-0.4341875408796714,-0.010101085609753646,-0.018070995088560915,0.2614992630281384,-0.3044691960605598,-0.031082933581281558,-0.03346558291563814,-0.23382997106940623,-0.7185979240698804,-0.3275549236379028,0.07890332527901667,0.46537590912889326,-0.03333401214646792,-0.04172835001636621,-0.3846130075389462,-0.3574307058815349,1.0659374799256272,-1.415932509527325,1.7440688633285424,0.6705413910410649,-0.03687211083455477,-2.0660791623765205
32-0_11_20,0.8672491492845291,-0.06660910081712446,1.6515578919977003,-0.10828470766785636,2.123112152298645,1.5231731263408297,0.7263874858407764,0.7086641018980635,0.6627913018462659,1.3734208596307629,0.6402226031405054,0.6341857628616332,0.6843560236750508,-0.10516060289726625,-0.013541725851545117,-0.02315048944812781,-0.00901788778387247,0.8090831295804489,2.0094979615209523,0.12205117216280531,-0.03872662092995116,-0.02664912120453866,0.6323965068316864,0.36663558358960796,-0.010101085609753646,-0.018070995088560915,0.6099539086202577,-0.3044691960605598,-0.031082933581281558,0.6605831848311107,0.4052062250268348,1.0423269243392526,0.31785883855686303,0.5309953248537633,-0.31277534125475037,-0.03333401214646792,-0.04172835001636621,1.5238720113397035,1.4278991291292322,1.3318231442946478,-0.09371321479340572,-0.1367447289522491,2.133904488185855,-0.03687211083455477,2.0892872442701838
32-1_01_21,-0.09408403981614927,-0.06660910081712446,-0.3074835003233932,0.7187151102536042,-1.0264148614557027,0.8653157075197224,-0.230202567054534,0.2912674947231326,-0.6686359946744772,-0.41190897538000426,-0.02835947766412583,0.11079336349196445,-0.04602244491259211,-0.10516060289726625,-0.013541725851545117,-0.02315048944812781,-0.00901788778387247,-1.5729339129944195,-1.2851886627584908,-0.0990608605985085,-0.03872662092995116,-0.02664912120453866,-0.17029768462948308,-0.4204428975016368,-0.010101085609753646,-0.018070995088560915,0.05064589771324517,-0.3044691960605598,-0.031082933581281558,-0.17715375553677706,-0.4794003562710957,-0.7185979240698804,-0.33705846438264625,-0.5469915815484784,-0.31277534125475037,-0.03333401214646792,-0.04172835001636621,-0.3846130075389462,-0.3574307058815349,0.30814114894719613,-1.415932509527325,-0.1367447289522491,-0.8208203027932078,-0.03687211083455477,0.9677465315767897
32-1_03_21,1.076973948708107,-0.06660910081712446,-0.3074835003233932,-0.10828470766785636,-1.0264148614557027,1.1592838486962167,0.9837360963947226,1.0329968603569109,0.3930049393872086,-0.41190897538000426,0.4367455762477592,0.8098918383160976,1.1495312939125213,-0.10516060289726625,-0.013541725851545117,-0.02315048944812781,-0.00901788778387247,-1.5729339129944195,0.8320826328972735,0.23103175687577632,-0.03872662092995116,-0.02664912120453866,1.0369670944027374,0.41960062864196507,-0.010101085609753646,-0.018070995088560915,1.12982714376087,-0.3044691960605598,-0.031082933581281558,0.26449518102066655,0.9805385358678881,1.645014055822264,0.5990903658644708,1.0033976429727025,0.8913446414011744,1.2888852825874513,-0.04172835001636621,1.2281708491807892,1.4278991291292322,0.8556047890309747,1.3909255199914925,-0.1367447289522491,2.0340927195146477,-0.03687211083455477,0.8037390456028077
32-1_05_20,0.5172589350809198,-0.06660910081712446,-0.3074835003233932,-0.10828470766785636,1.7147367373960825,0.9867378704051852,0.30623268888111044,0.6241657325219396,-0.10634313021800246,-0.41190897538000426,0.25587174396105095,-0.346241329479565,-0.04602244491259211,-0.10516060289726625,-0.013541725851545117,1.6844196866498087,-0.00901788778387247,0.7193221583620567,-1.2851886627584908,-0.37622251608779733,-0.03872662092995116,-0.02664912120453866,-1.326644885489407,-0.03708620864832038,-0.010101085609753646,-0.018070995088560915,0.4697752054552209,1.1105041519102583,-0.031082933581281558,0.160599047151944,-0.19256847288753087,0.5285566908112462,-0.11597905860238605,0.04441820959410684,-0.31277534125475037,-0.03333401214646792,-0.04172835001636621,-0.3846130075389462,-0.3574307058815349,-0.3286809486399781,0.07542918430694767,-0.1367447289522491,2.12415560561884,-0.03687211083455477,1.5103773700290999
32-1_05_21,0.34182321499031176,1.4247525930171483,-0.3074835003233932,-0.10828470766785636,-1.0264148614557027,-0.6260459863145502,-1.8429864237742695,0.5174054623436826,0.14594452133584146,-0.41190897538000426,0.08924339064026099,0.06331929171661477,0.5351874074422501,-0.10516060289726625,-0.013541725851545117,-0.02315048944812781,-0.00901788778387247,-0.5315412278361944,1.05920361092662,-0.20715504055907863,-0.03872662092995116,-0.02664912120453866,0.4817911687987041,0.4615085227937578,-0.010101085609753646,-0.018070995088560915,-0.8524440892786984,1.3083146606591756,-0.031082933581281558,0.23254736402105086,0.603783632230203,1.0423269243392526,0.6524386045741246,0.9258717743790491,-0.31277534125475037,-0.03333401214646792,-0.04172835001636621,-0.3846130075389462,1.3501394702164013,0.20035810534517784,0.8417460653418596,-0.1367447289522491,1.8746613736969895,-0.03687211083455477,-2.0660791623765205
32-1_06_21,-0.6803497639608798,-0.06660910081712446,-0.3074835003233932,-0.10828470766785636,-1.0264148614557027,-0.6260459863145502,-1.8429864237742695,0.48367991118499987,-0.35161789362636575,-0.41190897538000426,-0.11115230882303662,-0.8678949837305963,-1.250142427568517,-0.10516060289726625,-0.013541725851545117,-0.02315048944812781,-0.00901788778387247,0.012526816514081274,-1.2851886627584908,-0.5546424374620613,-0.03872662092995116,-0.02664912120453866,-0.2852522003311821,-0.5272742084254708,-0.010101085609753646,-0.018070995088560915,-0.250384097950736,-0.3044691960605598,-0.031082933581281558,-0.8433312464764884,-0.20589143425837747,-0.7185979240698804,-0.27452639619176616,-0.9969500259323955,-0.31277534125475037,-0.03333401214646792,-0.04172835001636621,-0.3846130075389462,-0.3574307058815349,-1.6509002433738975,-1.415932509527325,-0.1367447289522491,1.328398809862172,-0.03687211083455477,-0.5747174685422478
32-1_07_20,0.7058518414399138,-0.06660910081712446,-0.3074835003233932,-0.10828470766785636,-1.0264148614557027,-0.6260459863145502,1.2779163938402578,0.35179842959334406,0.39768993068756053,-0.41190897538000426,0.04659493038178164,0.4098917274382867,0.5694015079733518,-0.10516060289726625,-0.013541725851545117,-0.02315048944812781,-0.00901788778387247,0.6471741750456358,0.32759519396124465,-0.540854152976428,-0.03872662092995116,-0.02664912120453866,0.059556719911386335,-0.3238035572863266,-0.010101085609753646,-0.018070995088560915,-0.8524440892786984,-0.3044691960605598,-0.031082933581281558,0.160599047151944,-0.15488926475759165,-0.7185979240698804,0.10192469664653309,0.04441820959410684,-0.31277534125475037,-0.03333401214646792,-0.04172835001636621,-0.3846130075389462,-0.3574307058815349,-0.3286809486399781,-1.415932509527325,-0.1367447289522491,-0.8208203027932078,-0.03687211083455477,1.8305021651292122
32-1_09_20,0.8956074248028776,-0.06660910081712446,-0.3074835003233932,-0.10828470766785636,2.453735863817578,1.3782753874680924,0.7023206926915546,1.0216116320025543,0.5327611296459742,1.5471324169410892,0.39842852382282223,1.0924886890034797,0.49804559943768345,-0.10516060289726625,-0.013541725851545117,-0.02315048944812781,-0.00901788778387247,0.5007844373517033,1.47898746963184,0.9521461837850318,-0.03872662092995116,-0.02664912120453866,0.8225742271659727,0.38923216898694374,-0.010101085609753646,-0.018070995088560915,0.1017984201606265,-0.3044691960605598,-0.031082933581281558,0.8151137942325323,0.3254282839250923,0.9281324621775429,0.4346395546094797,0.21930730803537815,0.8175584272402557,-0.03333401214646792,-0.04172835001636621,-0.3846130075389462,1.4938276428375403,0.9629415785021719,0.7332866031280549,-0.1367447289522491,0.5013989919407115,-0.03687211083455477,2.038783355764557
32-1_09_21,-0.6803497639608798,-0.06660910081712446,-0.3074835003233932,-0.10828470766785636,-1.0264148614557027,-0.6260459863145502,0.06549859510438027,0.8447231237927615,-0.38988239372164823,-0.41190897538000426,0.552324976793473,-0.33713628987480315,0.2412192662657558,-0.10516060289726625,-0.013541725851545117,-0.02315048944812781,-0.00901788778387247,1.404103422230262,-1.2851886627584908,0.5675734408107653,-0.03872662092995116,-0.02664912120453866,0.3515698972559922,0.4516316462092658,-0.010101085609753646,-0.018070995088560915,0.8635592543561007,1.2518333047067274,-0.031082933581281558,0.49729311094015494,0.37431919728163293,-0.7185979240698804,0.4583601102243007,0.1946254230488462,0.7286173439034747,-0.03333401214646792,-0.04172835001636621,-0.3846130075389462,-0.3574307058815349,0.7820690475005084,0.5431088827937685,-0.1367447289522491,1.9163723399115296,-0.03687211083455477,-0.2807493273657534
32-1_11_20,0.7834721515477552,-0.06660910081712446,1.4778463346873738,-0.10828470766785636,1.8662361724215977,1.081524189783386,-1.8429864237742695,0.38396476779052247,0.23309469705474162,-0.41190897538000426,0.10181513651389662,0.4811498505319134,0.6583425913101328,-0.10516060289726625,-0.013541725851545117,-0.02315048944812781,-0.00901788778387247,0.5274366321231435,0.5660696859605845,0.012801355379572887,-0.03872662092995116,-0.02664912120453866,0.1153119521670043,-0.13385632972992867,-0.010101085609753646,-0.018070995088560915,-0.8524440892786984,-0.3044691960605598,-0.031082933581281558,-0.09939409662394635,0.19123604942098815,-0.7185979240698804,0.10540742968038258,0.26482372193534554,-0.31277534125475037,-0.03333401214646792,-0.04172835001636621,1.466645341180129,-0.3574307058815349,0.5820958670182564,-1.415932509527325,-0.1367447289522491,1.7306296951796671,-0.03687211083455477,-0.5747174685422478
32-2_01_21,-0.6803497639608798,-0.06660910081712446,-0.3074835003233932,-0.10828470766785636,-1.0264148614557027,-0.6260459863145502,-1.8429864237742695,-2.8763451780043976,-2.2706959860024396,-0.41190897538000426,-2.6429737908180453,-2.7191533324496717,-1.250142427568517,-0.10516060289726625,-0.013541725851545117,-0.02315048944812781,-0.00901788778387247,-1.5729339129944195,-1.2851886627584908,-1.4176152012460224,-0.03872662092995116,-0.02664912120453866,-1.326644885489407,-1.1787599029003084,-0.010101085609753646,-0.018070995088560915,-0.8524440892786984,-0.3044691960605598,-0.031082933581281558,-0.8433312464764884,-1.0996126099435142,-0.7185979240698804,-1.3689476087961279,-0.9969500259323955,-0.31277534125475037,-0.03333401214646792,-0.04172835001636621,-0.3846130075389462,-0.3574307058815349,-1.6509002433738975,-1.415932509527325,-0.1367447289522491,-0.8208203027932078,-0.03687211083455477,-0.7438598676426011
32-2_03_21,-0.6803497639608798,-0.06660910081712446,-0.3074835003233932,-0.10828470766785636,-1.0264148614557027,-0.6260459863145502,-1.8429864237742695,-0.872023804221755,-1.668635994674477,-0.41190897538000426,-0.9395775486443284,-0.6938474671849013,-1.250142427568517,-0.10516060289726625,-0.013541725851545117,-0.02315048944812781,-0.00901788778387247,-1.5729339129944195,-1.2851886627584908,-0.3558080512678202,-0.03872662092995116,-0.02664912120453866,-1.326644885489407,-1.0184629110278591,-0.010101085609753646,-0.018070995088560915,-0.8524440892786984,-0.3044691960605598,-0.031082933581281558,-0.8433312464764884,-0.708075092880607,-0.7185979240698804,-0.7321255112089535,-0.9969500259323955,-0.31277534125475037,-0.03333401214646792,-0.04172835001636621,-0.3846130075389462,-0.3574307058815349,-1.6509002433738975,-1.415932509527325,-0.1367447289522491,-0.8208203027932078,-0.03687211083455477,-0.3585089862785841
32-2_05_20,0.37944798388006945,-0.06660910081712446,-0.3074835003233932,-0.10828470766785636,1.2767811959647861,-0.6260459863145502,0.3900096866178844,0.47891472752298103,-0.4645160120185524,1.2008748813397312,0.4831100780980051,-0.3948708771519789,-0.04602244491259211,-0.10516060289726625,-0.013541725851545117,1.6844196866498087,-0.00901788778387247,0.22983981229755623,-1.2851886627584908,-0.410018019495501,-0.03872662092995116,-0.02664912120453866,0.16471680834486552,-0.17031182166066086,-0.010101085609753646,-0.018070995088560915,-0.250384097950736,-0.3044691960605598,-0.031082933581281558,0.1195974421479292,-0.03937555953435335,0.723358913586531,-0.2198751924711085,0.11085039221348296,-0.31277534125475037,-0.03333401214646792,-0.04172835001636621,-0.3846130075389462,-0.3574307058815349,0.8944068730919267,-0.09371321479340572,-0.1367447289522491,2.0548196342109604,-0.03687211083455477,1.8862773149472702
32-2_05_21,-0.29499888259686263,-0.06660910081712446,-0.3074835003233932,-0.10828470766785636,-1.0264148614557027,0.6961733084193691,-1.8429864237742695,0.056128586672755665,-0.3213059793575268,-0.41190897538000426,-0.10558475114464971,0.560969563852636,0.2412192662657558,-0.10516060289726625,-0.013541725851545117,-0.02315048944812781,-0.00901788778387247,0.8267398084866188,-1.2851886627584908,0.7750178356729347,-0.03872662092995116,-0.02664912120453866,0.5246134632296681,0.26784382781541577,-0.010101085609753646,-0.018070995088560915,0.2267371567689265,-0.3044691960605598,-0.031082933581281558,-0.8433312464764884,0.22762168834441365,1.0423269243392526,0.37553164689294816,0.1946254230488462,-0.31277534125475037,-0.03333401214646792,-0.04172835001636621,-0.3846130075389462,-0.3574307058815349,0.43188512694255266,0.5883888642553177,-0.1367447289522491,-0.8208203027932078,-0.03687211083455477,-0.3585089862785841
32-2_06_21,0.3610429211973454,-0.06660910081712446,1.5437748483956821,-0.10828470766785636,-1.0264148614557027,-0.6260459863145502,0.5899828671001364,0.5709679308191706,0.30217561619804045,-0.41190897538000426,0.5361504450824086,0.6934751880947039,0.7951805512181405,1.6430274241089342,-0.013541725851545117,-0.02315048944812781,-0.00901788778387247,0.6131744668187858,1.306988094637376,0.44745391969885445,-0.03872662092995116,-0.02664912120453866,-0.07949027060828054,0.10888189534631926,-0.010101085609753646,-0.018070995088560915,0.3516758933772264,1.2518333047067274,-0.031082933581281558,0.579169057351194,0.6242633567911705,-0.7185979240698804,0.2042556425093608,-0.03404394477598465,0.7286173439034747,-0.03333401214646792,-0.04172835001636621,-0.3846130075389462,-0.3574307058815349,1.1132758890164332,0.5883888642553177,-0.1367447289522491,1.7601046728824117,-0.03687211083455477,0.9873834425489347
32-2_07_20,-0.043527666373705365,-0.06660910081712446,-0.3074835003233932,-0.10828470766785636,1.254618505792025,0.6961733084193691,0.008271924944805775,0.8126082846330203,0.3067958138347857,0.910310319353915,-0.1823692664226031,0.9389535030567215,0.6843560236750508,-0.10516060289726625,-0.013541725851545117,-0.02315048944812781,-0.00901788778387247,1.0977756822293778,-1.2851886627584908,0.7657383941450551,-0.03872662092995116,-0.02664912120453866,0.45868494952135985,0.47634421525174525,-0.010101085609753646,-0.018070995088560915,0.7038584114885889,1.3083146606591756,-0.031082933581281558,0.4395585236629793,0.036566394592911874,-0.7185979240698804,0.3049067509552281,-0.12987804965113015,-0.31277534125475037,-0.03333401214646792,-0.04172835001636621,-0.3846130075389462,1.2553531508382005,-0.1595385495396247,0.5883888642553177,-0.1367447289522491,-0.8208203027932078,-0.03687211083455477,1.3523878585700801
32-2_09_20,0.042753920091858466,-0.06660910081712446,1.1838781935108795,-0.10828470766785636,1.6986796596257663,-0.6260459863145502,-0.1354162476763331,0.5647212286348657,0.0494503001086144,-0.41190897538000426,0.18137431855654862,0.3728651383031256,-0.04602244491259211,-0.10516060289726625,-0.013541725851545117,-0.02315048944812781,-0.00901788778387247,0.560604995375798,0.6738527295626027,0.014693709057277737,-0.03872662092995116,-0.02664912120453866,-0.004425590755487874,-0.35176008497884786,-0.010101085609753646,-0.018070995088560915,-0.15347408494267958,-0.3044691960605598,-0.031082933581281558,-0.8433312464764884,-0.19256847288753087,-0.7185979240698804,-0.300231796426668,-0.42557226939089954,-0.31277534125475037,-0.03333401214646792,-0.04172835001636621,-0.3846130075389462,-0.3574307058815349,0.8818541356186004,0.19685134719241043,-0.1367447289522491,-0.8208203027932078,-0.03687211083455477,1.2083096331738585
32-2_11_20,0.34182321499031176,-0.06660910081712446,-0.3074835003233932,-0.10828470766785636,0.29580443327821654,-0.6260459863145502,-1.8429864237742695,-0.618666603135213,0.16705457681794833,-0.41190897538000426,-0.46751855015561294,0.28559782314132964,0.850228117549046,-0.10516060289726625,-0.013541725851545117,-0.02315048944812781,-0.00901788778387247,0.0655553439602179,0.8320826328972735,0.1767123398512494,-0.03872662092995116,-0.02664912120453866,0.544538722839091,0.768183367797517,-0.010101085609753646,-0.018070995088560915,1.028369503002093,1.8745077512326098,-0.031082933581281558,1.3585622144487326,0.7531350903103001,0.5285566908112462,0.7968194275993463,1.2860919201069618,0.9543963871482635,-0.03333401214646792,-0.04172835001636621,-0.3846130075389462,-0.3574307058815349,-0.3286809486399781,0.9083499457703677,-0.1367447289522491,1.5235719708919029,-0.03687211083455477,0.016706207939929607
33-0_01_21,0.7463938025613625,-0.06660910081712446,1.4778463346873738,-0.10828470766785636,-1.0264148614557027,0.9867378704051852,0.5014058499108414,0.25431017101763276,0.821673713626681,-0.41190897538000426,-0.14011385786784003,0.5874861085745902,1.379267171534202,-0.10516060289726625,-0.013541725851545117,-0.02315048944812781,-0.00901788778387247,0.47238906579223794,1.6129878207391857,0.2582709191807943,-0.03872662092995116,-0.02664912120453866,0.20907108449610257,0.34974359893853085,-0.010101085609753646,-0.018070995088560915,0.3780048320995756,-0.3044691960605598,-0.031082933581281558,0.5319165757035677,0.540699119185782,-0.7185979240698804,0.3005021038499013,0.2859096247498608,-0.31277534125475037,-0.03333401214646792,-0.04172835001636621,1.6607099712477111,1.1339309879527377,-0.03811638665416195,0.4353258391917502,-0.1367447289522491,1.718255795999569,-0.03687211083455477,-2.0660791623765205
33-0_03_21,0.34182321499031176,-0.06660910081712446,1.1838781935108795,-0.10828470766785636,-1.0264148614557027,-0.6260459863145502,1.0713567333451712,0.4429691260861146,0.3930049393872086,-0.41190897538000426,-0.08195971716732076,0.646521808006246,0.6306711647122745,-0.10516060289726625,-0.013541725851545117,-0.02315048944812781,-0.00901788778387247,0.11280782560784419,1.4316490605410337,0.9005709371904553,-0.03872662092995116,-0.02664912120453866,0.8225742271659727,0.6184828995588423,-0.010101085609753646,-0.018070995088560915,0.8007684244966453,-0.3044691960605598,-0.031082933581281558,0.8236969684999993,0.6341520918852244,1.703554008528061,0.6745082369258706,0.9994351676217664,1.1420695187537597,-0.03333401214646792,-0.04172835001636621,1.400716827471821,-0.3574307058815349,0.13442959163686963,1.3330303517288364,-0.1367447289522491,1.9652209074493463,-0.03687211083455477,-2.0660791623765205
33-0_05_20,0.5783559169808203,-0.06660910081712446,-0.3074835003233932,-0.10828470766785636,2.1137788171229284,-0.6260459863145502,0.649773965252568,1.191320703969851,0.09851987140770335,1.2008748813397312,0.5642532324685894,0.25443629097758547,-1.250142427568517,-0.10516060289726625,-0.013541725851545117,-0.02315048944812781,-0.00901788778387247,0.568515860406048,-1.2851886627584908,-0.19474578257725866,-0.03872662092995116,-0.02664912120453866,-0.17029768462948308,-0.028771446408832307,-0.010101085609753646,-0.018070995088560915,0.05064589771324517,1.9156388919794956,-0.031082933581281558,-0.8433312464764884,-0.12021970926738279,-0.7185979240698804,-0.2198751924711085,0.37826550842457607,-0.31277534125475037,-0.03333401214646792,-0.04172835001636621,-0.3846130075389462,-0.3574307058815349,0.5559256326579524,-0.09371321479340572,-0.1367447289522491,2.206936901897346,-0.03687211083455477,1.9225243809691435
33-0_05_21,0.39710466278623924,-0.06660910081712446,1.9501950745457912,-0.10828470766785636,-1.0264148614557027,1.2824390325640995,0.008271924944805775,0.7225547090594855,1.0756569884481992,-0.41190897538000426,0.1823256412294545,0.9525747557898867,1.319231482046529,-0.10516060289726625,-0.013541725851545117,-0.02315048944812781,-0.00901788778387247,0.9369403720102999,2.0823536107620857,0.5445033307122493,-0.03872662092995116,-0.02664912120453866,0.7054363821220332,1.2088523533956024,-0.010101085609753646,-0.018070995088560915,0.9537358847051888,1.4031009800373766,-0.031082933581281558,0.8564276672170716,0.4697327473897489,1.1716367422364762,0.7691294232274282,0.6700390508529868,1.1785863525795224,-0.03333401214646792,-0.04172835001636621,2.015060713942092,-0.3574307058815349,0.20035810534517784,0.9083499457703677,-0.1367447289522491,1.8790174230740377,0.808225929179702,-0.3585089862785841
33-0_06_21,-0.043527666373705365,-0.06660910081712446,-0.3074835003233932,-0.10828470766785636,-1.0264148614557027,1.225212362404525,0.2023365550123879,0.6578078961806648,0.7015068523766248,-0.41190897538000426,0.8364048614119273,0.6943140805361534,0.36264142915121855,1.5076232538224692,-0.013541725851545117,-0.02315048944812781,-0.00901788778387247,0.2627566584980061,1.284185246856555,0.29789658095327215,-0.03872662092995116,-0.02664912120453866,0.4342799629197258,0.1471367591217349,1.481260608224519,-0.018070995088560915,0.5947139420635209,-0.3044691960605598,-0.031082933581281558,0.5639823882703665,0.1574217413160786,-0.7185979240698804,0.3049067509552281,0.14060752820213834,-0.31277534125475037,-0.03333401214646792,-0.04172835001636621,-0.3846130075389462,-0.3574307058815349,1.2304844133966752,0.5883888642553177,1.2782286190185688,2.0026539263770933,-0.03687211083455477,-0.3585089862785841
33-0_07_20,-0.38978520197506344,-0.06660910081712446,-0.3074835003233932,-0.10828470766785636,0.46494683237856993,0.6961733084193691,0.6897679552182283,0.9549485663726118,0.2671231090708346,-0.41190897538000426,0.27471099935114873,0.4892880239888957,-1.250142427568517,-0.10516060289726625,-0.013541725851545117,-0.02315048944812781,-0.00901788778387247,-0.04788910595757423,0.32759519396124465,0.6737413612332428,-0.03872662092995116,-0.02664912120453866,0.5635897808169493,0.21324574867212237,-0.010101085609753646,-0.018070995088560915,-0.8524440892786984,-0.3044691960605598,-0.031082933581281558,0.2942530156584561,0.09446156285556788,0.7727637697643923,0.24635098848729942,0.41033056815594665,-0.31277534125475037,-0.03333401214646792,-0.04172835001636621,-0.3846130075389462,-0.3574307058815349,0.6733822119237952,1.0479604794585824,-0.1367447289522491,-0.8208203027932078,-0.03687211083455477,1.9480631991684851
33-0_09_20,-0.15131070997572366,-0.06660910081712446,-0.3074835003233932,-0.10828470766785636,1.8067322504570824,-0.6260459863145502,-0.230202567054534,1.2268083245442836,0.6202836109872494,1.295661200717932,0.6625401071229573,0.5411566133452486,0.9142104282159202,-0.10516060289726625,-0.013541725851545117,-0.02315048944812781,-0.00901788778387247,-1.5729339129944195,1.0968283798163776,-0.10523869566511651,-0.03872662092995116,-0.02664912120453866,0.5818401333892426,0.12651467501894642,-0.010101085609753646,-0.018070995088560915,0.5947139420635209,-0.3044691960605598,-0.031082933581281558,0.23254736402105086,0.39852977560317077,0.5285566908112462,0.248851251477616,0.5859022219497829,-0.31277534125475037,-0.03333401214646792,-0.04172835001636621,-0.3846130075389462,-0.3574307058815349,1.200969357355869,0.4925525093513247,-0.1367447289522491,1.9203312960585772,0.6620978935014641,-0.5747174685422478
33-0_09_21,0.1466500539605809,-0.06660910081712446,2.4257137647831764,-0.10828470766785636,-1.0264148614557027,-0.6260459863145502,0.27428487188149475,0.02456788973327151,0.16227330487196623,-0.41190897538000426,0.0775082131883924,0.28559782314132964,0.4126154041130572,-0.10516060289726625,-0.013541725851545117,-0.02315048944812781,-0.00901788778387247,1.573504222291355,1.5727466019609382,0.056086394215502766,-0.03872662092995116,2.1225699914508414,-0.07949027060828054,0.17204170949466846,-0.010101085609753646,-0.018070995088560915,0.3780048320995756,-0.3044691960605598,-0.031082933581281558,0.1195974421479292,0.20720455712086144,-0.7185979240698804,-0.16482762614020308,-0.9969500259323955,0.46537590912889326,-0.03333401214646792,-0.04172835001636621,1.6981723627775038,-0.3574307058815349,0.6733822119237952,-1.415932509527325,-0.1367447289522491,-0.8208203027932078,-0.03687211083455477,-2.0660791623765205
33-0_11_20,-0.29499888259686263,-0.06660910081712446,1.1838781935108795,-0.10828470766785636,-1.0264148614557027,0.6961733084193691,0.4146921510949151,0.42598575068000155,0.5878412115671994,-0.41190897538000426,0.5029347723411199,0.7617155912374967,0.2412192662657558,-0.10516060289726625,-0.013541725851545117,-0.02315048944812781,-0.00901788778387247,0.49152407623249894,1.247565716234007,-0.0728762776966353,-0.03872662092995116,-0.02664912120453866,0.45868494952135985,0.1939548877080184,-0.010101085609753646,-0.018070995088560915,-0.07429283889505478,-0.3044691960605598,-0.031082933581281558,0.3482721787574405,0.1574217413160786,0.8171180459156293,0.26355788744901587,0.1946254230488462,0.8175584272402557,-0.03333401214646792,-0.04172835001636621,-0.3846130075389462,-0.3574307058815349,0.81299274561201,0.4925525093513247,-0.1367447289522491,1.4930469175759455,-0.03687211083455477,-2.0660791623765205
33-1_01_21,0.7385825401569861,-0.06660910081712446,1.1838781935108795,-0.10828470766785636,-1.0264148614557027,0.8653157075197224,0.11605496854682407,0.34271515444446354,0.39111669953482164,-0.41190897538000426,0.40549643545612724,0.44251407998806447,1.1134695523236275,-0.10516060289726625,-0.013541725851545117,-0.02315048944812781,-0.00901788778387247,0.6907021555936889,1.5283923258097012,-0.01662035361112435,-0.03872662092995116,-0.02664912120453866,-0.004425590755487874,0.25087704195817295,-0.010101085609753646,-0.018070995088560915,0.6660698505991891,-0.3044691960605598,-0.031082933581281558,-0.8433312464764884,0.1689881901073233,-0.7185979240698804,0.18447303347412125,0.07890332527901667,1.009443953479169,-0.03333401214646792,-0.04172835001636621,-0.3846130075389462,-0.3574307058815349,0.81299274561201,0.19685134719241043,-0.1367447289522491,2.037114961926221,-0.03687211083455477,-2.0660791623765205
33-1_03_21,0.49019133033203854,-0.06660910081712446,-0.3074835003233932,-0.10828470766785636,-1.0264148614557027,1.225212362404525,0.008271924944805775,0.12191416041930103,0.12550336109329674,-0.41190897538000426,-0.12797277117560957,0.2834446482702371,-1.250142427568517,-0.10516060289726625,-0.013541725851545117,-0.02315048944812781,-0.00901788778387247,0.5839179880755917,1.284185246856555,-0.21031355980390837,1.4526350729043216,-0.02664912120453866,0.16471680834486552,0.2921124025423525,-0.010101085609753646,-0.018070995088560915,-0.8524440892786984,-0.3044691960605598,-0.031082933581281558,0.160599047151944,0.3050542628472866,-0.7185979240698804,0.0730092288602836,0.32523822597274876,-0.31277534125475037,-0.03333401214646792,-0.04172835001636621,-0.3846130075389462,-0.3574307058815349,-1.6509002433738975,0.29163766657061135,-0.1367447289522491,1.5235719708919029,-0.03687211083455477,-2.0660791623765205
33-1_05_20,0.37944798388006945,-0.06660910081712446,-0.3074835003233932,-0.10828470766785636,1.9608043684523022,0.6961733084193691,0.06549859510438027,0.7349531842920314,0.15743880802634913,-0.41190897538000426,0.39582077880599864,0.18447918363456606,0.16483092040230107,-0.10516060289726625,-0.013541725851545117,-0.02315048944812781,-0.00901788778387247,0.36156453824914825,-1.2851886627584908,-0.1993578027192164,-0.03872662092995116,-0.02664912120453866,0.24931230327435006,-0.357574020291463,-0.010101085609753646,-0.018070995088560915,-0.007346049264441573,-0.3044691960605598,-0.031082933581281558,0.26449518102066655,-0.43136309941552203,-0.7185979240698804,-0.14585978706422303,0.3945939085964333,-0.31277534125475037,-0.03333401214646792,-0.04172835001636621,-0.3846130075389462,-0.3574307058815349,0.43188512694255266,-1.415932509527325,-0.1367447289522491,2.52767926749063,-0.03687211083455477,1.6372982061358292
33-1_05_21,0.2042568173370507,-0.06660910081712446,-0.3074835003233932,-0.10828470766785636,-1.0264148614557027,0.6961733084193691,-1.8429864237742695,0.27009295728137683,0.1272440226695981,-0.41190897538000426,-0.14111330863550164,0.43344074547779843,0.2412192662657558,-0.10516060289726625,-0.013541725851545117,-0.02315048944812781,-0.00901788778387247,0.776343614473536,0.037030631975428496,0.7419873738346909,-0.03872662092995116,-0.02664912120453866,0.744008565178753,0.449811465498371,-0.010101085609753646,-0.018070995088560915,0.3780048320995756,1.8290697123096575,-0.031082933581281558,0.41847212578577553,0.3092062493649927,0.8573592646938768,0.5186161113184677,0.5960971569143618,-0.31277534125475037,-0.03333401214646792,-0.04172835001636621,-0.3846130075389462,-0.3574307058815349,-1.6509002433738975,0.4925525093513247,-0.1367447289522491,-0.8208203027932078,-0.03687211083455477,-2.0660791623765205
33-1_06_21,0.6112727631812702,-0.06660910081712446,-0.3074835003233932,-0.10828470766785636,-1.0264148614557027,1.081524189783386,-0.5207671290403502,0.6409827042899758,0.2904053976466163,1.439349373339071,0.4267574597965609,0.3419219911801201,1.0075361473006677,1.451141897870021,-0.013541725851545117,-0.02315048944812781,-0.00901788778387247,0.3487525624891826,0.8640304498968892,0.17801068007653015,-0.03872662092995116,-0.02664912120453866,0.4342799629197258,0.3200427693350409,-0.010101085609753646,-0.018070995088560915,0.8103137424028757,-0.3044691960605598,-0.031082933581281558,-0.8433312464764884,0.27927254071669894,0.32279476108834465,0.33659030116050626,0.04441820959410684,-0.31277534125475037,-0.03333401214646792,-0.04172835001636621,-0.3846130075389462,-0.3574307058815349,0.5559256326579524,-1.415932509527325,-0.1367447289522491,2.22489375614766,-0.03687211083455477,-2.0660791623765205
33-1_07_20,1.0231463252065416,-0.06660910081712446,-0.3074835003233932,-0.10828470766785636,-1.0264148614557027,-0.6260459863145502,1.0326535132298988,1.2730587015041852,0.6383248682087164,-0.41190897538000426,0.4126375886762996,0.9108675186637385,0.7951805512181405,-0.10516060289726625,-0.013541725851545117,-0.02315048944812781,-0.00901788778387247,-0.5315412278361944,-1.2851886627584908,0.26362603612956476,-0.03872662092995116,-0.02664912120453866,0.5037298977041433,0.0756500508133997,-0.010101085609753646,-0.018070995088560915,-0.07429283889505478,1.3582886356210144,-0.031082933581281558,-0.8433312464764884,0.036566394592911874,0.16600865722804997,0.3324970146677463,0.2426615520942712,-0.31277534125475037,-0.03333401214646792,-0.04172835001636621,-0.3846130075389462,-0.3574307058815349,0.6067783314952871,0.7630444377658445,-0.1367447289522491,0.22057238236501725,-0.03687211083455477,2.0353585727623287
33-1_11_20,0.5783559169808203,-0.06660910081712446,-0.3074835003233932,-0.10828470766785636,-1.0264148614557027,-0.6260459863145502,-0.35162472993999677,0.568635934083547,0.2620583929900582,-0.41190897538000426,0.25332384708474254,0.5253711791204123,0.36264142915121855,-0.10516060289726625,-0.013541725851545117,-0.02315048944812781,-0.00901788778387247,0.9369403720102999,0.5660696859605845,0.019388830265657575,-0.03872662092995116,-0.02664912120453866,0.3809252906085292,0.588395963181872,-0.010101085609753646,-0.018070995088560915,0.760339767441037,1.3582886356210144,-0.031082933581281558,0.9850942763446148,0.38137531483548026,-0.7185979240698804,0.4674970772839422,0.6527000499327712,-0.31277534125475037,-0.03333401214646792,-0.04172835001636621,-0.3846130075389462,-0.3574307058815349,0.4983188692814825,0.369397325483442,-0.1367447289522491,2.220967016178544,-0.03687211083455477,-2.0660791623765205
33-2_01_21,0.2784643085529286,-0.06660910081712446,1.0147357944105262,-0.10828470766785636,-1.0264148614557027,1.081524189783386,0.5899828671001364,0.5914108732396355,-0.03264988287364412,-0.41190897538000426,0.3328613559899116,-0.0023156091501470577,-1.250142427568517,-0.10516060289726625,-0.013541725851545117,-0.02315048944812781,-0.00901788778387247,0.44200643679851714,1.0968283798163776,0.3639289920349606,-0.03872662092995116,-0.02664912120453866,0.4342799629197258,-0.07507832917674252,-0.010101085609753646,-0.018070995088560915,0.1017984201606265,-0.3044691960605598,-0.031082933581281558,-0.8433312464764884,0.1515209102946109,-0.7185979240698804,0.10192469664653309,-0.33078817538899924,0.46537590912889326,-0.03333401214646792,-0.04172835001636621,-0.3846130075389462,-0.3574307058815349,1.1693012161117426,0.19685134719241043,-0.1367447289522491,0.22057238236501725,-0.03687211083455477,-2.0660791623765205
33-2_03_21,0.9935045957904762,-0.06660910081712446,1.5437748483956821,-0.10828470766785636,-1.0264148614557027,0.8653157075197224,0.008271924944805775,0.255914511526647,0.6441758315376107,-0.41190897538000426,0.26065872526619205,0.5788259117096908,0.899076685086863,-0.10516060289726625,-0.013541725851545117,-0.02315048944812781,-0.00901788778387247,0.6060430342987501,1.7796435569800833,0.6774515407388519,-0.03872662092995116,-0.02664912120453866,1.0431891848107542,0.7543837760626568,-0.010101085609753646,-0.018070995088560915,0.5277671524329076,-0.3044691960605598,-0.031082933581281558,0.7497533385260182,0.8743033349607995,1.326725054716777,0.862230606593833,1.098645542524763,-0.31277534125475037,-0.03333401214646792,0.9996643351418588,1.5744283847821472,-0.3574307058815349,1.0221206637549987,1.2285060799405136,-0.1367447289522491,2.0026539263770933,-0.03687211083455477,-2.0660791623765205
33-2_05_20,0.4613239302911084,-0.06660910081712446,-0.3074835003233932,-0.10828470766785636,2.413075728933981,1.3329954060065432,0.5899828671001364,0.9691249549772758,0.27337205834783607,1.3734208596307629,0.6999349122117955,0.32065722169867894,-1.250142427568517,-0.10516060289726625,-0.013541725851545117,-0.02315048944812781,-0.00901788778387247,0.7080994542533082,-1.2851886627584908,-0.26424875664386505,-0.03872662092995116,-0.02664912120453866,-0.07949027060828054,-0.2539270227776127,-0.010101085609753646,-0.018070995088560915,-0.8524440892786984,1.7208366692042105,-0.031082933581281558,0.37295464323447114,0.08763289258088476,0.43774927679004366,-0.027465978140398972,0.41033056815594665,0.46537590912889326,-0.03333401214646792,-0.04172835001636621,-0.3846130075389462,-0.3574307058815349,0.9835770267868341,-1.415932509527325,-0.1367447289522491,2.538255923266055,-0.03687211083455477,2.069403328959191
33-2_05_21,0.9117740984246419,-0.06660910081712446,1.7378394784632643,0.9861365049365054,-1.0264148614557027,1.1592838486962167,0.2023365550123879,0.5278040712052974,0.720973021377509,-0.41190897538000426,0.14720835404449817,0.39345166908490303,-1.250142427568517,-0.10516060289726625,-0.013541725851545117,-0.02315048944812781,-0.00901788778387247,-0.4426001444994133,1.0968283798163776,0.7699055195904407,-0.03872662092995116,-0.02664912120453866,1.0369670944027374,1.028787912371157,-0.010101085609753646,-0.018070995088560915,1.6024007707298118,1.1105041519102583,-0.031082933581281558,0.7074528257611534,0.6380453898718117,0.894185932649855,0.9185341988493523,0.7404909686246189,1.009443953479169,-0.03333401214646792,-0.04172835001636621,-0.3846130075389462,-0.3574307058815349,0.43188512694255266,1.0170367813470809,-0.1367447289522491,1.8085892963095112,-0.03687211083455477,-0.2807493273657534
33-2_06_21,-0.6803497639608798,-0.06660910081712446,1.4000866757745432,0.7187151102536042,-1.0264148614557027,0.9867378704051852,-1.8429864237742695,0.5899291437848944,0.07955203233172314,-0.41190897538000426,0.404642943536502,0.15358549502299734,0.6843560236750508,1.217058691836653,-0.013541725851545117,-0.02315048944812781,-0.00901788778387247,0.7248265981047145,1.284185246856555,-0.19321926261578612,-0.03872662092995116,-0.02664912120453866,-1.326644885489407,0.23918604039860025,-0.010101085609753646,-0.018070995088560915,-0.8524440892786984,0.899650786595365,-0.031082933581281558,-0.8433312464764884,-0.058219924785289,-0.7185979240698804,-0.17133890975432836,-0.03404394477598465,-0.31277534125475037,-0.03333401214646792,-0.04172835001636621,1.32295716855899,-0.3574307058815349,0.9733818524617709,0.19685134719241043,-0.1367447289522491,1.0876647160854418,-0.03687211083455477,-2.0660791623765205
33-2_07_20,0.9473086453420758,-0.06660910081712446,-0.3074835003233932,0.6148189763848818,1.8193031565109559,1.225212362404525,0.2023365550123879,0.5591806734942573,0.579950249180627,1.2008748813397312,0.3935869486096346,0.3967898444893836,0.36264142915121855,-0.10516060289726625,-0.013541725851545117,-0.02315048944812781,-0.00901788778387247,0.6131744668187858,1.247565716234007,0.21167444357285053,-0.03872662092995116,-0.02664912120453866,0.3809252906085292,0.31009286147268195,-0.010101085609753646,-0.018070995088560915,0.2267371567689265,-0.3044691960605598,-0.031082933581281558,0.6605831848311107,0.2518631635335994,0.5285566908112462,0.4852137887132232,0.6437638439912096,0.46537590912889326,-0.03333401214646792,-0.04172835001636621,-0.3846130075389462,-0.3574307058815349,0.9835770267868341,0.4353258391917502,-0.1367447289522491,2.485819138231054,-0.03687211083455477,1.8689744268545447
33-2_09_20,0.4759974368990444,-0.06660910081712446,1.9255126100687607,-0.10828470766785636,1.5874269604203666,0.9867378704051852,-0.05765658876350244,0.42922113551090657,0.4069109667180535,-0.41190897538000426,0.17978413523439962,0.15936846305153507,0.0720768671654024,-0.10516060289726625,-0.013541725851545117,-0.02315048944812781,-0.00901788778387247,0.7248265981047145,1.4316490605410337,-0.020698266031563717,-0.03872662092995116,-0.02664912120453866,-0.07949027060828054,-0.13736721774208338,-0.010101085609753646,-0.018070995088560915,-0.8524440892786984,-0.3044691960605598,-0.031082933581281558,0.3482721787574405,-0.2957559593249686,-0.7185979240698804,-0.27452639619176616,0.07890332527901667,0.46537590912889326,-0.03333401214646792,-0.04172835001636621,1.732658288116818,0.9647885888523844,1.0312448329999344,0.07542918430694767,-0.1367447289522491,1.6649011236883724,-0.03687211083455477,-0.020756183589863086
33-2_09_21,-0.6803497639608798,-0.06660910081712446,1.8714934469697764,0.4779810164768741,-1.0264148614557027,0.8653157075197224,-1.8429864237742695,-1.5541258832704783,-0.31645347656311473,0.910310319353915,0.42358847044771664,-0.16164613054401356,-1.250142427568517,-0.10516060289726625,-0.013541725851545117,-0.02315048944812781,-0.00901788778387247,1.179882518193852,1.5542893846157075,-0.46622053467952385,-0.03872662092995116,1.6809210548933977,-1.326644885489407,-0.8624899406795905,-0.010101085609753646,-0.018070995088560915,-0.15347408494267958,-0.3044691960605598,-0.031082933581281558,-0.8433312464764884,-0.9270666316524825,-0.7185979240698804,-0.7321255112089535,-0.9969500259323955,-0.31277534125475037,-0.03333401214646792,-0.04172835001636621,1.6981723627775038,-0.3574307058815349,1.200969357355869,-1.415932509527325,-0.1367447289522491,-0.8208203027932078,-0.03687211083455477,-2.0660791623765205
33-2_11_20,-0.38978520197506344,-0.06660910081712446,-0.3074835003233932,0.4779810164768741,-1.0264148614557027,-0.6260459863145502,-1.8429864237742695,-0.468105212692548,-0.27946991030994484,-0.41190897538000426,-0.5726205160547742,-0.29427169581860446,-1.250142427568517,-0.10516060289726625,-0.013541725851545117,-0.02315048944812781,-0.00901788778387247,-0.4426001444994133,0.32759519396124465,-0.6186803449390867,-0.03872662092995116,-0.02664912120453866,-0.2852522003311821,-0.21852702977179617,-0.010101085609753646,-0.018070995088560915,0.2614992630281384,-0.3044691960605598,-0.031082933581281558,-0.8433312464764884,-0.36800419297813886,-0.7185979240698804,-0.48434102749819746,-0.42557226939089954,-0.31277534125475037,-0.03333401214646792,-0.04172835001636621,-0.3846130075389462,-0.3574307058815349,-0.03811638665416195,-0.09371321479340572,-0.1367447289522491,0.9645095322175592,-0.03687211083455477,-2.0660791623765205
34-0_01_21,0.042753920091858466,-0.06660910081712446,-0.3074835003233932,-0.10828470766785636,-1.0264148614557027,1.225212362404525,0.8568513020929762,0.8879056974343755,0.3324483866177428,-0.41190897538000426,0.3471809008769009,-0.3194796109686333,-1.250142427568517,-0.10516060289726625,-0.013541725851545117,-0.02315048944812781,-0.00901788778387247,0.6663655661324731,-1.2851886627584908,0.9067883117477582,-0.03872662092995116,-0.02664912120453866,0.5993543809667483,0.652949939696595,-0.010101085609753646,-0.018070995088560915,-0.8524440892786984,0.899650786595365,-0.031082933581281558,0.5149497898463248,-0.048695541273601387,-0.7185979240698804,0.3426587904232632,0.42551688068686605,-0.31277534125475037,-0.03333401214646792,-0.04172835001636621,0.9376062871949731,-0.3574307058815349,1.0489374824933484,0.9083499457703677,-0.1367447289522491,-0.8208203027932078,-0.03687211083455477,1.3106802330283593
34-0_03_21,0.3006269987256899,-0.06660910081712446,-0.3074835003233932,0.4779810164768741,-1.0264148614557027,1.1592838486962167,0.8300344833546267,0.180940466413817,0.041057875053314596,-0.41190897538000426,0.445041223311913,0.5970267664437812,0.8671288680872473,-0.10516060289726625,-0.013541725851545117,-0.02315048944812781,-0.00901788778387247,0.15541986902680904,1.414649063108755,0.03408095374953546,-0.03872662092995116,-0.02664912120453866,0.45868494952135985,0.41862182614988325,-0.010101085609753646,-0.018070995088560915,0.44858590638528284,-0.3044691960605598,-0.031082933581281558,0.23254736402105086,0.538267452799994,0.9281324621775429,0.2587108005068277,0.16845580310863667,-0.31277534125475037,-0.03333401214646792,-0.04172835001636621,1.32295716855899,-0.3574307058815349,0.9935383460939412,0.6293904692593324,-0.1367447289522491,-0.8208203027932078,-0.03687211083455477,-0.2807493273657534
34-0_05_20,0.44613726121028097,-0.06660910081712446,-0.3074835003233932,0.7187151102536042,-1.0264148614557027,1.2824390325640995,0.7145207781313885,1.28490300232834,0.607825809498767,1.8457695994891803,0.6752982893935815,0.9408578888396593,-1.250142427568517,-0.10516060289726625,-0.013541725851545117,-0.02315048944812781,-0.00901788778387247,0.7409333073747341,-1.2851886627584908,0.028629487000570275,-0.03872662092995116,-0.02664912120453866,0.24931230327435006,-0.10347370073620782,-0.010101085609753646,-0.018070995088560915,-0.007346049264441573,1.3083146606591756,-0.031082933581281558,0.49729311094015494,-0.1314714909876303,-0.7185979240698804,0.13230732564025394,-0.2530303421035715,-0.31277534125475037,-0.03333401214646792,-0.04172835001636621,-0.3846130075389462,-0.3574307058815349,1.2940756650381506,0.07542918430694767,0.9046479562059759,-0.8208203027932078,-0.03687211083455477,-2.0660791623765205
34-0_05_21,-0.6803497639608798,-0.06660910081712446,-0.3074835003233932,-0.10828470766785636,-1.0264148614557027,-0.6260459863145502,0.5566872977067687,0.7850888723895224,-0.5072679924395024,-0.41190897538000426,-0.3257770570222662,-0.9338234974389045,0.6011159211505583,-0.10516060289726625,-0.013541725851545117,-0.02315048944812781,-0.00901788778387247,-1.5729339129944195,0.42238151333944557,-0.5050493223702013,-0.03872662092995116,-0.02664912120453866,-1.326644885489407,-0.2539270227776127,-0.010101085609753646,-0.018070995088560915,-0.250384097950736,-0.3044691960605598,-0.031082933581281558,-0.8433312464764884,-0.43136309941552203,-0.7185979240698804,-0.8103533112492558,-0.5469915815484784,-0.31277534125475037,-0.03333401214646792,-0.04172835001636621,-0.3846130075389462,-0.3574307058815349,-1.6509002433738975,-1.415932509527325,-0.1367447289522491,-0.8208203027932078,-0.03687211083455477,-2.0660791623765205
34-0_07_20,0.4613239302911084,-0.06660910081712446,-0.3074835003233932,-0.10828470766785636,-1.0264148614557027,-0.6260459863145502,0.008271924944805775,0.6746165742937786,0.22484835154400895,-0.41190897538000426,0.14892215794128405,-0.0023156091501470577,0.2412192662657558,-0.10516060289726625,-0.013541725851545117,-0.02315048944812781,-0.00901788778387247,0.6907021555936889,-1.2851886627584908,-0.29781610429013355,-0.03872662092995116,-0.02664912120453866,-1.326644885489407,-0.2403116606442155,-0.010101085609753646,-0.018070995088560915,-0.007346049264441573,-0.3044691960605598,-0.031082933581281558,0.49729311094015494,-0.067957877195411,-0.7185979240698804,-0.2424605836249672,0.1946254230488462,-0.31277534125475037,-0.03333401214646792,-0.04172835001636621,-0.3846130075389462,-0.3574307058815349,0.30814114894719613,-1.415932509527325,-0.1367447289522491,0.9273677242129925,-0.03687211083455477,-2.0660791623765205
34-0_09_20,0.9801543289737464,-0.06660910081712446,1.1838781935108795,-0.10828470766785636,-1.0264148614557027,-0.6260459863145502,0.5899828671001364,1.096366662542669,0.8213224847503575,1.4965760434986455,0.4030262013828787,0.8942656125849016,-0.04602244491259211,-0.10516060289726625,-0.013541725851545117,-0.02315048944812781,-0.00901788778387247,0.6338919630374303,1.6238321914526652,0.35539640948521006,-0.03872662092995116,-0.02664912120453866,0.5993543809667483,0.6282674752195643,-0.010101085609753646,-0.018070995088560915,-0.007346049264441573,-0.3044691960605598,-0.031082933581281558,0.7882969754941827,0.5688642203917632,1.0898381302182307,0.49522431216544605,0.440190042792831,0.7286173439034747,-0.03333401214646792,-0.04172835001636621,-0.3846130075389462,1.1339309879527377,0.6733822119237952,-1.415932509527325,1.2782286190185688,2.1314877068689175,-0.03687211083455477,1.0061707352369944
34-0_11_20,0.11470223696096529,-0.06660910081712446,-0.3074835003233932,-0.10828470766785636,-1.0264148614557027,-0.6260459863145502,-1.8429864237742695,0.6597079771548073,0.19617163435166995,-0.41190897538000426,0.2151083637363438,0.50382311744372,-1.250142427568517,-0.10516060289726625,-0.013541725851545117,-0.02315048944812781,-0.00901788778387247,0.0655553439602179,1.163517657146589,0.026797018113515203,-0.03872662092995116,-0.02664912120453866,0.5037298977041433,0.5969285457316225,-0.010101085609753646,-0.018070995088560915,0.7386205177478008,-0.3044691960605598,-0.031082933581281558,0.5319165757035677,0.505350606599544,-0.7185979240698804,0.3717909305544631,0.5859022219497829,-0.31277534125475037,-0.03333401214646792,-0.04172835001636621,-0.3846130075389462,-0.3574307058815349,0.056669932724038974,0.7630444377658445,-0.1367447289522491,0.7354821979740794,-0.03687211083455477,-2.0660791623765205
34-1_01_21,-0.6803497639608798,-0.06660910081712446,-0.3074835003233932,-0.10828470766785636,-1.0264148614557027,-0.6260459863145502,0.8981651750775157,0.5891863789691523,-0.4645160120185524,-0.41190897538000426,0.11310543436051401,-0.3194796109686333,-1.250142427568517,-0.10516060289726625,-0.013541725851545117,-0.02315048944812781,-0.00901788778387247,-0.36881393033849463,-1.2851886627584908,-0.5274901914184464,-0.03872662092995116,-0.02664912120453866,-0.17029768462948308,-0.5103074225682279,-0.010101085609753646,-0.018070995088560915,-0.8524440892786984,0.7369234890976653,-0.031082933581281558,-0.8433312464764884,-0.667073487876592,-0.7185979240698804,-0.8716229679881785,-0.9969500259323955,-0.31277534125475037,-0.03333401214646792,-0.04172835001636621,-0.3846130075389462,-0.3574307058815349,0.8556047890309747,-1.415932509527325,-0.1367447289522491,-0.8208203027932078,-0.03687211083455477,1.785240350272225
34-1_03_21,1.1248597191568,-0.06660910081712446,-0.3074835003233932,-0.10828470766785636,-1.0264148614557027,1.225212362404525,0.30623268888111044,0.645577066879103,0.7196428687851619,-0.41190897538000426,0.7127299708241865,0.3285108621518884,1.2211492834904216,-0.10516060289726625,-0.013541725851545117,-0.02315048944812781,-0.00901788778387247,0.5187330446012651,0.623296356120159,0.20135529117260303,-0.03872662092995116,-0.02664912120453866,0.7186780932972502,0.52575829660452,-0.010101085609753646,-0.018070995088560915,0.7273395073381118,-0.3044691960605598,-0.031082933581281558,0.8151137942325323,0.8101781660279271,0.723358913586531,0.5395374100825219,0.3436428565446938,0.7286173439034747,-0.03333401214646792,-0.04172835001636621,-0.3846130075389462,0.9647885888523844,1.3829254505794126,0.19685134719241043,-0.1367447289522491,-0.8208203027932078,-0.03687211083455477,0.2149542048712072
34-1_05_20,-0.6803497639608798,-0.06660910081712446,-0.3074835003233932,-0.10828470766785636,-1.0264148614557027,-0.6260459863145502,-1.8429864237742695,0.2716401426794075,-0.3956347226107395,-0.41190897538000426,-0.4937546781626656,-0.6018820367939073,-1.250142427568517,-0.10516060289726625,-0.013541725851545117,-0.02315048944812781,-0.00901788778387247,-1.5729339129944195,-1.2851886627584908,-0.6268748235543582,-0.03872662092995116,-0.02664912120453866,-1.326644885489407,-0.9924494786629412,-0.010101085609753646,-0.018070995088560915,-0.8524440892786984,-0.3044691960605598,-0.031082933581281558,-0.8433312464764884,-0.8039114477845998,-0.7185979240698804,-0.6868455297474045,-0.33078817538899924,-0.31277534125475037,-0.03333401214646792,-0.04172835001636621,-0.3846130075389462,-0.3574307058815349,-1.6509002433738975,-1.415932509527325,-0.1367447289522491,-0.8208203027932078,-0.03687211083455477,-2.0660791623765205
34-1_05_21,0.414071448643482,-0.06660910081712446,1.3053003563963421,-0.10828470766785636,-1.0264148614557027,1.081524189783386,0.8300344833546267,0.9549485663726118,0.34630435511845925,-0.41190897538000426,0.41644184189473443,0.7595574230630879,1.249544655049887,-0.10516060289726625,-0.013541725851545117,-0.02315048944812781,-0.00901788778387247,0.6663655661324731,1.0968283798163776,0.1727938668154036,-0.03872662092995116,-0.02664912120453866,0.3200855007580161,0.05577545776203652,-0.010101085609753646,-0.018070995088560915,0.3236471697769828,-0.3044691960605598,-0.031082933581281558,-0.8433312464764884,0.41178158881142557,0.723358913586531,0.4297359140844801,0.4681279236678756,-0.31277534125475037,-0.03333401214646792,-0.04172835001636621,1.32295716855899,1.1339309879527377,0.6522958140465914,0.7013387861284393,-0.1367447289522491,0.22057238236501725,-0.03687211083455477,-0.020756183589863086
34-1_06_21,0.6217130371408693,-0.06660910081712446,-0.3074835003233932,-0.10828470766785636,-1.0264148614557027,-0.6260459863145502,1.7720161907503187,0.5771260557185385,0.5081784860003,-0.41190897538000426,0.7083180405101068,0.6124763851802608,-0.04602244491259211,-0.10516060289726625,-0.013541725851545117,-0.02315048944812781,-0.00901788778387247,0.6338919630374303,-1.2851886627584908,-0.7085448700056778,1.7466032140808159,-0.02664912120453866,0.5635897808169493,-1.1787599029003084,-0.010101085609753646,-0.018070995088560915,-0.07429283889505478,-0.3044691960605598,-0.031082933581281558,-0.8433312464764884,-0.07791919650251795,-0.7185979240698804,0.3545471554108205,0.542546119720468,-0.31277534125475037,-0.03333401214646792,-0.04172835001636621,-0.3846130075389462,0.9647885888523844,0.8556047890309747,0.6668528607891251,-0.1367447289522491,1.4714357685632682,-0.03687211083455477,-0.7438598676426011
34-1_07_20,0.9117740984246419,-0.06660910081712446,-0.3074835003233932,-0.10828470766785636,-1.0264148614557027,0.6961733084193691,1.002731594192389,0.8244450433699493,0.47671582188398376,1.295661200717932,0.6937836038799532,0.6053349008579849,-1.250142427568517,-0.10516060289726625,-0.013541725851545117,-0.02315048944812781,-0.00901788778387247,0.8045544703817132,-1.2851886627584908,0.0662656371209367,-0.03872662092995116,-0.02664912120453866,0.4084214641948881,0.12459046060881851,-0.010101085609753646,-0.018070995088560915,0.6660698505991891,0.899650786595365,-0.031082933581281558,0.2942530156584561,0.35985343095026523,-0.7185979240698804,0.2754440831518872,0.7947623343313048,0.6166435844595424,-0.03333401214646792,-0.04172835001636621,-0.3846130075389462,-0.3574307058815349,0.39442273541275996,0.4925525093513247,-0.1367447289522491,1.2619650675232421,-0.03687211083455477,-0.7438598676426011
34-1_09_21,0.5427380577710251,-0.06660910081712446,-0.3074835003233932,1.213934587066063,-1.0264148614557027,-0.6260459863145502,0.11605496854682407,0.032675676206758375,0.8554354212595445,-0.41190897538000426,0.234636313443783,0.9585448490248389,-0.04602244491259211,-0.10516060289726625,-0.013541725851545117,-0.02315048944812781,-0.00901788778387247,1.9921461311859758,-1.2851886627584908,0.7901616849802331,-0.03872662092995116,-0.02664912120453866,0.3515698972559922,0.586402868899448,-0.010101085609753646,2.131148117566819,-0.8524440892786984,-0.3044691960605598,-0.031082933581281558,1.2328787600553708,0.538267452799994,0.8573592646938768,0.27072857013780316,0.11085039221348296,0.8175584272402557,-0.03333401214646792,-0.04172835001636621,-0.3846130075389462,-0.3574307058815349,-1.6509002433738975,0.9083499457703677,-0.1367447289522491,1.1614509302463607,-0.03687211083455477,0.2783131113085904
34-1_11_20,-0.6803497639608798,-0.06660910081712446,-0.3074835003233932,-0.10828470766785636,-1.0264148614557027,-0.6260459863145502,-1.8429864237742695,-0.8940739449648292,-1.2293033008442145,-0.41190897538000426,-1.2467319054508708,-1.5150333497937467,-1.250142427568517,-0.10516060289726625,-0.013541725851545117,-0.02315048944812781,-0.00901788778387247,-1.5729339129944195,-1.2851886627584908,-0.9320607789894972,-0.03872662092995116,-0.02664912120453866,-0.17029768462948308,-0.6346918585500329,-0.010101085609753646,-0.018070995088560915,-0.8524440892786984,-0.3044691960605598,-0.031082933581281558,-0.03346558291563814,-0.5631773540078697,-0.7185979240698804,-0.5907963584124842,-0.33078817538899924,-0.31277534125475037,-0.03333401214646792,-0.04172835001636621,-0.3846130075389462,-0.3574307058815349,-1.6509002433738975,-0.09371321479340572,-0.1367447289522491,-0.8208203027932078,-0.03687211083455477,-2.0660791623765205
35-0_03_21,-0.6803497639608798,-0.06660910081712446,-0.3074835003233932,-0.10828470766785636,-1.0264148614557027,0.8653157075197224,0.5899828671001364,0.16346537614395285,0.16227330487196623,-0.41190897538000426,0.5770130402847384,0.6155014344335699,0.6011159211505583,-0.10516060289726625,-0.013541725851545117,-0.02315048944812781,-0.00901788778387247,0.5443373826613448,2.020377650756813,-0.25361244179808007,-0.03872662092995116,-0.02664912120453866,-1.326644885489407,-0.039893551855551906,-0.010101085609753646,-0.018070995088560915,-0.007346049264441573,-0.3044691960605598,-0.031082933581281558,-0.8433312464764884,-0.6296110963467995,0.5285566908112462,-0.4456542357158973,0.04441820959410684,-0.31277534125475037,-0.03333401214646792,-0.04172835001636621,-0.3846130075389462,-0.3574307058815349,1.0902513554778879,-0.09371321479340572,-0.1367447289522491,-0.8208203027932078,-0.03687211083455477,-0.10703777005542692
35-0_05_20,-0.6803497639608798,-0.06660910081712446,-0.3074835003233932,-0.10828470766785636,-1.0264148614557027,-0.6260459863145502,-1.8429864237742695,-1.384983484170125,-2.2706959860024396,-0.41190897538000426,-1.9747242802900535,-1.5150333497937467,-1.250142427568517,-0.10516060289726625,-0.013541725851545117,-0.02315048944812781,-0.00901788778387247,-1.5729339129944195,-1.2851886627584908,-0.8155552099180601,-0.03872662092995116,-0.02664912120453866,-1.326644885489407,-1.1787599029003084,-0.010101085609753646,-0.018070995088560915,-0.007346049264441573,-0.3044691960605598,-0.031082933581281558,-0.8433312464764884,-1.0996126099435142,-0.7185979240698804,-1.3689476087961279,-0.9969500259323955,-0.31277534125475037,-0.03333401214646792,-0.04172835001636621,-0.3846130075389462,-0.3574307058815349,-1.6509002433738975,-1.415932509527325,-0.1367447289522491,-0.8208203027932078,-0.03687211083455477,-2.0660791623765205
35-0_06_21,0.6005753139253833,-0.06660910081712446,1.6515578919977003,-0.10828470766785636,-1.0264148614557027,1.081524189783386,0.7708553981017998,0.5527608303282991,0.4114490903713921,-0.41190897538000426,0.207403438827368,0.6124763851802608,1.084311323582414,-0.10516060289726625,-0.013541725851545117,-0.02315048944812781,-0.00901788778387247,0.39787769787809835,1.7322620667520454,0.11160372206533414,1.283492673803968,-0.02664912120453866,0.16471680834486552,0.38923216898694374,-0.010101085609753646,-0.018070995088560915,0.6660698505991891,-0.3044691960605598,-0.031082933581281558,-0.8433312464764884,0.19662438754790645,0.6676036813309131,0.37553164689294816,0.21930730803537815,0.9543963871482635,-0.03333401214646792,-0.04172835001636621,1.1067486862953264,-0.3574307058815349,0.30814114894719613,0.4353258391917502,-0.1367447289522491,1.46021306445452,-0.03687211083455477,-0.1575941434978707
35-0_07_20,0.49019133033203854,-0.06660910081712446,-0.3074835003233932,-0.10828470766785636,-1.0264148614557027,-0.6260459863145502,0.27428487188149475,0.6558994656221846,0.6106886707681332,-0.41190897538000426,0.3990059024041124,0.4469806378554375,0.49804559943768345,-0.10516060289726625,-0.013541725851545117,-0.02315048944812781,-0.00901788778387247,1.1779600073877061,0.623296356120159,0.018453857930584516,-0.03872662092995116,-0.02664912120453866,-0.004425590755487874,0.09671598829128464,-0.010101085609753646,-0.018070995088560915,0.1889485958795267,1.2518333047067274,-0.031082933581281558,0.3963094356130142,0.02080079844331989,0.32279476108834465,0.12573693584561313,0.5647649950019925,-0.31277534125475037,-0.03333401214646792,-0.04172835001636621,-0.3846130075389462,-0.3574307058815349,-0.1595385495396247,0.29163766657061135,-0.1367447289522491,0.6705413910410649,-0.03687211083455477,0.11289778491664904
35-0_09_20,0.2042568173370507,-0.06660910081712446,-0.3074835003233932,-0.10828470766785636,-1.0264148614557027,-0.6260459863145502,0.2023365550123879,0.40263693886104557,0.5501620034372603,-0.41190897538000426,0.6419848737799814,0.6094301172645304,0.7321288054710515,-0.10516060289726625,-0.013541725851545117,-0.02315048944812781,-0.00901788778387247,0.9335711194104527,-1.2851886627584908,0.6304608421127211,1.4526350729043216,-0.02664912120453866,-1.326644885489407,0.03257044706648937,-0.010101085609753646,-0.018070995088560915,0.14755591072130161,-0.3044691960605598,-0.031082933581281558,0.1195974421479292,0.036566394592911874,0.43774927679004366,0.119065614465037,-0.12987804965113015,0.6166435844595424,-0.03333401214646792,-0.04172835001636621,-0.3846130075389462,1.3501394702164013,0.9733818524617709,-1.415932509527325,-0.1367447289522491,-0.8208203027932078,-0.03687211083455477,0.08313995027885945
35-0_09_21,0.4759974368990444,-0.06660910081712446,2.316798595512275,-0.10828470766785636,-1.0264148614557027,1.1592838486962167,0.4146921510949151,0.5511409310913877,0.2746111304633845,-0.41190897538000426,0.3053556671144735,0.43951064836431786,0.5694015079733518,-0.10516060289726625,-0.013541725851545117,-0.02315048944812781,-0.00901788778387247,1.360806386502516,1.3689878791194698,-0.12172484523445226,-0.03872662092995116,-0.02664912120453866,-1.326644885489407,-0.026034862168839823,-0.010101085609753646,-0.018070995088560915,0.5092837467388945,-0.3044691960605598,-0.031082933581281558,-0.17715375553677706,-0.10925209404306727,0.8573592646938768,-8.541140707862827e-05,-0.2530303421035715,-0.31277534125475037,-0.03333401214646792,-0.04172835001636621,0.9376062871949731,-0.3574307058815349,0.35342113040874523,-0.09371321479340572,-0.1367447289522491,0.6705413910410649,-0.03687211083455477,-0.7438598676426011
35-0_11_20,0.2042568173370507,-0.06660910081712446,1.3053003563963421,-0.10828470766785636,-1.0264148614557027,1.081524189783386,0.7812956720613988,0.4623104875743027,0.44363377374279356,-0.41190897538000426,0.5413089769693864,0.41629736689584207,0.6843560236750508,-0.10516060289726625,-0.013541725851545117,-0.02315048944812781,-0.00901788778387247,0.03984994372531603,1.1787043262274166,-0.4253476514767131,-0.03872662092995116,-0.02664912120453866,-0.07949027060828054,-0.21429822827929756,-0.010101085609753646,-0.018070995088560915,-0.15347408494267958,0.899650786595365,-0.031082933581281558,-0.8433312464764884,-0.02131497454028103,-0.7185979240698804,-0.11024192785442782,-0.07932286316220488,-0.31277534125475037,-0.03333401214646792,-0.04172835001636621,1.6197083662436964,-0.3574307058815349,0.9835770267868341,-0.09371321479340572,-0.1367447289522491,-0.8208203027932078,-0.03687211083455477,-0.453295305656785
35-1_01_21,-0.6803497639608798,-0.06660910081712446,2.0369087733617177,-0.10828470766785636,-1.0264148614557027,1.4192769924721071,1.0766146000098415,0.860529183644025,0.07172669481976657,-0.41190897538000426,0.4520764312829215,0.45577826107877084,0.16483092040230107,-0.10516060289726625,-0.013541725851545117,-0.02315048944812781,-0.00901788778387247,0.5187330446012651,1.4637741984976707,-0.18716627986774845,-0.03872662092995116,-0.02664912120453866,0.16471680834486552,0.05802919650898447,-0.010101085609753646,-0.018070995088560915,0.05064589771324517,-0.3044691960605598,-0.031082933581281558,-0.03346558291563814,0.14553879805617947,0.6676036813309131,0.042030361576522346,-0.03404394477598465,0.6166435844595424,-0.03333401214646792,-0.04172835001636621,2.079279981446961,0.9647885888523844,1.0489374824933484,0.29163766657061135,-0.1367447289522491,-0.8208203027932078,-0.03687211083455477,-0.5747174685422478
35-1_03_21,0.3006269987256899,-0.06660910081712446,-0.3074835003233932,-0.10828470766785636,-1.0264148614557027,1.1592838486962167,0.6897679552182283,0.6878472826218003,0.426533356757278,-0.41190897538000426,0.41727248018286933,0.4499330250373512,0.4126154041130572,-0.10516060289726625,-0.013541725851545117,-0.02315048944812781,-0.00901788778387247,-0.6435149872801267,0.2061730310757819,0.37765126127704435,-0.03872662092995116,-0.02664912120453866,0.9063512249027467,0.5466849969673322,-0.010101085609753646,-0.018070995088560915,-0.8524440892786984,-0.3044691960605598,-0.031082933581281558,0.5639823882703665,0.8798913492888811,0.894185932649855,0.8524045204323183,0.6157959661356028,-0.31277534125475037,1.2888852825874513,-0.04172835001636621,-0.3846130075389462,-0.3574307058815349,0.20035810534517784,1.3482436228630057,-0.1367447289522491,-0.8208203027932078,-0.03687211083455477,0.7541222971091197
35-1_05_20,0.00175231508784357,-0.06660910081712446,-0.3074835003233932,-0.10828470766785636,-1.0264148614557027,1.225212362404525,0.3638394522575803,1.2831016953830718,0.6499490154043479,1.439349373339071,0.3717208651804007,0.5216454386676597,-0.04602244491259211,-0.10516060289726625,-0.013541725851545117,-0.02315048944812781,-0.00901788778387247,0.5274366321231435,-1.2851886627584908,0.2854231652244091,-0.03872662092995116,-0.02664912120453866,-0.2852522003311821,-0.18579633105472385,-0.010101085609753646,-0.018070995088560915,-0.8524440892786984,1.1105041519102583,-0.031082933581281558,0.0743174606863802,-0.1314714909876303,-0.7185979240698804,0.1607026971997192,-0.2530303421035715,-0.31277534125475037,-0.03333401214646792,-0.04172835001636621,-0.3846130075389462,-0.3574307058815349,0.5280767039192721,-1.415932509527325,-0.1367447289522491,-0.8208203027932078,-0.03687211083455477,-2.0660791623765205
35-1_05_21,-0.6803497639608798,-0.06660910081712446,-0.3074835003233932,0.6148189763848818,-1.0264148614557027,-0.6260459863145502,-1.8429864237742695,-0.11216904561406693,-1.1567526336956029,-0.41190897538000426,-0.6313724061175159,-0.8383397401688801,-1.250142427568517,-0.10516060289726625,-0.013541725851545117,-0.02315048944812781,-0.00901788778387247,-0.7947826626107758,-1.2851886627584908,-0.94049394652636,-0.03872662092995116,-0.02664912120453866,-0.17029768462948308,-0.8624899406795905,-0.010101085609753646,-0.018070995088560915,-0.8524440892786984,-0.3044691960605598,-0.031082933581281558,-0.8433312464764884,-0.667073487876592,-0.7185979240698804,-1.1998052096957745,-0.9969500259323955,-0.31277534125475037,-0.03333401214646792,-0.04172835001636621,-0.3846130075389462,-0.3574307058815349,-0.1595385495396247,-1.415932509527325,-0.1367447289522491,-0.8208203027932078,-0.03687211083455477,0.08313995027885945
35-1_06_21,0.11470223696096529,-0.06660910081712446,-0.3074835003233932,-0.10828470766785636,-1.0264148614557027,-0.6260459863145502,1.3096076541532005,0.9237530021703781,0.15090794086739145,-0.41190897538000426,0.6127163306160381,0.8791993774196125,0.6011159211505583,-0.10516060289726625,-0.013541725851545117,-0.02315048944812781,-0.00901788778387247,-1.5729339129944195,-1.2851886627584908,0.16551686594389564,-0.03872662092995116,-0.02664912120453866,0.5635897808169493,-0.01792707569535279,-0.010101085609753646,-0.018070995088560915,-0.8524440892786984,-0.3044691960605598,-0.031082933581281558,0.3963094356130142,0.19662438754790645,-0.7185979240698804,0.4938082871682139,0.21930730803537815,0.7286173439034747,-0.03333401214646792,-0.04172835001636621,-0.3846130075389462,1.5510543129971148,0.9629415785021719,0.7908933665045248,-0.1367447289522491,0.38329967986271696,-0.03687211083455477,0.46667521661597733
35-1_07_20,-0.15131070997572366,-0.06660910081712446,-0.3074835003233932,-0.10828470766785636,-1.0264148614557027,1.081524189783386,1.1786162922539727,1.0571927239673071,0.29867792361260626,1.5924123984026384,0.762489184196663,0.5655029503388442,-1.250142427568517,-0.10516060289726625,-0.013541725851545117,-0.02315048944812781,-0.00901788778387247,0.560604995375798,-1.2851886627584908,-0.26424875664386505,-0.03872662092995116,-0.02664912120453866,0.16471680834486552,0.008055221547145913,-0.010101085609753646,-0.018070995088560915,0.14755591072130161,-0.3044691960605598,-0.031082933581281558,0.26449518102066655,-0.02131497454028103,-0.7185979240698804,0.029818840623691945,-0.12987804965113015,-0.31277534125475037,-0.03333401214646792,-0.04172835001636621,-0.3846130075389462,-0.3574307058815349,1.0401812487490711,-1.415932509527325,-0.1367447289522491,0.8419375288883663,-0.03687211083455477,1.8504274247386352
35-1_09_20,0.5172589350809198,-0.06660910081712446,-0.3074835003233932,-0.10828470766785636,-1.0264148614557027,1.4192769924721071,1.3333942684690008,0.9379690222030619,0.6140993779465413,1.3734208596307629,0.377821892422338,0.9408578888396593,0.4574277485294195,-0.10516060289726625,-0.013541725851545117,-0.02315048944812781,-0.00901788778387247,0.08982391868715467,-1.2851886627584908,1.0287209077949093,-0.03872662092995116,-0.02664912120453866,0.8225742271659727,0.5574942777358982,-0.010101085609753646,-0.018070995088560915,0.44858590638528284,-0.3044691960605598,-0.031082933581281558,0.37295464323447114,0.6960131118051801,1.285723449712762,0.7498995031092159,0.07890332527901667,0.6166435844595424,-0.03333401214646792,-0.04172835001636621,-0.3846130075389462,1.2553531508382005,0.5820958670182564,1.1649924661482944,-0.1367447289522491,-0.8208203027932078,-0.03687211083455477,2.1804440375900533
35-1_09_21,0.042753920091858466,-0.06660910081712446,-0.3074835003233932,0.7187151102536042,-1.0264148614557027,0.8653157075197224,1.312653209985507,0.5103321059564401,0.01486132300533427,-0.41190897538000426,0.2449041287367355,0.34754521797332383,-1.250142427568517,-0.10516060289726625,-0.013541725851545117,-0.02315048944812781,-0.00901788778387247,0.6847446618747651,-1.2851886627584908,-0.216700358465309,-0.03872662092995116,-0.02664912120453866,-1.326644885489407,-0.6574349856885925,-0.010101085609753646,-0.018070995088560915,0.5277671524329076,-0.3044691960605598,-0.031082933581281558,-0.8433312464764884,-0.3303794240883812,-0.7185979240698804,-0.2581976126556414,0.2426615520942712,-0.31277534125475037,-0.03333401214646792,-0.04172835001636621,-0.3846130075389462,-0.3574307058815349,0.4663710522818668,-0.09371321479340572,-0.1367447289522491,1.1614509302463607,-0.03687211083455477,-0.2807493273657534
35-1_11_20,-0.6803497639608798,-0.06660910081712446,-0.3074835003233932,-0.10828470766785636,-1.0264148614557027,-0.6260459863145502,-1.8429864237742695,-1.4613718300335796,-2.2706959860024396,-0.41190897538000426,-1.8560839260567428,-2.7191533324496717,-1.250142427568517,-0.10516060289726625,-0.013541725851545117,-0.02315048944812781,-0.00901788778387247,-1.5729339129944195,-1.2851886627584908,-1.4176152012460224,-0.03872662092995116,-0.02664912120453866,-1.326644885489407,-1.1787599029003084,-0.010101085609753646,-0.018070995088560915,-0.8524440892786984,-0.3044691960605598,-0.031082933581281558,-0.8433312464764884,-1.0996126099435142,-0.7185979240698804,-1.3689476087961279,-0.9969500259323955,-0.31277534125475037,-0.03333401214646792,-0.04172835001636621,-0.3846130075389462,-0.3574307058815349,-1.6509002433738975,-1.415932509527325,-0.1367447289522491,-0.8208203027932078,-0.03687211083455477,-2.0660791623765205
35-2_01_21,0.6611318666948491,-0.06660910081712446,1.3053003563963421,-0.10828470766785636,-1.0264148614557027,1.2824390325640995,0.7379385519013499,0.35817210550828893,0.11847009836209277,-0.41190897538000426,0.41048881410740967,0.50382311744372,0.7541789462141257,-0.10516060289726625,-0.013541725851545117,-0.02315048944812781,-0.00901788778387247,1.189369450293349,1.3689878791194698,0.5654536343720085,-0.03872662092995116,-0.02664912120453866,0.767942691599618,0.4948204713004151,-0.010101085609753646,-0.018070995088560915,0.7157576347882966,-0.3044691960605598,-0.031082933581281558,0.3963094356130142,0.8330343628021016,1.1898870948087694,0.5408121233014571,0.6253201260355131,0.8175584272402557,-0.03333401214646792,-0.04172835001636621,-0.3846130075389462,1.4938276428375403,1.0575206567608153,1.3252190893244602,-0.1367447289522491,-0.8208203027932078,-0.03687211083455477,-0.5747174685422478
35-2_03_21,0.3006269987256899,-0.06660910081712446,-0.3074835003233932,-0.10828470766785636,-1.0264148614557027,1.081524189783386,1.5074554327607916,0.8864083869289763,0.008057614950389258,-0.41190897538000426,0.5754143927926483,0.3304522801453016,0.8326429427479332,-0.10516060289726625,-0.013541725851545117,-0.02315048944812781,-0.00901788778387247,-1.5729339129944195,1.2723185391471672,0.3440473651626533,-0.03872662092995116,-0.02664912120453866,0.744008565178753,0.454347693097317,-0.010101085609753646,-0.018070995088560915,0.8287971480968888,-0.3044691960605598,-0.031082933581281558,0.6080364573921241,0.8416078543486534,1.1716367422364762,0.6434878633531942,0.4814505722446114,0.8175584272402557,-0.03333401214646792,-0.04172835001636621,-0.3846130075389462,1.3501394702164013,0.952244129246285,0.7013387861284393,-0.1367447289522491,-0.8208203027932078,-0.03687211083455477,1.2373329082202216
35-2_05_20,-0.6803497639608798,-0.06660910081712446,-0.3074835003233932,-0.10828470766785636,-1.0264148614557027,-0.6260459863145502,-1.8429864237742695,0.41279765792793555,-0.5303332965081957,-0.41190897538000426,-0.45980814863497765,-0.4990452444096163,-1.250142427568517,-0.10516060289726625,-0.013541725851545117,-0.02315048944812781,-0.00901788778387247,0.4624958251901289,-1.2851886627584908,-0.5274901914184464,-0.03872662092995116,-0.02664912120453866,-1.326644885489407,-0.9679065375854152,-0.010101085609753646,-0.018070995088560915,-0.8524440892786984,-0.3044691960605598,-0.031082933581281558,-0.8433312464764884,-0.667073487876592,-0.7185979240698804,-0.8103533112492558,-0.9969500259323955,-0.31277534125475037,-0.03333401214646792,-0.04172835001636621,-0.3846130075389462,-0.3574307058815349,-1.6509002433738975,-1.415932509527325,-0.1367447289522491,-0.8208203027932078,-0.03687211083455477,-2.0660791623765205
35-2_07_20,0.5896076987010679,-0.06660910081712446,1.0147357944105262,-0.10828470766785636,-1.0264148614557027,1.1592838486962167,0.7263874858407764,0.9993525839758104,0.2317311339819932,0.910310319353915,0.7520797104586598,0.579917927577738,-1.250142427568517,-0.10516060289726625,-0.013541725851545117,-0.02315048944812781,-0.00901788778387247,1.0355921205827747,0.8320826328972735,0.055227255494365024,-0.03872662092995116,-0.02664912120453866,-0.2852522003311821,-0.3816408134406848,-0.010101085609753646,-0.018070995088560915,0.2614992630281384,-0.3044691960605598,-0.031082933581281558,0.3963094356130142,-0.5055705906313999,-0.7185979240698804,-0.05168041426146108,-0.33078817538899924,-0.31277534125475037,-0.03333401214646792,-0.04172835001636621,-0.3846130075389462,-0.3574307058815349,1.224739693630271,-1.415932509527325,-0.1367447289522491,-0.8208203027932078,-0.03687211083455477,1.6079548380547344
35-2_09_20,0.042753920091858466,-0.06660910081712446,-0.3074835003233932,-0.10828470766785636,-1.0264148614557027,1.081524189783386,0.2023365550123879,0.407182186857296,0.6083998934976331,1.3734208596307629,0.6347807322912502,0.544719344415552,-1.250142427568517,-0.10516060289726625,-0.013541725851545117,-0.02315048944812781,-0.00901788778387247,0.5987925406588118,-1.2851886627584908,-0.07057232278707098,-0.03872662092995116,-0.02664912120453866,0.1153119521670043,0.32856578291302446,-0.010101085609753646,-0.018070995088560915,0.42630951167413056,-0.3044691960605598,-0.031082933581281558,0.5938425639591299,0.059191014218005836,0.6676036813309131,0.06925557989316489,0.11085039221348296,-0.31277534125475037,-0.03333401214646792,-0.04172835001636621,-0.3846130075389462,1.5510543129971148,0.4983188692814825,0.4925525093513247,-0.1367447289522491,-0.8208203027932078,-0.03687211083455477,0.05119213327924377
35-2_11_20,-0.29499888259686263,-0.06660910081712446,1.6515578919977003,-0.10828470766785636,-1.0264148614557027,0.6961733084193691,-1.8429864237742695,0.07108854388265318,-0.10932798376746478,-0.41190897538000426,0.2435306906928516,0.08087602679446282,-0.04602244491259211,-0.10516060289726625,-0.013541725851545117,-0.02315048944812781,-0.00901788778387247,0.30787967928637194,1.2075717262683467,-0.3535978964627034,-0.03872662092995116,-0.02664912120453866,-1.326644885489407,-0.2825093404386704,-0.010101085609753646,-0.018070995088560915,0.3516758933772264,-0.3044691960605598,-0.031082933581281558,0.3482721787574405,-0.2636901467581697,-0.7185979240698804,-0.17794930346210813,-0.33078817538899924,-0.31277534125475037,-0.03333401214646792,-0.04172835001636621,1.1067486862953264,-0.3574307058815349,0.5280767039192721,-1.415932509527325,-0.1367447289522491,-0.8208203027932078,-0.03687211083455477,-0.7438598676426011
36-0_01_21,-0.043527666373705365,-0.06660910081712446,-0.3074835003233932,-0.10828470766785636,-1.0264148614557027,0.8653157075197224,0.7708553981017998,0.7459724828294467,0.16227330487196623,-0.41190897538000426,0.30797255175482907,0.5563883559516383,0.4574277485294195,-0.10516060289726625,-0.013541725851545117,-0.02315048944812781,-0.00901788778387247,0.11280782560784419,1.5787287141993698,-0.11024502755102222,-0.03872662092995116,-0.02664912120453866,0.1153119521670043,0.21793748838063343,-0.010101085609753646,-0.018070995088560915,-0.250384097950736,-0.3044691960605598,-0.031082933581281558,-0.8433312464764884,-0.003975566528536839,0.7727637697643923,0.10540742968038258,-0.07932286316220488,0.9543963871482635,-0.03333401214646792,-0.04172835001636621,-0.3846130075389462,-0.3574307058815349,0.43188512694255266,-1.415932509527325,-0.1367447289522491,1.5427916770989367,-0.03687211083455477,-2.0660791623765205
36-0_03_21,0.5172589350809198,-0.06660910081712446,-0.3074835003233932,-0.10828470766785636,-1.0264148614557027,-0.6260459863145502,1.1068912802626052,0.6678469327606349,0.24252161406549932,-0.41190897538000426,0.34977364695862634,0.5688722029386912,0.899076685086863,-0.10516060289726625,-0.013541725851545117,-0.02315048944812781,-0.00901788778387247,-0.4426001444994133,1.5008525474840635,0.056086394215502766,-0.03872662092995116,-0.02664912120453866,0.45868494952135985,0.3369247469587147,-0.010101085609753646,-0.018070995088560915,0.42630951167413056,-0.3044691960605598,-0.031082933581281558,0.3963094356130142,0.4697327473897489,0.7727637697643923,0.26596129414676595,0.04441820959410684,-0.31277534125475037,-0.03333401214646792,-0.04172835001636621,1.5238720113397035,1.2553531508382005,0.7487734781071408,0.19685134719241043,-0.1367447289522491,2.106550060245816,-0.03687211083455477,-2.0660791623765205
36-0_05_20,0.00175231508784357,-0.06660910081712446,-0.3074835003233932,-0.10828470766785636,-1.0264148614557027,-0.6260459863145502,0.5736540835640116,0.7252803015495473,0.05563987492631184,-0.41190897538000426,0.3193262314802421,0.3967898444893836,-0.20874974241029182,-0.10516060289726625,-0.013541725851545117,-0.02315048944812781,-0.00901788778387247,-1.5729339129944195,-1.2851886627584908,0.3493222617730169,-0.03872662092995116,-0.02664912120453866,0.2861389712303283,0.015556176261571852,-0.010101085609753646,-0.018070995088560915,-0.8524440892786984,-0.3044691960605598,-0.031082933581281558,-0.8433312464764884,0.05177966572708122,0.6036213706640389,0.06925557989316489,-0.9969500259323955,-0.31277534125475037,1.2888852825874513,-0.04172835001636621,-0.3846130075389462,-0.3574307058815349,0.056669932724038974,0.369397325483442,-0.1367447289522491,-0.8208203027932078,-0.03687211083455477,1.9784997925000924
36-0_05_21,0.39710466278623924,-0.06660910081712446,-0.3074835003233932,-0.10828470766785636,-1.0264148614557027,0.6961733084193691,0.6209065652116379,0.568635934083547,0.2543488210344056,-0.41190897538000426,0.41217136731378345,0.35309656516384336,0.49804559943768345,-0.10516060289726625,-0.013541725851545117,-0.02315048944812781,-0.00901788778387247,-0.3057621845914056,1.5904512742456776,-0.2483904011432582,-0.03872662092995116,-0.02664912120453866,0.5993543809667483,0.12651467501894642,-0.010101085609753646,-0.018070995088560915,-0.8524440892786984,-0.3044691960605598,-0.031082933581281558,0.4596683420503973,-0.030251390289417743,0.894185932649855,0.13230732564025394,-0.03404394477598465,-0.31277534125475037,-0.03333401214646792,-0.04172835001636621,-0.3846130075389462,-0.3574307058815349,0.5559256326579524,0.19685134719241043,-0.1367447289522491,1.6504714082657306,-0.03687211083455477,-0.5747174685422478
36-0_06_21,-0.6803497639608798,-0.06660910081712446,-0.3074835003233932,-0.10828470766785636,-1.0264148614557027,0.8653157075197224,0.8821080973071995,0.24619834606435687,-0.5303332965081957,-0.41190897538000426,0.182800522252754,-0.1325660277779166,0.0720768671654024,-0.10516060289726625,-0.013541725851545117,-0.02315048944812781,-0.00901788778387247,-1.5729339129944195,0.623296356120159,-0.7237848365624147,-0.03872662092995116,-0.02664912120453866,0.059556719911386335,-0.4483814343126655,-0.010101085609753646,-0.018070995088560915,-0.8524440892786984,-0.3044691960605598,-0.031082933581281558,-0.8433312464764884,-0.6296110963467995,-0.7185979240698804,-0.27452639619176616,-0.9969500259323955,-0.31277534125475037,-0.03333401214646792,-0.04172835001636621,-0.3846130075389462,-0.3574307058815349,0.6522958140465914,-1.415932509527325,-0.1367447289522491,-0.8208203027932078,-0.03687211083455477,-2.0660791623765205
36-0_07_20,-0.6803497639608798,-0.06660910081712446,-0.3074835003233932,-0.10828470766785636,0.8248434872633725,-0.6260459863145502,-1.8429864237742695,-0.7271260653490177,-0.6909123893856294,-0.41190897538000426,-0.3947612107805851,-0.760111940128578,-1.250142427568517,-0.10516060289726625,-0.013541725851545117,-0.02315048944812781,-0.00901788778387247,-1.5729339129944195,0.32759519396124465,-0.30171114817365774,-0.03872662092995116,-0.02664912120453866,0.20907108449610257,-0.1590503138884182,-0.010101085609753646,-0.018070995088560915,0.2267371567689265,-0.3044691960605598,-0.031082933581281558,-0.8433312464764884,-0.31272274518221144,-0.7185979240698804,-0.48434102749819746,-0.42557226939089954,-0.31277534125475037,-0.03333401214646792,-0.04172835001636621,1.2281708491807892,-0.3574307058815349,-0.1595385495396247,-1.415932509527325,-0.1367447289522491,0.38329967986271696,-0.03687211083455477,-0.1575941434978707
36-0_09_20,0.39710466278623924,-0.06660910081712446,-0.3074835003233932,-0.10828470766785636,1.3179774122294081,-0.6260459863145502,0.2397989465421806,-0.021432155696542,-0.017842955022546292,1.0794527184542684,-0.16160108575525767,0.40665312568985557,0.7321288054710515,-0.10516060289726625,-0.013541725851545117,-0.02315048944812781,-0.00901788778387247,-0.01663141222713216,0.5660696859605845,0.33511094941351655,-0.03872662092995116,-0.02664912120453866,0.5993543809667483,0.6197180951636754,-0.010101085609753646,-0.018070995088560915,0.14755591072130161,-0.3044691960605598,-0.031082933581281558,0.7694526102432471,0.5822901576161936,0.9596168586755189,0.5265801697327465,0.26482372193534554,-0.31277534125475037,1.5794498445732676,-0.04172835001636621,1.1067486862953264,-0.3574307058815349,0.4663710522818668,0.9284597641577859,-0.1367447289522491,0.8867498733047285,-0.03687211083455477,-2.0660791623765205
36-0_09_21,-0.6803497639608798,-0.06660910081712446,2.3746615760504386,0.8726920550187132,-1.0264148614557027,-0.6260459863145502,0.11605496854682407,-0.9678601591257479,-0.49254473561879597,-0.41190897538000426,0.30499759436134966,-0.6546953432227531,-1.250142427568517,-0.10516060289726625,-0.013541725851545117,-0.02315048944812781,1.3132014069500468,1.0192428444014472,0.8320826328972735,-0.7615733974518144,-0.03872662092995116,1.464712572629734,-1.326644885489407,-0.478241610001429,-0.010101085609753646,-0.018070995088560915,-0.8524440892786984,-0.3044691960605598,-0.031082933581281558,-0.8433312464764884,-0.5055705906313999,-0.7185979240698804,-0.1914798209116433,-0.42557226939089954,-0.31277534125475037,-0.03333401214646792,-0.04172835001636621,-0.3846130075389462,-0.3574307058815349,0.8556047890309747,-1.415932509527325,-0.1367447289522491,-0.8208203027932078,-0.03687211083455477,-2.0660791623765205
36-1_01_21,0.3006269987256899,-0.06660910081712446,1.6968378734592493,0.6148189763848818,-1.0264148614557027,0.6961733084193691,0.6209065652116379,0.521768513726105,0.08913949633744833,-0.41190897538000426,0.16865025185967975,0.35493135657857233,1.1495312939125213,-0.10516060289726625,-0.013541725851545117,-0.02315048944812781,1.4823438060504002,0.568515860406048,1.7322620667520454,-0.182681271175878,-0.03872662092995116,-0.02664912120453866,-0.17029768462948308,-0.0970012339648729,-0.010101085609753646,-0.018070995088560915,-0.15347408494267958,-0.3044691960605598,1.1252642672786426,0.0743174606863802,-0.03937555953435335,0.32279476108834465,-0.056689633369315595,0.26482372193534554,-0.31277534125475037,1.2888852825874513,-0.04172835001636621,1.466645341180129,-0.3574307058815349,0.35342113040874523,0.07542918430694767,-0.1367447289522491,1.4930469175759455,-0.03687211083455477,-2.0660791623765205
36-1_03_21,0.9473086453420758,-0.06660910081712446,-0.3074835003233932,0.6148189763848818,-1.0264148614557027,0.9867378704051852,1.0326535132298988,0.7052631880276601,0.30449185892522146,-0.41190897538000426,0.4439153445924269,0.7493416920573981,1.198563892336563,-0.10516060289726625,-0.013541725851545117,-0.02315048944812781,-0.00901788778387247,-0.6435149872801267,1.2957363129171287,0.13655317000857908,-0.03872662092995116,-0.02664912120453866,1.0613378344320585,0.434023953819427,-0.010101085609753646,-0.018070995088560915,0.1889485958795267,-0.3044691960605598,-0.031082933581281558,0.3482721787574405,1.0737158170565768,1.1525856842586177,0.8320591384356539,0.42551688068686605,0.6166435844595424,-0.03333401214646792,-0.04172835001636621,0.9376062871949731,-0.3574307058815349,1.1626807451942947,1.2924883906073878,-0.1367447289522491,2.220967016178544,-0.03687211083455477,-0.7438598676426011
36-1_05_20,-0.6803497639608798,-0.06660910081712446,-0.3074835003233932,-0.10828470766785636,-1.0264148614557027,-0.6260459863145502,0.791490846386462,0.6647345897722312,0.14594452133584146,-0.41190897538000426,0.3676053717605787,0.6380189252733619,-0.04602244491259211,-0.10516060289726625,-0.013541725851545117,-0.02315048944812781,-0.00901788778387247,-0.5315412278361944,-1.2851886627584908,0.552786375466781,-0.03872662092995116,-0.02664912120453866,0.4342799629197258,-0.06901266518707981,-0.010101085609753646,-0.018070995088560915,-0.8524440892786984,-0.3044691960605598,-0.031082933581281558,0.19806143868173673,0.12708158071094888,-0.7185979240698804,-0.07207357290330435,-0.9969500259323955,-0.31277534125475037,-0.03333401214646792,-0.04172835001636621,-0.3846130075389462,-0.3574307058815349,1.0902513554778879,0.7908933665045248,-0.1367447289522491,-0.8208203027932078,-0.03687211083455477,2.0156640875462006
36-1_06_21,0.43040023217960677,-0.06660910081712446,1.8714934469697764,-0.10828470766785636,-1.0264148614557027,1.225212362404525,1.125963257207073,1.2426135997620364,0.6462840613179426,-0.41190897538000426,0.47032538296322923,0.9885019910815156,1.1134695523236275,-0.10516060289726625,-0.013541725851545117,-0.02315048944812781,-0.00901788778387247,0.03984994372531603,1.728070002525026,0.29985949720742994,-0.03872662092995116,-0.02664912120453866,1.0111470410660042,0.399592738610053,-0.010101085609753646,-0.018070995088560915,1.3516758933772264,-0.3044691960605598,-0.031082933581281558,0.7694526102432471,0.6960131118051801,0.9596168586755189,0.8086575923095325,0.5960971569143618,-0.31277534125475037,-0.03333401214646792,-0.04172835001636621,-0.3846130075389462,1.1339309879527377,0.5280767039192721,0.8417460653418596,-0.1367447289522491,2.359878898502827,-0.03687211083455477,-0.10703777005542692
36-1_07_20,-0.6803497639608798,-0.06660910081712446,-0.3074835003233932,-0.10828470766785636,-1.0264148614557027,-0.6260459863145502,-1.8429864237742695,-1.2635613212846621,-2.2706959860024396,-0.41190897538000426,-1.8070513276327012,-2.7191533324496717,-1.250142427568517,-0.10516060289726625,-0.013541725851545117,-0.02315048944812781,-0.00901788778387247,-1.5729339129944195,-1.2851886627584908,-1.4176152012460224,-0.03872662092995116,-0.02664912120453866,-1.326644885489407,-1.1787599029003084,-0.010101085609753646,-0.018070995088560915,-0.8524440892786984,-0.3044691960605598,-0.031082933581281558,-0.8433312464764884,-1.0996126099435142,-0.7185979240698804,-1.3689476087961279,-0.9969500259323955,-0.31277534125475037,-0.03333401214646792,-0.04172835001636621,-0.3846130075389462,-0.3574307058815349,-1.6509002433738975,-1.415932509527325,-0.1367447289522491,-0.8208203027932078,-0.03687211083455477,-0.7438598676426011
36-1_09_20,0.5039359737100731,-0.06660910081712446,-0.3074835003233932,-0.10828470766785636,1.6277616804222579,1.081524189783386,0.46020963364621936,0.04845081779351457,-0.13715707763222218,-0.41190897538000426,0.3963048773957871,0.11079336349196445,-1.250142427568517,-0.10516060289726625,-0.013541725851545117,-0.02315048944812781,-0.00901788778387247,-0.01663141222713216,0.42238151333944557,-0.06713914694867706,-0.03872662092995116,-0.02664912120453866,0.3200855007580161,0.1923079593714278,-0.010101085609753646,-0.018070995088560915,-0.8524440892786984,-0.3044691960605598,1.355118671819512,-0.8433312464764884,0.3050542628472866,-0.7185979240698804,0.17275047342781336,-0.2530303421035715,-0.31277534125475037,-0.03333401214646792,-0.04172835001636621,-0.3846130075389462,-0.3574307058815349,1.194817774592761,-1.415932509527325,-0.1367447289522491,1.748553606821838,-0.03687211083455477,-0.5747174685422478
36-1_09_21,-0.09408403981614927,-0.06660910081712446,2.074533542251475,1.0333889865841317,-1.0264148614557027,-0.6260459863145502,0.9059764374818919,0.05865797344925716,0.09479199888846002,-0.41190897538000426,0.7277378354670219,0.40665312568985557,-1.250142427568517,-0.10516060289726625,-0.013541725851545117,-0.02315048944812781,-0.00901788778387247,1.5585243471121055,0.7975967075579593,-0.46337269180669755,-0.03872662092995116,-0.02664912120453866,-1.326644885489407,-0.29753833080379,-0.010101085609753646,-0.018070995088560915,0.44858590638528284,-0.3044691960605598,-0.031082933581281558,-0.8433312464764884,-0.45471789179406497,-0.7185979240698804,-0.18466187112517501,0.6867122803394443,-0.31277534125475037,-0.03333401214646792,-0.04172835001636621,1.6197083662436964,-0.3574307058815349,1.3318231442946478,-1.415932509527325,-0.1367447289522491,1.1382210895278857,1.0045205743236703,-0.453295305656785
36-1_11_20,1.4007230864634552,-0.06660910081712446,1.5437748483956821,-0.10828470766785636,-1.0264148614557027,1.1592838486962167,1.1868030470575863,0.6634833803735005,0.7952569943114303,-0.41190897538000426,0.5172311276649915,1.002327522320378,0.9142104282159202,-0.10516060289726625,-0.013541725851545117,-0.02315048944812781,-0.00901788778387247,0.29335342608977544,1.7064803446214578,0.4718512876336947,-0.03872662092995116,-0.02664912120453866,0.5037298977041433,0.4806129195798537,-0.010101085609753646,-0.018070995088560915,0.6099539086202577,-0.3044691960605598,1.355118671819512,-0.8433312464764884,0.7395434027018534,0.8171180459156293,0.6592749530050142,0.006956697599660797,0.7286173439034747,1.4580276816878048,-0.04172835001636621,2.1081473814878913,-0.3574307058815349,0.4983188692814825,0.6668528607891251,-0.1367447289522491,2.6769384154940603,-0.03687211083455477,-0.5747174685422478
36-2_01_21,-0.21723922368403198,-0.06660910081712446,1.1838781935108795,-0.10828470766785636,-1.0264148614557027,0.8653157075197224,-0.1354162476763331,0.2103704859404849,-0.25366264670365934,-0.41190897538000426,-0.21630386857604456,-0.28618404157526567,0.4126154041130572,-0.10516060289726625,-0.013541725851545117,-0.02315048944812781,-0.00901788778387247,-0.7947826626107758,-1.2851886627584908,-0.8351507659814408,-0.03872662092995116,-0.02664912120453866,-1.326644885489407,-0.592494178755578,-0.010101085609753646,-0.018070995088560915,-0.8524440892786984,-0.3044691960605598,-0.031082933581281558,-0.8433312464764884,-0.8039114477845998,-0.7185979240698804,-1.3689476087961279,-0.18710337625314938,-0.31277534125475037,-0.03333401214646792,-0.04172835001636621,-0.3846130075389462,-0.3574307058815349,0.056669932724038974,-1.415932509527325,-0.1367447289522491,0.9273677242129925,-0.03687211083455477,-0.453295305656785
36-2_03_21,0.9117740984246419,-0.06660910081712446,-0.3074835003233932,0.8024921079903782,-1.0264148614557027,1.5231731263408297,1.3362780405647559,0.9254699905770396,0.7070276192864082,-0.41190897538000426,0.3514935847800704,1.2512400396299286,0.30616007319877037,-0.10516060289726625,-0.013541725851545117,-0.02315048944812781,-0.00901788778387247,0.9661421857983573,1.812068646934929,0.47644010220998595,-0.03872662092995116,-0.02664912120453866,1.3901928378101172,1.049447906705371,-0.010101085609753646,-0.018070995088560915,1.2842764778777083,-0.3044691960605598,1.1252642672786426,0.8564276672170716,1.0144122158617144,1.5917412957288724,0.9388539475833628,1.1465821529598976,1.5229152302376752,-0.03333401214646792,-0.04172835001636621,1.400716827471821,1.4938276428375403,0.7978060765311824,1.5801411449579503,-0.1367447289522491,2.4249390531740693,0.9173703986047701,-0.1575941434978707
36-2_05_20,0.8788155980757739,-0.06660910081712446,-0.3074835003233932,-0.10828470766785636,2.1557143525972955,0.6961733084193691,0.2397989465421806,1.096366662542669,0.3930049393872086,1.0794527184542684,0.5336890894970125,0.5494246394331717,0.5694015079733518,-0.10516060289726625,-0.013541725851545117,-0.02315048944812781,-0.00901788778387247,0.4624958251901289,-1.2851886627584908,0.10167219294476476,-0.03872662092995116,-0.02664912120453866,-0.004425590755487874,-0.14447530574022271,-0.010101085609753646,-0.018070995088560915,0.1017984201606265,-0.3044691960605598,-0.031082933581281558,0.5639823882703665,-0.058219924785289,0.43774927679004366,-0.0045306342677537415,0.6157959661356028,0.46537590912889326,-0.03333401214646792,-0.04172835001636621,-0.3846130075389462,-0.3574307058815349,0.39442273541275996,0.369397325483442,-0.1367447289522491,2.6971669002318706,-0.03687211083455477,1.965369699482863
36-2_05_21,0.5301853202976987,-0.06660910081712446,1.0147357944105262,-0.10828470766785636,-1.0264148614557027,0.9867378704051852,1.0713567333451712,1.1966762763553414,0.4957168611099598,-0.41190897538000426,0.6450517445703172,0.41629736689584207,1.2951646888973072,-0.10516060289726625,-0.013541725851545117,-0.02315048944812781,-0.00901788778387247,0.30787967928637194,1.4863988181227645,-0.03740395953441639,-0.03872662092995116,-0.02664912120453866,0.6161896082806883,0.3345528432917712,-0.010101085609753646,-0.018070995088560915,-0.8524440892786984,-0.3044691960605598,-0.031082933581281558,0.579169057351194,0.571130898198444,0.9889722520280559,0.5382589443906479,0.4543836029841267,-0.31277534125475037,-0.03333401214646792,-0.04172835001636621,1.2281708491807892,-0.3574307058815349,0.5820958670182564,1.0626339860665184,-0.1367447289522491,2.0217889368173543,-0.03687211083455477,-2.0660791623765205
36-2_06_21,0.5427380577710251,-0.06660910081712446,1.3053003563963421,-0.10828470766785636,-1.0264148614557027,0.9867378704051852,0.7023206926915546,0.8524953903355739,0.06974812883767867,-0.41190897538000426,0.2927668907133498,0.7075205555717015,0.6843560236750508,1.3098127450735517,-0.013541725851545117,-0.02315048944812781,-0.00901788778387247,-0.5315412278361944,1.396956413615341,0.3391551072837085,-0.03872662092995116,-0.02664912120453866,0.45868494952135985,0.475485416312803,-0.010101085609753646,-0.018070995088560915,0.6527058890412076,-0.3044691960605598,-0.031082933581281558,0.4788880482574309,0.5027121143898436,0.7727637697643923,0.4690013894284648,0.42551688068686605,0.46537590912889326,-0.03333401214646792,-0.04172835001636621,-0.3846130075389462,-0.3574307058815349,0.35342113040874523,1.0626339860665184,-0.1367447289522491,2.0577014927079986,-0.03687211083455477,-2.0660791623765205
36-2_07_20,0.6319082114659326,-0.06660910081712446,-0.3074835003233932,0.6148189763848818,1.8254547392740637,-0.6260459863145502,0.2023365550123879,0.5862025507982667,0.2620583929900582,1.439349373339071,0.36386778531831143,0.436486301310105,0.2412192662657558,-0.10516060289726625,-0.013541725851545117,-0.02315048944812781,-0.00901788778387247,-1.5729339129944195,0.6738527295626027,0.48259122639773416,-0.03872662092995116,-0.02664912120453866,1.0553721570854613,0.7443175030406495,-0.010101085609753646,-0.018070995088560915,0.7038584114885889,1.1105041519102583,-0.031082933581281558,0.9671456690950528,0.685717225067253,1.539080650799304,0.7017058418720323,0.7027689811245523,-0.31277534125475037,-0.03333401214646792,-0.04172835001636621,-0.3846130075389462,1.3501394702164013,0.7820690475005084,1.141574692378333,-0.1367447289522491,2.376735910360329,-0.03687211083455477,1.0955882500612155
36-2_09_20,0.5783559169808203,-0.06660910081712446,1.4778463346873738,0.6148189763848818,1.7937865980299375,0.9867378704051852,0.2397989465421806,0.24455763961012966,0.8455796015781045,1.439349373339071,0.441044166993555,0.9041993490883204,0.9288345197246526,-0.10516060289726625,-0.013541725851545117,-0.02315048944812781,-0.00901788778387247,1.005131970841672,1.6184438533257468,0.37229716002341146,-0.03872662092995116,-0.02664912120453866,0.5246134632296681,0.7391954973850494,-0.010101085609753646,-0.018070995088560915,0.1017984201606265,-0.3044691960605598,-0.031082933581281558,0.8236969684999993,0.505350606599544,0.8171180459156293,0.5239416775230461,0.4543836029841267,1.0582925210169858,1.2888852825874513,-0.04172835001636621,-0.3846130075389462,0.9647885888523844,1.200969357355869,0.5431088827937685,-0.1367447289522491,1.908344486899562,-0.03687211083455477,-0.453295305656785
36-2_11_20,0.414071448643482,-0.06660910081712446,-0.3074835003233932,-0.10828470766785636,-1.0264148614557027,-0.6260459863145502,0.4146921510949151,0.5647212286348657,0.4186128731211807,-0.41190897538000426,0.4231338641152218,0.7478624859887641,0.30616007319877037,-0.10516060289726625,-0.013541725851545117,-0.02315048944812781,-0.00901788778387247,0.17525411401178093,1.1787043262274166,0.27414215481472,-0.03872662092995116,-0.02664912120453866,0.767942691599618,0.3688390103451004,-0.010101085609753646,-0.018070995088560915,0.6246771654409641,-0.3044691960605598,-0.031082933581281558,0.4596683420503973,0.5183078469493194,0.8573592646938768,0.393766671406669,0.8706342952794865,0.6166435844595424,-0.03333401214646792,-0.04172835001636621,1.5744283847821472,-0.3574307058815349,0.6067783314952871,0.6668528607891251,-0.1367447289522491,1.9123769623133615,0.9173703986047701,-2.0660791623765205
37-0_05_20,-0.6803497639608798,-0.06660910081712446,-0.3074835003233932,-0.10828470766785636,1.3556021811191656,-0.6260459863145502,-1.8429864237742695,0.6343338530278122,-0.457782629359584,-0.41190897538000426,-0.2631599514357428,-0.44964038823175523,0.2412192662657558,-0.10516060289726625,-0.013541725851545117,-0.02315048944812781,-0.00901788778387247,-0.2507146182605001,-1.2851886627584908,-0.6938216131849715,-0.03872662092995116,-0.02664912120453866,-1.326644885489407,-0.9226265561238662,-0.010101085609753646,-0.018070995088560915,-0.8524440892786984,-0.3044691960605598,-0.031082933581281558,0.160599047151944,-0.9270666316524825,-0.7185979240698804,-0.6083815332135971,-0.18710337625314938,-0.31277534125475037,-0.03333401214646792,-0.04172835001636621,-0.3846130075389462,-0.3574307058815349,-1.6509002433738975,-1.415932509527325,-0.1367447289522491,1.328398809862172,-0.03687211083455477,0.3505613449617606
37-0_07_20,0.554938143210859,-0.06660910081712446,-0.3074835003233932,-0.10828470766785636,1.8983811343422095,-0.6260459863145502,0.16133495000837317,0.3718733831856773,0.3214807713934271,1.295661200717932,-0.08341747391296761,0.07742100076075809,0.30616007319877037,-0.10516060289726625,-0.013541725851545117,-0.02315048944812781,-0.00901788778387247,0.45237195227035076,0.5660696859605845,-0.34921104621458965,-0.03872662092995116,-0.02664912120453866,0.1153119521670043,-0.2059621857527698,-0.010101085609753646,-0.018070995088560915,0.3236471697769828,-0.3044691960605598,-0.031082933581281558,0.02376108724393633,0.028755132188535495,-0.7185979240698804,-0.16482762614020308,0.32523822597274876,-0.31277534125475037,-0.03333401214646792,-0.04172835001636621,-0.3846130075389462,1.3501394702164013,-1.6509002433738975,-1.415932509527325,-0.1367447289522491,2.4394896430017123,-0.03687211083455477,-0.3585089862785841
37-0_09_20,0.3006269987256899,-0.06660910081712446,-0.3074835003233932,-0.10828470766785636,1.655730214918129,-0.6260459863145502,-1.8429864237742695,0.6501233344650799,0.5488479495394292,-0.41190897538000426,-0.039301432622039334,0.6892562460187583,0.49804559943768345,-0.10516060289726625,-0.013541725851545117,-0.02315048944812781,-0.00901788778387247,0.49152407623249894,0.42238151333944557,0.8368049100961061,-0.03872662092995116,-0.02664912120453866,0.744008565178753,0.4923467918469517,-0.010101085609753646,-0.018070995088560915,0.2267371567689265,-0.3044691960605598,-0.031082933581281558,0.4395585236629793,0.4973865481852654,0.6676036813309131,0.654402852526345,0.3436428565446938,-0.31277534125475037,-0.03333401214646792,-0.04172835001636621,-0.3846130075389462,-0.3574307058815349,0.056669932724038974,1.1872118630928574,-0.1367447289522491,1.4930469175759455,-0.03687211083455477,-0.10703777005542692
37-0_11_20,-0.09408403981614927,-0.06660910081712446,-0.3074835003233932,-0.10828470766785636,0.6811553146422336,-0.6260459863145502,-1.8429864237742695,-0.36312757793645867,-0.36760599901049607,-0.41190897538000426,-0.8131211217555493,-0.42689726109319537,-1.250142427568517,-0.10516060289726625,-0.013541725851545117,-0.02315048944812781,-0.00901788778387247,-0.6435149872801267,-1.2851886627584908,-0.4690871753311269,-0.03872662092995116,-0.02664912120453866,-1.326644885489407,-0.5449308873316405,-0.010101085609753646,-0.018070995088560915,-0.8524440892786984,-0.3044691960605598,-0.031082933581281558,-0.8433312464764884,-0.753355074342156,-0.7185979240698804,-0.48434102749819746,-0.33078817538899924,-0.31277534125475037,-0.03333401214646792,-0.04172835001636621,-0.3846130075389462,-0.3574307058815349,-1.6509002433738975,0.19685134719241043,-0.1367447289522491,1.1136781484503597,-0.03687211083455477,-2.0660791623765205
37-1_01_21,0.23042705169735486,-0.06660910081712446,-0.3074835003233932,-0.10828470766785636,1.5978672343799656,-0.6260459863145502,0.16133495000837317,0.4270668925923444,0.40324601263164817,-0.41190897538000426,0.3175897921191555,0.6557782215285168,0.9699656604715383,-0.10516060289726625,-0.013541725851545117,-0.02315048944812781,-0.00901788778387247,0.6471741750456358,1.932558410504303,0.39214250495041475,-0.03872662092995116,-0.02664912120453866,0.8327217561442958,0.6178639818512672,-0.010101085609753646,-0.018070995088560915,-0.8524440892786984,1.0177500986733596,-0.031082933581281558,0.6727832702709445,0.8153622858577223,0.32279476108834465,0.6363963566572308,-0.2530303421035715,0.6166435844595424,-0.03333401214646792,-0.04172835001636621,-0.3846130075389462,1.2553531508382005,0.4983188692814825,0.9284597641577859,-0.1367447289522491,1.8658159664690857,-0.03687211083455477,-0.2148208136574452
37-1_03_21,-0.6803497639608798,-0.06660910081712446,-0.3074835003233932,-0.10828470766785636,-1.0264148614557027,-0.6260459863145502,-1.8429864237742695,-0.6562370899643424,-1.2706959860024396,-0.41190897538000426,-1.3058799435009063,-1.3041799844788535,-1.250142427568517,-0.10516060289726625,-0.013541725851545117,-0.02315048944812781,-0.00901788778387247,-1.5729339129944195,0.037030631975428496,-1.2863362866067034,-0.03872662092995116,-0.02664912120453866,-1.326644885489407,-1.1787599029003084,-0.010101085609753646,-0.018070995088560915,-0.8524440892786984,-0.3044691960605598,-0.031082933581281558,-0.8433312464764884,-0.8611381179441743,-0.7185979240698804,-1.3689476087961279,-0.9969500259323955,-0.31277534125475037,-0.03333401214646792,-0.04172835001636621,-0.3846130075389462,-0.3574307058815349,-1.6509002433738975,-1.415932509527325,-0.1367447289522491,-0.8208203027932078,-0.03687211083455477,-2.0660791623765205
37-1_05_20,0.3610429211973454,-0.06660910081712446,-0.3074835003233932,-0.10828470766785636,1.9608043684523022,-0.6260459863145502,-1.8429864237742695,0.8081411141843367,0.20931095695471114,-0.41190897538000426,-0.3675219742672138,-0.9709653054434711,-0.04602244491259211,-0.10516060289726625,-0.013541725851545117,-0.02315048944812781,-0.00901788778387247,0.6060430342987501,-1.2851886627584908,-0.08935555209113066,-0.03872662092995116,-0.02664912120453866,0.24931230327435006,-0.27761307119436707,-0.010101085609753646,-0.018070995088560915,0.2614992630281384,-0.3044691960605598,-0.031082933581281558,-0.8433312464764884,-0.4092004092427607,-0.7185979240698804,-0.08802253090986478,-0.18710337625314938,-0.31277534125475037,-0.03333401214646792,-0.04172835001636621,-0.3846130075389462,-0.3574307058815349,0.20035810534517784,-1.415932509527325,1.18547456578167,1.3723042955612539,-0.03687211083455477,0.1915994124926641
37-1_05_21,1.0231463252065416,-0.06660910081712446,-0.3074835003233932,-0.10828470766785636,2.4636841436076025,-0.6260459863145502,0.7708553981017998,0.9947020833011018,0.5687820613717587,-0.41190897538000426,0.49429538656895233,0.9626304340182099,0.6306711647122745,-0.10516060289726625,-0.013541725851545117,-0.02315048944812781,-0.00901788778387247,0.15541986902680904,1.7907230987242866,0.7536809596127665,-0.03872662092995116,-0.02664912120453866,0.8225742271659727,0.6252334089328269,-0.010101085609753646,-0.018070995088560915,-0.8524440892786984,0.899650786595365,-0.031082933581281558,0.894150540368026,0.11432605350574253,0.6676036813309131,0.6679093225292159,0.07890332527901667,-0.31277534125475037,-0.03333401214646792,-0.04172835001636621,1.466645341180129,-0.3574307058815349,1.0822970217326722,0.5883888642553177,1.2782286190185688,-0.8208203027932078,-0.03687211083455477,1.3423304160919094
37-1_06_21,-0.043527666373705365,-0.06660910081712446,-0.3074835003233932,0.6148189763848818,2.034660462174089,-0.6260459863145502,0.5014058499108414,0.906557227970247,0.23445399231746644,1.2008748813397312,0.6536432488273374,0.07742100076075809,1.0193705166493994,-0.10516060289726625,-0.013541725851545117,-0.02315048944812781,-0.00901788778387247,0.5359692146728939,1.5216693667603267,0.05865365971246239,-0.03872662092995116,-0.02664912120453866,0.2861389712303283,0.3011956776912329,-0.010101085609753646,-0.018070995088560915,0.1889485958795267,-0.3044691960605598,-0.031082933581281558,0.37295464323447114,0.24712191030974873,-0.7185979240698804,0.3865642761223449,0.930561715051367,-0.31277534125475037,-0.03333401214646792,-0.04172835001636621,-0.3846130075389462,1.1339309879527377,1.2130171335839632,0.07542918430694767,0.9046479562059759,0.5941530451776101,-0.03687211083455477,0.14074671365532931
37-1_07_20,0.4613239302911084,-0.06660910081712446,-0.3074835003233932,-0.10828470766785636,1.8826059927554533,-0.6260459863145502,0.2397989465421806,0.6678469327606349,-0.1033786512542636,-0.41190897538000426,0.06482479193577051,0.11079336349196445,0.30616007319877037,-0.10516060289726625,-0.013541725851545117,-0.02315048944812781,-0.00901788778387247,-1.5729339129944195,1.163517657146589,-0.2788482652141535,-0.03872662092995116,-0.02664912120453866,-0.2852522003311821,-0.10022540973751674,-0.010101085609753646,-0.018070995088560915,0.14755591072130161,-0.3044691960605598,1.216071681299845,-0.8433312464764884,0.05177966572708122,-0.7185979240698804,-0.0045306342677537415,-0.9969500259323955,-0.31277534125475037,-0.03333401214646792,-0.04172835001636621,1.2281708491807892,-0.3574307058815349,-1.6509002433738975,-1.415932509527325,-0.1367447289522491,1.9203312960585772,-0.03687211083455477,0.2783131113085904
37-1_09_20,-0.6803497639608798,-0.06660910081712446,-0.3074835003233932,-0.10828470766785636,1.0563705088607473,-0.6260459863145502,-0.5207671290403502,-0.07631581876026328,-0.4381870732962033,-0.41190897538000426,-0.4945065732291183,-0.20593573238173257,0.5351874074422501,-0.10516060289726625,-0.013541725851545117,-0.02315048944812781,-0.00901788778387247,-1.5729339129944195,0.2061730310757819,0.07703039845717274,-0.03872662092995116,-0.02664912120453866,0.3200855007580161,-0.0970012339648729,-0.010101085609753646,-0.018070995088560915,0.1017984201606265,-0.3044691960605598,-0.031082933581281558,-0.8433312464764884,0.14553879805617947,0.6676036813309131,0.2413068611471061,0.14060752820213834,-0.31277534125475037,-0.03333401214646792,-0.04172835001636621,-0.3846130075389462,-0.3574307058815349,-0.1595385495396247,0.7332866031280549,-0.1367447289522491,1.46021306445452,-0.03687211083455477,-2.0660791623765205
37-1_09_21,-0.6803497639608798,-0.06660910081712446,-0.3074835003233932,-0.10828470766785636,0.29580443327821654,-0.6260459863145502,-1.8429864237742695,-0.2173803353399626,-0.4014642662714635,-0.41190897538000426,0.032960952729026216,-0.3650448933022705,-1.250142427568517,-0.10516060289726625,-0.013541725851545117,-0.02315048944812781,-0.00901788778387247,0.17525411401178093,-1.2851886627584908,0.308584456580907,-0.03872662092995116,-0.02664912120453866,-1.326644885489407,-0.06303055294864841,-0.010101085609753646,-0.018070995088560915,0.05064589771324517,1.0177500986733596,-0.031082933581281558,0.9153054276094209,-0.5334195193700801,-0.7185979240698804,-0.1914798209116433,-0.9969500259323955,-0.31277534125475037,-0.03333401214646792,-0.04172835001636621,-0.3846130075389462,-0.3574307058815349,0.056669932724038974,0.29163766657061135,-0.1367447289522491,-0.8208203027932078,-0.03687211083455477,-0.5747174685422478
37-1_11_20,-0.6803497639608798,-0.06660910081712446,-0.3074835003233932,-0.10828470766785636,-1.0264148614557027,-0.6260459863145502,-1.8429864237742695,-2.8763451780043976,-2.2706959860024396,-0.41190897538000426,-2.0767807002446115,-2.7191533324496717,-1.250142427568517,-0.10516060289726625,-0.013541725851545117,-0.02315048944812781,-0.00901788778387247,-1.5729339129944195,-1.2851886627584908,-1.4176152012460224,-0.03872662092995116,-0.02664912120453866,-1.326644885489407,-1.1787599029003084,-0.010101085609753646,-0.018070995088560915,-0.8524440892786984,-0.3044691960605598,-0.031082933581281558,-0.8433312464764884,-1.0996126099435142,-0.7185979240698804,-1.3689476087961279,-0.9969500259323955,-0.31277534125475037,-0.03333401214646792,-0.04172835001636621,-0.3846130075389462,-0.3574307058815349,-1.6509002433738975,-1.415932509527325,-0.1367447289522491,-0.8208203027932078,-0.03687211083455477,-2.0660791623765205
37-2_01_21,0.6516074831831615,-0.06660910081712446,-0.3074835003233932,-0.10828470766785636,2.0777306890983054,1.4192769924721071,1.1397369638942758,1.0820275544742097,0.21644238947474692,-0.41190897538000426,0.7231118963080612,0.7638630876944605,0.30616007319877037,-0.10516060289726625,-0.013541725851545117,-0.02315048944812781,-0.00901788778387247,0.45237195227035076,1.4714474454873574,-0.06373289825676554,-0.03872662092995116,-0.02664912120453866,0.6161896082806883,0.5631510751567961,-0.010101085609753646,-0.018070995088560915,0.4028284158246077,-0.3044691960605598,-0.031082933581281558,0.3221019443971363,0.4552162060642806,1.1716367422364762,0.2513372026380335,-0.03404394477598465,0.46537590912889326,-0.03333401214646792,-0.04172835001636621,-0.3846130075389462,-0.3574307058815349,1.1491291158702368,0.4925525093513247,-0.1367447289522491,2.3049861553463193,-0.03687211083455477,1.3858607069885824
37-2_03_21,0.7225254623866701,-0.06660910081712446,-0.3074835003233932,-0.10828470766785636,1.618023728012136,-0.6260459863145502,0.06549859510438027,0.6526999927613715,0.5737811897432417,-0.41190897538000426,-0.14580806730719287,0.8509223728719328,1.103966011578884,-0.10516060289726625,-0.013541725851545117,-0.02315048944812781,-0.00901788778387247,0.11280782560784419,1.8940758015805346,0.4880219747598011,-0.03872662092995116,-0.02664912120453866,0.7561404848270429,0.5610384012228846,-0.010101085609753646,-0.018070995088560915,0.7038584114885889,-0.3044691960605598,-0.031082933581281558,0.19806143868173673,0.7720457409791575,1.497127740487687,0.7576939420773936,0.9954362048758731,0.8175584272402557,-0.03333401214646792,-0.04172835001636621,-0.3846130075389462,1.4938276428375403,-1.6509002433738975,1.1979093123487443,-0.1367447289522491,1.9163723399115296,-0.03687211083455477,-2.0660791623765205
37-2_05_20,0.8305780532179863,-0.06660910081712446,-0.3074835003233932,-0.10828470766785636,1.9993005224456377,-0.6260459863145502,0.6635186086306026,1.242283237292201,0.15743880802634913,1.2008748813397312,0.3907539036579324,0.6370638017700638,-1.250142427568517,-0.10516060289726625,-0.013541725851545117,-0.02315048944812781,-0.00901788778387247,0.29335342608977544,-1.2851886627584908,-0.042759076483186886,-0.03872662092995116,-0.02664912120453866,0.1153119521670043,-0.1200899003876914,-0.010101085609753646,-0.018070995088560915,-0.8524440892786984,1.5150747394813089,-0.031082933581281558,0.5639823882703665,0.13947313406651674,0.7727637697643923,0.061649527658224346,0.7818169858398786,0.6166435844595424,-0.03333401214646792,-0.04172835001636621,-0.3846130075389462,-0.3574307058815349,0.6733822119237952,0.19685134719241043,-0.1367447289522491,2.848589564494575,-0.03687211083455477,1.552073571001999
37-2_07_20,0.3610429211973454,-0.06660910081712446,-0.3074835003233932,-0.10828470766785636,1.565761895940164,-0.6260459863145502,0.5014058499108414,0.91047720149479,-0.15342469034667539,1.5924123984026384,0.19032883727555472,0.06331929171661477,0.16483092040230107,-0.10516060289726625,-0.013541725851545117,-0.02315048944812781,-0.00901788778387247,0.3219357437508331,0.623296356120159,-0.5798782608781348,-0.03872662092995116,-0.02664912120453866,0.24931230327435006,-0.10347370073620782,-0.010101085609753646,-0.018070995088560915,-0.8524440892786984,1.186892497773713,-0.031082933581281558,-0.8433312464764884,0.06647800533949001,1.2242365697002149,0.04998469532173794,0.37826550842457607,-0.31277534125475037,-0.03333401214646792,-0.04172835001636621,-0.3846130075389462,-0.3574307058815349,0.39442273541275996,0.29163766657061135,-0.1367447289522491,2.236465341625007,-0.03687211083455477,1.804968098928979
37-2_11_20,0.8431489592718597,-0.06660910081712446,-0.3074835003233932,-0.10828470766785636,2.4622768368612378,-0.6260459863145502,0.520625556117875,0.8355463718761813,0.6123973725732503,1.3734208596307629,0.3370961257091738,0.6917925262381031,1.0421136437879592,-0.10516060289726625,-0.013541725851545117,-0.02315048944812781,-0.00901788778387247,0.03984994372531603,1.3492886074022408,0.5733501152180422,-0.03872662092995116,-0.02664912120453866,0.8121839114473314,0.7010320599234712,-0.010101085609753646,-0.018070995088560915,0.8103137424028757,-0.3044691960605598,-0.031082933581281558,0.6480304473577844,0.7486516250074082,1.5845981333506085,0.7765891477139857,0.6700390508529868,-0.31277534125475037,-0.03333401214646792,-0.04172835001636621,-0.3846130075389462,-0.3574307058815349,-0.03811638665416195,1.0170367813470809,-0.1367447289522491,2.143439327403641,-0.03687211083455477,-2.0660791623765205
38-0_01_21,-0.6803497639608798,-0.06660910081712446,-0.3074835003233932,0.7187151102536042,-1.0264148614557027,-0.6260459863145502,-1.8429864237742695,0.14110555150613857,0.29278509939197117,-0.41190897538000426,-0.36528073857761023,0.27251567493027706,0.850228117549046,-0.10516060289726625,-0.013541725851545117,-0.02315048944812781,-0.00901788778387247,-1.5729339129944195,0.9478074476336631,0.11909174345788415,-0.03872662092995116,-0.02664912120453866,0.7054363821220332,0.25087704195817295,-0.010101085609753646,-0.018070995088560915,0.14755591072130161,-0.3044691960605598,-0.031082933581281558,0.3221019443971363,0.58667479336416,0.9596168586755189,0.570333869668233,0.36129912091050537,-0.31277534125475037,-0.03333401214646792,-0.04172835001636621,-0.3846130075389462,-0.3574307058815349,-0.3286809486399781,0.9083499457703677,-0.1367447289522491,-0.8208203027932078,-0.03687211083455477,-0.7438598676426011
38-0_03_21,-0.6803497639608798,-0.06660910081712446,-0.3074835003233932,-0.10828470766785636,-1.0264148614557027,-0.6260459863145502,-1.8429864237742695,-1.8349524928461725,-2.2706959860024396,-0.41190897538000426,-2.2104346687511236,-2.7191533324496717,-1.250142427568517,-0.10516060289726625,-0.013541725851545117,-0.02315048944812781,-0.00901788778387247,-1.5729339129944195,-1.2851886627584908,-1.4176152012460224,-0.03872662092995116,-0.02664912120453866,-1.326644885489407,-1.1787599029003084,-0.010101085609753646,-0.018070995088560915,-0.8524440892786984,-0.3044691960605598,-0.031082933581281558,-0.8433312464764884,-1.0996126099435142,-0.7185979240698804,-1.3689476087961279,-0.9969500259323955,-0.31277534125475037,-0.03333401214646792,-0.04172835001636621,-0.3846130075389462,-0.3574307058815349,-1.6509002433738975,-1.415932509527325,-0.1367447289522491,-0.8208203027932078,-0.03687211083455477,-2.0660791623765205
38-0_05_20,-0.6803497639608798,-0.06660910081712446,-0.3074835003233932,-0.10828470766785636,-1.0264148614557027,-0.6260459863145502,-1.8429864237742695,-2.8763451780043976,-2.2706959860024396,-0.41190897538000426,-2.6429737908180453,-2.7191533324496717,-1.250142427568517,-0.10516060289726625,-0.013541725851545117,-0.02315048944812781,-0.00901788778387247,-1.5729339129944195,-1.2851886627584908,-1.4176152012460224,-0.03872662092995116,-0.02664912120453866,-1.326644885489407,-1.1787599029003084,-0.010101085609753646,-0.018070995088560915,-0.8524440892786984,-0.3044691960605598,-0.031082933581281558,-0.8433312464764884,-0.8611381179441743,-0.7185979240698804,-1.3689476087961279,-0.5469915815484784,-0.31277534125475037,-0.03333401214646792,-0.04172835001636621,-0.3846130075389462,-0.3574307058815349,-1.6509002433738975,-1.415932509527325,-0.1367447289522491,-0.8208203027932078,-0.03687211083455477,-2.0660791623765205
38-0_07_20,-0.043527666373705365,-0.06660910081712446,-0.3074835003233932,-0.10828470766785636,1.29786759384199,-0.6260459863145502,-0.05765658876350244,0.39106124074850657,0.2543488210344056,1.0794527184542684,0.2483188406446446,0.41629736689584207,-0.04602244491259211,-0.10516060289726625,-0.013541725851545117,-0.02315048944812781,-0.00901788778387247,-0.20186605072268315,-1.2851886627584908,0.41826180273774144,-0.03872662092995116,-0.02664912120453866,-0.07949027060828054,-0.2632470045168608,-0.010101085609753646,-0.018070995088560915,-0.8524440892786984,-0.3044691960605598,-0.031082933581281558,0.02376108724393633,0.04423964158259851,-0.7185979240698804,0.025670819769477327,-0.12987804965113015,-0.31277534125475037,-0.03333401214646792,-0.04172835001636621,-0.3846130075389462,1.2553531508382005,0.056669932724038974,0.369397325483442,-0.1367447289522491,-0.8208203027932078,-0.03687211083455477,-0.7438598676426011
38-0_11_20,-0.6803497639608798,-0.06660910081712446,1.4778463346873738,-0.10828470766785636,1.5429590481593431,0.6961733084193691,0.2023365550123879,0.37309778343818456,-0.5631258099045032,-0.41190897538000426,0.36470114429778033,-0.3948708771519789,-1.250142427568517,-0.10516060289726625,-0.013541725851545117,-0.02315048944812781,-0.00901788778387247,0.17525411401178093,1.05920361092662,-0.7035814504741277,1.6688435551679852,-0.02664912120453866,-0.2852522003311821,-0.5449308873316405,-0.010101085609753646,-0.018070995088560915,0.2267371567689265,-0.3044691960605598,-0.031082933581281558,-0.8433312464764884,-0.8611381179441743,-0.7185979240698804,-0.5738956078742828,-0.9969500259323955,-0.31277534125475037,-0.03333401214646792,-0.04172835001636621,-0.3846130075389462,-0.3574307058815349,0.9629415785021719,-1.415932509527325,-0.1367447289522491,-0.8208203027932078,-0.03687211083455477,-0.453295305656785
38-1_01_21,-0.6803497639608798,-0.06660910081712446,-0.3074835003233932,-0.10828470766785636,-1.0264148614557027,-0.6260459863145502,-1.8429864237742695,-1.4613718300335796,-2.2706959860024396,-0.41190897538000426,-1.9980790726685964,-2.7191533324496717,-1.250142427568517,-0.10516060289726625,-0.013541725851545117,-0.02315048944812781,-0.00901788778387247,-1.5729339129944195,-1.2851886627584908,-1.2330907746534783,-0.03872662092995116,-0.02664912120453866,-1.326644885489407,-1.0461343376257175,-0.010101085609753646,-0.018070995088560915,-0.8524440892786984,-0.3044691960605598,-0.031082933581281558,-0.8433312464764884,-1.0996126099435142,-0.7185979240698804,-1.3689476087961279,-0.9969500259323955,-0.31277534125475037,-0.03333401214646792,-0.04172835001636621,-0.3846130075389462,-0.3574307058815349,-1.6509002433738975,-1.415932509527325,-0.1367447289522491,-0.8208203027932078,-0.03687211083455477,-2.0660791623765205
38-1_03_21,0.042753920091858466,-0.06660910081712446,-0.3074835003233932,-0.10828470766785636,-1.0264148614557027,-0.6260459863145502,0.2023365550123879,1.0155266524411863,0.575022031964219,-0.41190897538000426,0.3319645394157804,0.6511746753298391,0.4574277485294195,-0.10516060289726625,-0.013541725851545117,-0.02315048944812781,-0.00901788778387247,-0.36881393033849463,1.4480086023480787,0.6518787773984707,-0.03872662092995116,-0.02664912120453866,1.1116336950032002,0.5393263918827831,-0.010101085609753646,-0.018070995088560915,1.1017984201606266,-0.3044691960605598,-0.031082933581281558,0.7395581642009549,0.9560826362693361,1.398673371585884,0.7668662889664588,0.37826550842457607,0.6166435844595424,1.2888852825874513,-0.04172835001636621,-0.3846130075389462,1.3501394702164013,0.5559256326579524,1.1168218694651728,-0.1367447289522491,1.8475656138967924,-0.03687211083455477,1.5901148998026655
38-1_05_20,0.8305780532179863,-0.06660910081712446,-0.3074835003233932,-0.10828470766785636,1.8606395165952543,0.8653157075197224,-0.35162472993999677,1.0803513868902535,0.6191657352557487,-0.41190897538000426,-0.10866902290961433,0.44549688348462513,0.6011159211505583,-0.10516060289726625,-0.013541725851545117,-0.02315048944812781,-0.00901788778387247,0.9723732034714047,-1.2851886627584908,0.20258211255877018,-0.03872662092995116,-0.02664912120453866,0.1153119521670043,-0.1200899003876914,-0.010101085609753646,-0.018070995088560915,-0.8524440892786984,-0.3044691960605598,-0.031082933581281558,0.5482453592396924,0.012698054418219501,-0.7185979240698804,-0.3091498609551787,0.3436428565446938,-0.31277534125475037,-0.03333401214646792,-0.04172835001636621,-0.3846130075389462,-0.3574307058815349,-1.6509002433738975,-1.415932509527325,-0.1367447289522491,2.121683803374873,-0.03687211083455477,1.455189713221865
38-1_05_21,-0.6803497639608798,-0.06660910081712446,-0.3074835003233932,-0.10828470766785636,-1.0264148614557027,0.9867378704051852,0.4146921510949151,0.8447231237927615,-0.1668922650464828,-0.41190897538000426,-0.03405658315318405,0.43344074547779843,0.16483092040230107,-0.10516060289726625,-0.013541725851545117,-0.02315048944812781,-0.00901788778387247,-0.36881393033849463,1.05920361092662,0.3677146337647446,-0.03872662092995116,-0.02664912120453866,-0.17029768462948308,-0.29247065974577735,-0.010101085609753646,-0.018070995088560915,-0.250384097950736,-0.3044691960605598,-0.031082933581281558,0.1195974421479292,-0.20589143425837747,-0.7185979240698804,-0.6267089143031286,-0.42557226939089954,-0.31277534125475037,-0.03333401214646792,0.9996643351418588,-0.3846130075389462,-0.3574307058815349,0.20035810534517784,0.4925525093513247,-0.1367447289522491,-0.8208203027932078,-0.03687211083455477,-0.5747174685422478
38-1_06_21,-0.6803497639608798,-0.06660910081712446,-0.3074835003233932,-0.10828470766785636,-1.0264148614557027,-0.6260459863145502,1.2218457959643045,1.0865448093873935,0.3214807713934271,-0.41190897538000426,0.5750298401647835,0.5077042378390522,0.6011159211505583,1.5575972287843078,-0.013541725851545117,-0.02315048944812781,-0.00901788778387247,0.11280782560784419,1.4637741984976707,0.12645284310425325,-0.03872662092995116,-0.02664912120453866,0.3515698972559922,0.10486434142386153,-0.010101085609753646,-0.018070995088560915,0.29368394639953965,-0.3044691960605598,-0.031082933581281558,-0.8433312464764884,0.3092062493649927,0.16600865722804997,0.2824227198972098,0.11085039221348296,-0.31277534125475037,-0.03333401214646792,-0.04172835001636621,-0.3846130075389462,-0.3574307058815349,1.3318231442946478,-1.415932509527325,-0.1367447289522491,-0.8208203027932078,-0.03687211083455477,-0.7438598676426011
38-1_07_20,1.4142378131281454,-0.06660910081712446,-0.3074835003233932,0.7187151102536042,1.7596263487868515,-0.6260459863145502,0.06549859510438027,1.188337388224114,0.7187538316642521,1.3734208596307629,0.18453732355713304,0.6332221625508485,0.9142104282159202,-0.10516060289726625,-0.013541725851545117,-0.02315048944812781,-0.00901788778387247,0.6131744668187858,1.3286531591175785,0.8294912095746849,-0.03872662092995116,-0.02664912120453866,0.8327217561442958,0.6014545080471085,-0.010101085609753646,-0.018070995088560915,1.0506458977132451,1.2518333047067274,-0.031082933581281558,0.49729311094015494,0.9191487611710599,1.11177685912367,1.0417091378326595,0.921130632469496,0.46537590912889326,-0.03333401214646792,-0.04172835001636621,-0.3846130075389462,1.4938276428375403,-0.3286809486399781,1.000707997810956,-0.1367447289522491,2.181777677926701,-0.03687211083455477,0.14074671365532931
38-1_09_21,0.17640788859837045,-0.06660910081712446,1.9255126100687607,0.7187151102536042,-1.0264148614557027,1.081524189783386,0.2023365550123879,0.9694347891074919,0.6032056118620217,-0.41190897538000426,0.7678692553483801,0.6630438779277823,-1.250142427568517,-0.10516060289726625,-0.013541725851545117,-0.02315048944812781,-0.00901788778387247,1.6752846481956554,1.4637741984976707,0.016577852931829173,-0.03872662092995116,-0.02664912120453866,-0.44203830419147677,-0.2101102066069844,-0.010101085609753646,-0.018070995088560915,0.8287971480968888,-0.3044691960605598,-0.031082933581281558,-0.8433312464764884,0.08069513351333062,0.6676036813309131,-0.056689633369315595,-0.9969500259323955,-0.31277534125475037,-0.03333401214646792,-0.04172835001636621,-0.3846130075389462,-0.3574307058815349,1.4667024483161866,-1.415932509527325,-0.1367447289522491,-0.8208203027932078,-0.03687211083455477,-0.2807493273657534
38-1_11_20,1.0470365539001742,-0.06660910081712446,-0.3074835003233932,0.6148189763848818,-1.0264148614557027,-0.6260459863145502,0.06549859510438027,0.9278624270776437,0.6698204989301275,-0.41190897538000426,0.08311700176360048,0.8324186412245822,1.1580975377433327,-0.10516060289726625,-0.013541725851545117,-0.02315048944812781,-0.00901788778387247,0.37400935770340604,1.05920361092662,0.7630502959266083,-0.03872662092995116,-0.02664912120453866,0.9619024145499445,0.6647843090453267,-0.010101085609753646,-0.018070995088560915,1.1889485958795267,-0.3044691960605598,-0.031082933581281558,0.6727832702709445,1.0779590797511367,1.2560672567347475,0.8875868808963876,0.7404909686246189,0.6166435844595424,-0.03333401214646792,-0.04172835001636621,-0.3846130075389462,1.6878922729051224,0.13442959163686963,1.2382440323506356,-0.1367447289522491,2.015503812913544,-0.03687211083455477,-0.5747174685422478
38-2_03_21,-0.6803497639608798,-0.06660910081712446,-0.3074835003233932,-0.10828470766785636,-1.0264148614557027,-0.6260459863145502,-0.35162472993999677,0.5899291437848944,0.3158913186693153,-0.41190897538000426,-0.03197625113796754,0.3815617541234102,0.9828536828236369,-0.10516060289726625,1.4778199679827275,-0.02315048944812781,-0.00901788778387247,0.37400935770340604,1.147780628115915,0.18699197909581983,-0.03872662092995116,-0.02664912120453866,0.744008565178753,-0.32925274398099663,-0.010101085609753646,-0.018070995088560915,0.2267371567689265,-0.3044691960605598,-0.031082933581281558,0.1195974421479292,0.9457103688431433,1.0898381302182307,0.6782345101665772,0.42551688068686605,0.6166435844595424,-0.03333401214646792,-0.04172835001636621,-0.3846130075389462,-0.3574307058815349,-1.6509002433738975,1.3172647555792445,-0.1367447289522491,1.2964509928625563,-0.03687211083455477,-2.0660791623765205
38-2_05_20,1.1049800710498874,-0.06660910081712446,-0.3074835003233932,0.8024921079903782,2.070842448237717,1.225212362404525,-1.8429864237742695,1.3903802890275223,0.8192091254369585,1.295661200717932,0.348154995472862,0.766709997147663,1.0075361473006677,-0.10516060289726625,-0.013541725851545117,-0.02315048944812781,-0.00901788778387247,0.9402836870735195,-1.2851886627584908,0.28693902882935834,-0.03872662092995116,-0.02664912120453866,0.6917781973373788,0.14530196770700599,1.6974690904881826,-0.018070995088560915,0.29368394639953965,1.4031009800373766,-0.031082933581281558,0.7074528257611534,0.21239952913466265,-0.7185979240698804,0.3525882234386323,0.2859096247498608,0.7286173439034747,-0.03333401214646792,-0.04172835001636621,-0.3846130075389462,-0.3574307058815349,0.056669932724038974,0.07542918430694767,-0.1367447289522491,2.6491489067067517,-0.03687211083455477,1.4378476418169899
38-2_05_21,0.08021631162165108,-0.06660910081712446,-0.3074835003233932,-0.10828470766785636,-1.0264148614557027,-0.6260459863145502,-1.8429864237742695,0.2669819519876486,-0.05850838159848171,-0.41190897538000426,-0.012198757915300895,0.4410149605088407,-1.250142427568517,-0.10516060289726625,-0.013541725851545117,-0.02315048944812781,-0.00901788778387247,-0.4426001444994133,1.0784233171336537,0.8418943568005384,-0.03872662092995116,-0.02664912120453866,0.3200855007580161,0.3655296637612752,-0.010101085609753646,-0.018070995088560915,-0.8524440892786984,-0.3044691960605598,-0.031082933581281558,0.02376108724393633,0.3883186199098321,-0.7185979240698804,0.29605232637795764,0.5309953248537633,0.46537590912889326,-0.03333401214646792,1.1623916326395585,1.1067486862953264,-0.3574307058815349,0.056669932724038974,0.8417460653418596,-0.1367447289522491,-0.8208203027932078,-0.03687211083455477,-2.0660791623765205
38-2_06_21,-0.6803497639608798,-0.06660910081712446,-0.3074835003233932,-0.10828470766785636,-1.0264148614557027,-0.6260459863145502,0.2023365550123879,1.1849564782016468,0.3269991999230728,-0.41190897538000426,0.5176703932056206,0.2590271844877423,0.9699656604715383,1.8991607708853764,-0.013541725851545117,-0.02315048944812781,-0.00901788778387247,0.7302621444260694,1.3179557098616916,0.08992320370913448,-0.03872662092995116,-0.02664912120453866,0.5635897808169493,0.5203651789170594,-0.010101085609753646,-0.018070995088560915,1.00488840715257,-0.3044691960605598,-0.031082933581281558,1.1491017623185968,0.49469907375596844,-0.7185979240698804,0.47791945395697566,-0.42557226939089954,-0.31277534125475037,-0.03333401214646792,-0.04172835001636621,1.5238720113397035,-0.3574307058815349,1.2070350213455314,0.29163766657061135,-0.1367447289522491,-0.8208203027932078,-0.03687211083455477,-0.5747174685422478
38-2_07_20,0.7225254623866701,-0.06660910081712446,-0.3074835003233932,-0.10828470766785636,1.422291458449377,-0.6260459863145502,-0.1354162476763331,0.6282615926375561,0.3203686210240595,-0.41190897538000426,0.2854595334600236,0.014043932656897962,-0.20874974241029182,-0.10516060289726625,-0.013541725851545117,-0.02315048944812781,-0.00901788778387247,-0.15796056502360145,0.7975967075579593,-0.5307928269685321,-0.03872662092995116,-0.02664912120453866,-1.326644885489407,-0.693951819514355,-0.010101085609753646,-0.018070995088560915,-0.250384097950736,0.899650786595365,-0.031082933581281558,-0.8433312464764884,-0.5951251710074853,-0.7185979240698804,-0.2198751924711085,-0.9969500259323955,-0.31277534125475037,-0.03333401214646792,-0.04172835001636621,-0.3846130075389462,-0.3574307058815349,-0.03811638665416195,-1.415932509527325,-0.1367447289522491,1.7244868136726161,-0.03687211083455477,-2.0660791623765205
38-2_09_20,1.4847107577482699,-0.06660910081712446,-0.3074835003233932,-0.10828470766785636,1.0563705088607473,-0.6260459863145502,-1.8429864237742695,0.24946128013512947,0.653583300059442,-0.41190897538000426,-0.15500812184792112,0.5517583069608094,0.9142104282159202,-0.10516060289726625,-0.013541725851545117,-0.02315048944812781,-0.00901788778387247,0.3861074793266741,1.2723185391471672,0.7115816700502466,1.283492673803968,-0.02664912120453866,0.4817911687987041,0.7344861204874111,-0.010101085609753646,-0.018070995088560915,0.5277671524329076,-0.3044691960605598,-0.031082933581281558,0.49729311094015494,0.7777025384000554,1.016468425614415,0.7273001174165534,0.6253201260355131,-0.31277534125475037,-0.03333401214646792,-0.04172835001636621,0.9376062871949731,-0.3574307058815349,-0.3286809486399781,0.9660845330475434,-0.1367447289522491,1.9396021806300041,-0.03687211083455477,-0.5747174685422478
38-2_09_21,-0.09408403981614927,-0.06660910081712446,1.809787795332371,0.8726920550187132,-1.0264148614557027,-0.6260459863145502,-0.5207671290403502,0.07108854388265318,0.05768361743629824,-0.41190897538000426,0.4050224803694691,0.4700561571326347,-1.250142427568517,-0.10516060289726625,-0.013541725851545117,-0.02315048944812781,-0.00901788778387247,0.9723732034714047,1.6238321914526652,0.31430521304572473,-0.03872662092995116,-0.02664912120453866,-1.326644885489407,0.44338007787300154,-0.010101085609753646,-0.018070995088560915,0.9034307663937929,-0.3044691960605598,-0.031082933581281558,0.5319165757035677,-0.09855464478718036,-0.7185979240698804,-0.2914931820490089,-0.12987804965113015,0.7286173439034747,-0.03333401214646792,-0.04172835001636621,-0.3846130075389462,-0.3574307058815349,0.39442273541275996,-1.415932509527325,-0.1367447289522491,-0.8208203027932078,-0.03687211083455477,-0.7438598676426011
38-2_11_20,0.042753920091858466,-0.06660910081712446,-0.3074835003233932,-0.10828470766785636,-1.0264148614557027,-0.6260459863145502,-1.8429864237742695,0.8300311778352927,0.3102289896731798,-0.41190897538000426,0.13236132349252427,0.21584981900398326,0.36264142915121855,-0.10516060289726625,-0.013541725851545117,-0.02315048944812781,-0.00901788778387247,0.0655553439602179,0.5001411722522762,-0.11530974363179863,-0.03872662092995116,-0.02664912120453866,-0.17029768462948308,-0.25856201321650873,-0.010101085609753646,-0.018070995088560915,0.05064589771324517,-0.3044691960605598,-0.031082933581281558,0.19806143868173673,0.19662438754790645,-0.7185979240698804,0.00867082233719857,-0.2530303421035715,-0.31277534125475037,-0.03333401214646792,-0.04172835001636621,-0.3846130075389462,-0.3574307058815349,0.056669932724038974,-1.415932509527325,-0.1367447289522491,2.0310492979365584,-0.03687211083455477,-0.5747174685422478
39-0_03_21,0.44613726121028097,-0.06660910081712446,-0.3074835003233932,0.4779810164768741,-1.0264148614557027,-0.6260459863145502,-0.35162472993999677,0.3718733831856773,0.5848231696653605,-0.41190897538000426,-0.1665239161723826,0.6926346720941974,0.6306711647122745,-0.10516060289726625,-0.013541725851545117,-0.02315048944812781,-0.00901788778387247,0.37400935770340604,0.32759519396124465,0.23955317771143975,-0.03872662092995116,-0.02664912120453866,1.2542800901862123,1.066311901530228,-0.010101085609753646,-0.018070995088560915,0.7708052011192019,-0.3044691960605598,-0.031082933581281558,1.2125333780587066,1.1156831238934963,0.8171180459156293,0.8960949461624872,1.104935070059424,0.6166435844595424,-0.03333401214646792,1.280490944717553,-0.3846130075389462,1.5510543129971148,-1.6509002433738975,1.1762442478685418,-0.1367447289522491,1.8960174205063165,-0.03687211083455477,-0.7438598676426011
39-0_05_20,-0.6803497639608798,-0.06660910081712446,-0.3074835003233932,-0.10828470766785636,1.180411014576147,-0.6260459863145502,-0.230202567054534,-0.2368586887358115,0.08148653210892287,0.910310319353915,-0.2798206050546703,-0.48615722205751766,-1.250142427568517,-0.10516060289726625,-0.013541725851545117,-0.02315048944812781,-0.00901788778387247,-0.5315412278361944,-1.2851886627584908,-0.01662035361112435,-0.03872662092995116,-0.02664912120453866,0.3200855007580161,0.060271300001496,-0.010101085609753646,-0.018070995088560915,0.3780048320995756,1.1105041519102583,-0.031082933581281558,-0.8433312464764884,0.19123604942098815,1.4095858673515664,0.15763779752175666,0.3945939085964333,-0.31277534125475037,-0.03333401214646792,-0.04172835001636621,-0.3846130075389462,-0.3574307058815349,-1.6509002433738975,0.5883888642553177,-0.1367447289522491,0.5941530451776101,-0.03687211083455477,-2.0660791623765205
39-0_06_21,-0.6803497639608798,-0.06660910081712446,-0.3074835003233932,-0.10828470766785636,1.8003076587132893,-0.6260459863145502,0.11605496854682407,1.0113283744500499,0.41235105223641,1.2008748813397312,0.3432625260472706,0.5810072045016808,0.8326429427479332,-0.10516060289726625,-0.013541725851545117,-0.02315048944812781,-0.00901788778387247,0.15541986902680904,0.32759519396124465,0.8316551128152747,-0.03872662092995116,-0.02664912120453866,1.1116336950032002,1.0251661550004838,-0.010101085609753646,-0.018070995088560915,1.370272381868885,-0.3044691960605598,-0.031082933581281558,0.9153054276094209,1.1419703113776198,0.7727637697643923,1.0331909006963793,0.3945939085964333,0.9543963871482635,-0.03333401214646792,-0.04172835001636621,-0.3846130075389462,0.9647885888523844,0.35342113040874523,1.3252190893244602,-0.1367447289522491,1.6577461928006354,-0.03687211083455477,-0.2148208136574452
39-0_07_20,0.32171339660289366,-0.06660910081712446,-0.3074835003233932,-0.10828470766785636,1.8003076587132893,-0.6260459863145502,0.27428487188149475,1.157721500593163,0.6101176062783518,1.8691243918677234,0.6548720926316938,0.5025216646210973,-1.250142427568517,-0.10516060289726625,-0.013541725851545117,-0.02315048944812781,-0.00901788778387247,0.39787769787809835,1.018007394661998,0.23103175687577632,-0.03872662092995116,-0.02664912120453866,0.5993543809667483,0.5141184767327542,-0.010101085609753646,-0.018070995088560915,0.6527058890412076,-0.3044691960605598,-0.031082933581281558,1.0242969225764427,0.4371305470910982,0.6676036813309131,0.4568184171537579,0.5309953248537633,-0.31277534125475037,-0.03333401214646792,-0.04172835001636621,-0.3846130075389462,-0.3574307058815349,0.6301331238738302,0.4925525093513247,-0.1367447289522491,1.6788667798251962,-0.03687211083455477,-0.1575941434978707
39-0_09_20,0.7974603005493353,-0.06660910081712446,-0.3074835003233932,-0.10828470766785636,1.4521516341381406,-0.6260459863145502,-1.8429864237742695,-0.012427801046537068,0.4247856904877578,-0.41190897538000426,-0.416216754568812,0.03366309873859996,0.0720768671654024,-0.10516060289726625,-0.013541725851545117,-0.02315048944812781,-0.00901788778387247,0.3487525624891826,0.2061730310757819,0.26786308907281936,-0.03872662092995116,-0.02664912120453866,0.744008565178753,0.39236637418400316,-0.010101085609753646,-0.018070995088560915,0.5625292586921196,1.2518333047067274,-0.031082933581281558,0.6480304473577844,0.2611931567640074,0.5285566908112462,0.2611411061320781,0.3945939085964333,0.46537590912889326,-0.03333401214646792,-0.04172835001636621,-0.3846130075389462,-0.3574307058815349,-1.6509002433738975,0.5431088827937685,-0.1367447289522491,1.3581566444999615,-0.03687211083455477,-2.0660791623765205
39-0_09_21,-0.6803497639608798,-0.06660910081712446,-0.3074835003233932,0.8024921079903782,2.442080163051367,0.9867378704051852,0.008271924944805775,0.9999304106734814,0.6959150006794947,1.3734208596307629,0.6098259782730271,1.1306344917880142,-0.20874974241029182,-0.10516060289726625,-0.013541725851545117,-0.02315048944812781,-0.00901788778387247,1.5946787597331107,0.2061730310757819,0.5533330016961551,-0.03872662092995116,-0.02664912120453866,0.6776764882932355,0.8676098213482526,-0.010101085609753646,-0.018070995088560915,0.819653768657019,-0.3044691960605598,-0.031082933581281558,0.4788880482574309,0.7955942581564418,1.132660424649195,0.5199536377280022,0.4814505722446114,0.7286173439034747,-0.03333401214646792,-0.04172835001636621,-0.3846130075389462,-0.3574307058815349,0.25758477550475234,0.7013387861284393,1.7977537222913185,1.533288136354193,-0.03687211083455477,-0.3585089862785841
39-0_11_20,-0.043527666373705365,-0.06660910081712446,-0.3074835003233932,-0.10828470766785636,-1.0264148614557027,-0.6260459863145502,0.16133495000837317,-0.15535943385065853,0.5195891780308022,-0.41190897538000426,0.10749697345690579,0.6234667101036766,0.30616007319877037,-0.10516060289726625,-0.013541725851545117,-0.02315048944812781,-0.00901788778387247,1.1203532440112363,1.1933778328353526,0.23389084871530413,-0.03872662092995116,-0.02664912120453866,-0.07949027060828054,0.3621949060258242,-0.010101085609753646,-0.018070995088560915,0.44858590638528284,-0.3044691960605598,-0.031082933581281558,0.6080364573921241,0.4697327473897489,-0.7185979240698804,0.35062041544170464,0.37826550842457607,-0.31277534125475037,-0.03333401214646792,-0.04172835001636621,-0.3846130075389462,1.2553531508382005,0.056669932724038974,0.19685134719241043,-0.1367447289522491,1.6719400862336298,-0.03687211083455477,0.1915994124926641
39-1_01_21,0.00175231508784357,1.255610193916795,-0.3074835003233932,-0.10828470766785636,-1.0264148614557027,1.1592838486962167,0.8014521656935691,1.022708889993773,0.5124927050728181,-0.41190897538000426,0.5130357953304501,0.7289343342426695,0.0720768671654024,-0.10516060289726625,-0.013541725851545117,-0.02315048944812781,-0.00901788778387247,0.39787769787809835,1.4559629360932944,0.07374649258825028,-0.03872662092995116,-0.02664912120453866,0.5635897808169493,0.40366873738792947,-0.010101085609753646,-0.018070995088560915,0.6389176045555743,-0.3044691960605598,-0.031082933581281558,0.8564276672170716,0.34488917775496514,-0.7185979240698804,0.41297864702396103,0.4943766539780238,0.7286173439034747,-0.03333401214646792,0.9996643351418588,1.1067486862953264,1.1339309879527377,0.952244129246285,0.7908933665045248,-0.1367447289522491,1.2436376864337104,-0.03687211083455477,-0.020756183589863086
39-1_03_21,1.0508935462306563,-0.06660910081712446,-0.3074835003233932,-0.10828470766785636,-1.0264148614557027,1.1592838486962167,0.9430547864682848,1.1160315817944055,0.6213986166880408,-0.41190897538000426,0.19772887259271354,0.7327865369154314,0.8833964808017005,-0.10516060289726625,-0.013541725851545117,-0.02315048944812781,-0.00901788778387247,0.6405838440018855,1.247565716234007,0.6602868259624295,-0.03872662092995116,-0.02664912120453866,1.0672226735515058,0.861997797117239,-0.010101085609753646,-0.018070995088560915,0.42630951167413056,-0.3044691960605598,-0.031082933581281558,1.2295533649268728,1.0020171256238715,-0.7185979240698804,0.8530252072349855,0.6784556764091254,0.8175584272402557,-0.03333401214646792,-0.04172835001636621,-0.3846130075389462,-0.3574307058815349,0.20035810534517784,0.8417460653418596,-0.1367447289522491,1.5520917001768986,0.6620978935014641,0.08313995027885945
39-1_05_20,-0.6803497639608798,-0.06660910081712446,-0.3074835003233932,-0.10828470766785636,-1.0264148614557027,-0.6260459863145502,-1.8429864237742695,-1.5541258832704783,-2.2706959860024396,-0.41190897538000426,-1.5473367474030684,-2.7191533324496717,-1.250142427568517,-0.10516060289726625,-0.013541725851545117,-0.02315048944812781,-0.00901788778387247,-1.5729339129944195,-1.2851886627584908,-1.1567024287900236,-0.03872662092995116,-0.02664912120453866,-1.326644885489407,-1.1787599029003084,-0.010101085609753646,-0.018070995088560915,-0.8524440892786984,-0.3044691960605598,-0.031082933581281558,-0.8433312464764884,-1.0996126099435142,-0.7185979240698804,-1.1998052096957745,-0.9969500259323955,-0.31277534125475037,-0.03333401214646792,-0.04172835001636621,-0.3846130075389462,-0.3574307058815349,-1.6509002433738975,-1.415932509527325,-0.1367447289522491,-0.8208203027932078,-0.03687211083455477,-2.0660791623765205
39-1_05_21,1.315703021516828,-0.06660910081712446,-0.3074835003233932,0.8726920550187132,-1.0264148614557027,-0.6260459863145502,1.2142992206439451,-0.2897578733326427,-0.4783042965041858,0.910310319353915,0.2939933310017455,0.43344074547779843,0.4126154041130572,-0.10516060289726625,-0.013541725851545117,-0.02315048944812781,-0.00901788778387247,0.08982391868715467,-1.2851886627584908,0.8562707891781678,-0.03872662092995116,-0.02664912120453866,1.0899956218488738,-0.06303055294864841,-0.010101085609753646,-0.018070995088560915,-0.15347408494267958,1.1105041519102583,-0.031082933581281558,0.1195974421479292,0.7010709463225753,1.3134833435415598,0.6353737649865148,0.4681279236678756,0.6166435844595424,-0.03333401214646792,-0.04172835001636621,-0.3846130075389462,1.2553531508382005,1.135140966868657,1.2477684158623232,-0.1367447289522491,1.0599932894875836,-0.03687211083455477,1.338925502673849
39-1_06_21,-0.15131070997572366,1.640961075280812,-0.3074835003233932,-0.10828470766785636,2.1528496028833226,1.2824390325640995,0.5390306188005989,1.0706471627439749,0.07369628768267122,-0.41190897538000426,0.548115808787274,0.10104812703596866,0.30616007319877037,-0.10516060289726625,-0.013541725851545117,-0.02315048944812781,-0.00901788778387247,0.5839179880755917,1.5283923258097012,0.2501123608733801,-0.03872662092995116,-0.02664912120453866,0.3200855007580161,0.26784382781541577,-0.010101085609753646,-0.018070995088560915,0.4697752054552209,-0.3044691960605598,-0.031082933581281558,0.6080364573921241,0.46398422558002084,-0.7185979240698804,0.2562668183570035,0.8486683348442969,-0.31277534125475037,-0.03333401214646792,-0.04172835001636621,1.5744283847821472,1.4278991291292322,1.7014752516266225,0.07542918430694767,1.18547456578167,0.8867498733047285,0.9173703986047701,0.1669169480156334
39-1_07_20,-0.6803497639608798,-0.06660910081712446,-0.3074835003233932,-0.10828470766785636,-1.0264148614557027,-0.6260459863145502,-1.8429864237742695,0.374318741458846,-0.3568821336187229,-0.41190897538000426,-0.1071241490484316,-0.3747610587645607,0.0720768671654024,-0.10516060289726625,-0.013541725851545117,-0.02315048944812781,-0.00901788778387247,0.03984994372531603,-1.2851886627584908,-0.059232397030089146,-0.03872662092995116,-0.02664912120453866,0.767942691599618,0.2960285199868825,-0.010101085609753646,-0.018070995088560915,0.42630951167413056,1.0177500986733596,-0.031082933581281558,0.5938425639591299,0.2966292754236607,-0.7185979240698804,0.233629092267865,0.2426615520942712,-0.31277534125475037,-0.03333401214646792,-0.04172835001636621,-0.3846130075389462,-0.3574307058815349,-0.3286809486399781,0.6293904692593324,-0.1367447289522491,0.5013989919407115,-0.03687211083455477,0.1915994124926641
39-1_09_20,-0.09408403981614927,-0.06660910081712446,-0.3074835003233932,-0.10828470766785636,1.4934131323200162,-0.6260459863145502,0.3638394522575803,0.6622285558024581,-0.36221096712378986,-0.41190897538000426,-0.0002198213131776594,0.2747235824915397,0.16483092040230107,-0.10516060289726625,-0.013541725851545117,-0.02315048944812781,-0.00901788778387247,0.19422195308776102,-1.2851886627584908,0.06710323522416156,-0.03872662092995116,-0.02664912120453866,-1.326644885489407,-0.24480285353267714,-0.010101085609753646,-0.018070995088560915,-0.15347408494267958,1.0177500986733596,-0.031082933581281558,0.4596683420503973,-0.36800419297813886,-0.7185979240698804,-0.48434102749819746,-0.2530303421035715,0.46537590912889326,-0.03333401214646792,-0.04172835001636621,1.32295716855899,-0.3574307058815349,0.6301331238738302,-1.415932509527325,-0.1367447289522491,-0.8208203027932078,-0.03687211083455477,0.514845813299099
39-1_09_21,-0.6803497639608798,-0.06660910081712446,2.2956608722967893,0.9331079774903687,-1.0264148614557027,-0.6260459863145502,0.5014058499108414,0.7784087552485328,0.5132075932702953,-0.41190897538000426,0.4174568509193961,1.0287243733701186,0.8833964808017005,1.451141897870021,-0.013541725851545117,-0.02315048944812781,-0.00901788778387247,1.5243233966990002,2.0823536107620857,0.7147951803343839,-0.03872662092995116,-0.02664912120453866,0.544538722839091,0.2921124025423525,-0.010101085609753646,-0.018070995088560915,1.6903813376804815,1.1105041519102583,1.355118671819512,0.4596683420503973,1.0938513605325406,-0.7185979240698804,0.4552712317557275,-0.9969500259323955,1.009443953479169,-0.03333401214646792,-0.04172835001636621,-0.3846130075389462,-0.3574307058815349,0.43188512694255266,0.8417460653418596,-0.1367447289522491,1.9281425584629535,-0.03687211083455477,-0.453295305656785
39-1_11_20,0.11470223696096529,-0.06660910081712446,-0.3074835003233932,-0.10828470766785636,-1.0264148614557027,-0.6260459863145502,0.30623268888111044,0.5824437037064474,-0.01542348089913359,-0.41190897538000426,0.12356600321553435,0.46154586884636317,-1.250142427568517,-0.10516060289726625,-0.013541725851545117,-0.02315048944812781,-0.00901788778387247,0.13463626310351695,0.42238151333944557,0.013748562912964946,-0.03872662092995116,-0.02664912120453866,-0.07949027060828054,-0.05130799290234045,-0.010101085609753646,-0.018070995088560915,-0.8524440892786984,-0.3044691960605598,-0.031082933581281558,0.41847212578577553,-0.030251390289417743,-0.7185979240698804,0.05779595772611429,-0.9969500259323955,-0.31277534125475037,-0.03333401214646792,-0.04172835001636621,-0.3846130075389462,-0.3574307058815349,0.25758477550475234,0.29163766657061135,-0.1367447289522491,-0.8208203027932078,-0.03687211083455477,-0.453295305656785
40-0_01_21,0.00175231508784357,-0.06660910081712446,-0.3074835003233932,-0.10828470766785636,0.46494683237856993,-0.6260459863145502,-0.35162472993999677,-0.040021062297646015,0.46570051627420295,-0.41190897538000426,0.23365234701648796,0.6548614078422401,0.9828536828236369,-0.10516060289726625,-0.013541725851545117,-0.02315048944812781,-0.00901788778387247,1.2004868102961908,0.7975967075579593,0.31097726969679723,-0.03872662092995116,-0.02664912120453866,0.5246134632296681,0.34512585759350106,-0.010101085609753646,-0.018070995088560915,0.2614992630281384,1.1105041519102583,-0.031082933581281558,0.4788880482574309,0.2966292754236607,0.6036213706640389,0.28701361340736675,0.07890332527901667,0.46537590912889326,-0.03333401214646792,-0.04172835001636621,-0.3846130075389462,1.3501394702164013,0.25758477550475234,0.6293904692593324,-0.1367447289522491,-0.8208203027932078,-0.03687211083455477,-0.2807493273657534
40-0_03_21,0.11470223696096529,-0.06660910081712446,-0.3074835003233932,-0.10828470766785636,0.46494683237856993,1.1592838486962167,1.683482088695208,0.7092283406183335,0.07955203233172314,-0.41190897538000426,0.7360043181305749,0.7358438848597884,-1.250142427568517,-0.10516060289726625,-0.013541725851545117,-0.02315048944812781,-0.00901788778387247,0.30787967928637194,-1.2851886627584908,0.3241387157547681,-0.03872662092995116,-0.02664912120453866,0.3515698972559922,-0.14447530574022271,-0.010101085609753646,-0.018070995088560915,-0.8524440892786984,-0.3044691960605598,-0.031082933581281558,0.160599047151944,-0.4092004092427607,-0.7185979240698804,-0.056689633369315595,-0.9969500259323955,0.46537590912889326,-0.03333401214646792,-0.04172835001636621,-0.3846130075389462,-0.3574307058815349,1.5137499725603991,0.19685134719241043,-0.1367447289522491,-0.8208203027932078,-0.03687211083455477,2.084093734016611
40-0_05_20,-0.6803497639608798,-0.06660910081712446,-0.3074835003233932,-0.10828470766785636,-1.0264148614557027,0.9867378704051852,0.2023365550123879,1.1273737858187172,0.7187538316642521,1.3734208596307629,0.6971364578999173,0.7155752093300862,0.2412192662657558,-0.10516060289726625,-0.013541725851545117,-0.02315048944812781,-0.00901788778387247,-0.15796056502360145,-1.2851886627584908,0.11084776977367722,-0.03872662092995116,-0.02664912120453866,0.5993543809667483,-0.24934097718601575,-0.010101085609753646,-0.018070995088560915,0.1889485958795267,-0.3044691960605598,-0.031082933581281558,0.1195974421479292,-0.5055705906313999,-0.7185979240698804,-0.0045306342677537415,-0.12987804965113015,-0.31277534125475037,-0.03333401214646792,-0.04172835001636621,-0.3846130075389462,-0.3574307058815349,1.012800682015751,0.19685134719241043,-0.1367447289522491,-0.8208203027932078,-0.03687211083455477,2.1589973992498717
40-0_05_21,-0.6803497639608798,-0.06660910081712446,-0.3074835003233932,-0.10828470766785636,-1.0264148614557027,-0.6260459863145502,-0.05765658876350244,-0.872023804221755,-1.0946047269467583,-0.41190897538000426,-0.6073000532552586,-0.6363679621332214,0.0720768671654024,-0.10516060289726625,-0.013541725851545117,-0.02315048944812781,-0.00901788778387247,-0.5315412278361944,-1.2851886627584908,-0.46337269180669755,-0.03872662092995116,-0.02664912120453866,-0.44203830419147677,-0.8441625595900588,-0.010101085609753646,-0.018070995088560915,-0.8524440892786984,-0.3044691960605598,-0.031082933581281558,-0.17715375553677706,-1.0996126099435142,-0.7185979240698804,-1.0783830468103117,-0.5469915815484784,-0.31277534125475037,-0.03333401214646792,-0.04172835001636621,-0.3846130075389462,-0.3574307058815349,-0.03811638665416195,-1.415932509527325,-0.1367447289522491,-0.8208203027932078,-0.03687211083455477,1.0346359241965613
40-0_07_20,-0.6803497639608798,-0.06660910081712446,-0.3074835003233932,-0.10828470766785636,-1.0264148614557027,-0.6260459863145502,-1.8429864237742695,-2.8763451780043976,-2.2706959860024396,-0.41190897538000426,-2.2514362737551386,-2.7191533324496717,-1.250142427568517,-0.10516060289726625,-0.013541725851545117,-0.02315048944812781,-0.00901788778387247,-1.5729339129944195,-1.2851886627584908,-1.4176152012460224,-0.03872662092995116,-0.02664912120453866,-1.326644885489407,-1.1074039943646403,-0.010101085609753646,-0.018070995088560915,-0.8524440892786984,-0.3044691960605598,-0.031082933581281558,-0.8433312464764884,-1.0996126099435142,-0.7185979240698804,-1.3689476087961279,-0.9969500259323955,-0.31277534125475037,-0.03333401214646792,-0.04172835001636621,-0.3846130075389462,-0.3574307058815349,-1.6509002433738975,-1.415932509527325,-0.1367447289522491,-0.8208203027932078,-0.03687211083455477,-2.0660791623765205
40-0_09_20,0.17640788859837045,-0.06660910081712446,-0.3074835003233932,-0.10828470766785636,0.46494683237856993,1.081524189783386,0.7023206926915546,0.6144557740064576,0.6762472846953858,1.0794527184542684,0.5651069021919757,0.8086054200713007,0.4126154041130572,-0.10516060289726625,-0.013541725851545117,-0.02315048944812781,-0.00901788778387247,0.6536659922129381,-1.2851886627584908,0.4806581617141304,-0.03872662092995116,-0.02664912120453866,0.3200855007580161,0.5188119065821222,-0.010101085609753646,-0.018070995088560915,-0.007346049264441573,-0.3044691960605598,-0.031082933581281558,0.4395585236629793,0.22260668479040524,-0.7185979240698804,0.2754440831518872,0.5859022219497829,-0.31277534125475037,-0.03333401214646792,-0.04172835001636621,-0.3846130075389462,-0.3574307058815349,1.194817774592761,0.8417460653418596,-0.1367447289522491,1.3992877852468473,-0.03687211083455477,1.8608289393289152
40-0_11_20,-0.6803497639608798,-0.06660910081712446,-0.3074835003233932,0.8726920550187132,-1.0264148614557027,1.1592838486962167,0.3638394522575803,0.955588552462348,0.5637247176790929,-0.41190897538000426,0.45572057371202734,0.26130455982642853,-0.04602244491259211,-0.10516060289726625,-0.013541725851545117,-0.02315048944812781,-0.00901788778387247,0.44200643679851714,-1.2851886627584908,0.5929840280473482,-0.03872662092995116,-0.02664912120453866,1.049323389642796,0.5817164331464337,-0.010101085609753646,-0.018070995088560915,0.791008587207489,1.3582886356210144,-0.031082933581281558,0.9083676685418668,0.7546193517751859,1.240443468251213,0.6592749530050142,0.9873260852363164,-0.31277534125475037,-0.03333401214646792,-0.04172835001636621,-0.3846130075389462,0.9647885888523844,0.20035810534517784,0.7332866031280549,-0.1367447289522491,-0.8208203027932078,-0.03687211083455477,-2.0660791623765205
40-1_01_21,-0.15131070997572366,-0.06660910081712446,1.0147357944105262,-0.10828470766785636,-1.0264148614557027,1.8069233045598556,0.8111901181036911,0.5519516359784822,-0.1403622175074335,-0.41190897538000426,0.3925145197207416,0.4825168471969101,-0.04602244491259211,-0.10516060289726625,-0.013541725851545117,-0.02315048944812781,-0.00901788778387247,0.7248265981047145,1.1144850587225474,0.23160508300775712,-0.03872662092995116,-0.02664912120453866,-0.07949027060828054,-0.17798506865034747,-0.010101085609753646,-0.018070995088560915,0.05064589771324517,0.7369234890976653,-0.031082933581281558,0.4788880482574309,-0.17964208767075188,-0.7185979240698804,-0.1336597016243892,-0.2530303421035715,0.8175584272402557,-0.03333401214646792,-0.04172835001636621,1.732658288116818,-0.3574307058815349,1.3908870755978544,-0.09371321479340572,-0.1367447289522491,-0.8208203027932078,-0.03687211083455477,0.38262715752855936
40-1_03_21,-0.6803497639608798,-0.06660910081712446,-0.3074835003233932,-0.10828470766785636,-1.0264148614557027,1.3329954060065432,1.008883176955497,1.1571187880730074,0.6673231114737705,-0.41190897538000426,0.6300613760776692,1.0605152947574765,0.7541789462141257,-0.10516060289726625,-0.013541725851545117,-0.02315048944812781,-0.00901788778387247,0.08982391868715467,0.623296356120159,0.16751362569997091,-0.03872662092995116,-0.02664912120453866,0.7561404848270429,0.49399747601546334,-0.010101085609753646,-0.018070995088560915,1.1518772845039442,-0.3044691960605598,-0.031082933581281558,0.6727832702709445,0.7531350903103001,1.11177685912367,0.5679489406550191,0.6060582423513907,0.6166435844595424,-0.03333401214646792,-0.04172835001636621,1.5744283847821472,1.4938276428375403,1.200969357355869,1.2839052163399207,-0.1367447289522491,-0.8208203027932078,-0.03687211083455477,0.05119213327924377
40-1_05_20,-0.09408403981614927,-0.06660910081712446,-0.3074835003233932,-0.10828470766785636,-1.0264148614557027,-0.6260459863145502,0.5899828671001364,1.190576794089599,0.6280291955870538,1.295661200717932,0.5961180613695916,0.7915256985825383,0.5694015079733518,1.217058691836653,-0.013541725851545117,-0.02315048944812781,-0.00901788778387247,0.6787043074537925,-1.2851886627584908,-0.04600413129633396,-0.03872662092995116,-0.02664912120453866,-1.326644885489407,-0.38787183111373225,-0.010101085609753646,-0.018070995088560915,0.1017984201606265,-0.3044691960605598,-0.031082933581281558,0.4395585236629793,-0.2636901467581697,-0.7185979240698804,-0.12179299391500123,0.2426615520942712,-0.31277534125475037,-0.03333401214646792,-0.04172835001636621,-0.3846130075389462,1.1339309879527377,0.5559256326579524,-0.09371321479340572,-0.1367447289522491,-0.8208203027932078,-0.03687211083455477,2.17574115614151
40-1_05_21,-0.043527666373705365,-0.06660910081712446,1.0147357944105262,0.6148189763848818,-1.0264148614557027,1.5231731263408297,0.6209065652116379,0.9047636577250691,0.34525406565396155,-0.41190897538000426,0.6751455588167008,0.8491657526454401,0.5694015079733518,-0.10516060289726625,-0.013541725851545117,-0.02315048944812781,-0.00901788778387247,-0.20186605072268315,1.0390937925392019,0.4652105698400541,-0.03872662092995116,-0.02664912120453866,0.9765511719310817,0.6591890953242843,-0.010101085609753646,-0.018070995088560915,0.8957439377275019,-0.3044691960605598,-0.031082933581281558,0.832113791664811,0.8951657765203387,0.8171180459156293,0.6688581856593503,0.7332041485858127,0.7286173439034747,-0.03333401214646792,-0.04172835001636621,1.32295716855899,-0.3574307058815349,1.3495338341054213,1.0170367813470809,-0.1367447289522491,0.7919635539265276,-0.03687211083455477,0.6905569458693277
40-1_06_21,0.34182321499031176,-0.06660910081712446,-0.3074835003233932,0.8726920550187132,-1.0264148614557027,1.081524189783386,0.9430547864682848,0.5040469820526297,0.6945057150234724,-0.41190897538000426,0.7461533804011518,1.002327522320378,0.49804559943768345,-0.10516060289726625,-0.013541725851545117,-0.02315048944812781,-0.00901788778387247,0.22983981229755623,1.247565716234007,0.5168832499975453,-0.03872662092995116,-0.02664912120453866,1.0553721570854613,0.9388072941649428,-0.010101085609753646,-0.018070995088560915,1.4353576406515276,-0.3044691960605598,-0.031082933581281558,0.7597146578331251,1.0036903871115825,0.9596168586755189,0.9211930444377272,1.1465821529598976,0.6166435844595424,-0.03333401214646792,-0.04172835001636621,-0.3846130075389462,1.2553531508382005,1.4532453071801106,1.3909255199914925,-0.1367447289522491,-0.8208203027932078,-0.03687211083455477,-0.020756183589863086
40-1_07_20,0.08021631162165108,-0.06660910081712446,-0.3074835003233932,-0.10828470766785636,-1.0264148614557027,-0.6260459863145502,-0.05765658876350244,1.0676931020500207,0.2721294409567403,0.910310319353915,-0.008496520657313988,0.43037368130467635,0.2412192662657558,1.3862010909370064,-0.013541725851545117,-0.02315048944812781,-0.00901788778387247,0.560604995375798,-1.2851886627584908,0.16950124693548446,-0.03872662092995116,-0.02664912120453866,-0.17029768462948308,-0.026034862168839823,-0.010101085609753646,-0.018070995088560915,0.3236471697769828,-0.3044691960605598,-0.031082933581281558,0.160599047151944,-0.08811437082758125,-0.7185979240698804,-0.06688480769437882,0.26482372193534554,-0.31277534125475037,-0.03333401214646792,-0.04172835001636621,-0.3846130075389462,-0.3574307058815349,0.056669932724038974,0.19685134719241043,-0.1367447289522491,-0.8208203027932078,-0.03687211083455477,1.299595978079397
40-1_09_20,-0.38978520197506344,-0.06660910081712446,-0.3074835003233932,0.6148189763848818,1.8492250755484656,0.9867378704051852,0.649773965252568,0.7531663561960555,0.03033400966154165,-0.41190897538000426,0.08865427703676554,0.7075205555717015,0.6011159211505583,-0.10516060289726625,-0.013541725851545117,-0.02315048944812781,-0.00901788778387247,0.15541986902680904,-1.2851886627584908,0.72300373964744,-0.03872662092995116,-0.02664912120453866,0.4817911687987041,0.2256461480209609,-0.010101085609753646,-0.018070995088560915,0.4028284158246077,-0.3044691960605598,-0.031082933581281558,0.2942530156584561,0.48377971837672384,0.7727637697643923,0.5022359995323703,-0.03404394477598465,0.46537590912889326,-0.03333401214646792,-0.04172835001636621,-0.3846130075389462,-0.3574307058815349,-0.03811638665416195,0.9284597641577859,-0.1367447289522491,-0.8208203027932078,-0.03687211083455477,-2.0660791623765205
40-1_09_21,0.37944798388006945,-0.06660910081712446,-0.3074835003233932,0.6148189763848818,-1.0264148614557027,1.4192769924721071,1.7346202535882662,1.1514527653459017,0.14760530531730587,-0.41190897538000426,0.25049024972126244,0.6849959167600235,1.5251038321717196,1.9592973863296521,-0.013541725851545117,-0.02315048944812781,-0.00901788778387247,0.11280782560784419,0.7975967075579593,0.12131320345184221,-0.03872662092995116,-0.02664912120453866,0.2861389712303283,0.17890274447863463,-0.010101085609753646,-0.018070995088560915,0.7273395073381118,-0.3044691960605598,-0.031082933581281558,0.5482453592396924,0.8114800089748817,-0.7185979240698804,0.4442837958154666,0.5191288957488225,0.8913446414011744,-0.03333401214646792,-0.04172835001636621,1.1067486862953264,1.3501394702164013,0.6522958140465914,0.369397325483442,-0.1367447289522491,1.5788534186878302,-0.03687211083455477,1.6566370051119743
40-1_11_20,-0.6803497639608798,-0.06660910081712446,-0.3074835003233932,-0.10828470766785636,-1.0264148614557027,-0.6260459863145502,0.8300344833546267,0.9111861381228366,0.13754397930940998,-0.41190897538000426,0.37862892521019664,0.12965136860213233,1.269685566207202,-0.10516060289726625,-0.013541725851545117,-0.02315048944812781,-0.00901788778387247,-0.4426001444994133,-1.2851886627584908,0.18889261443525412,-0.03872662092995116,-0.02664912120453866,0.6161896082806883,0.1489638315762687,-0.010101085609753646,-0.018070995088560915,0.4697752054552209,-0.3044691960605598,-0.031082933581281558,0.6351040621410053,0.5000574943770263,0.6036213706640389,0.41638222621463916,0.5537976372733912,-0.31277534125475037,-0.03333401214646792,-0.04172835001636621,-0.3846130075389462,-0.3574307058815349,0.39442273541275996,1.0479604794585824,-0.1367447289522491,-0.8208203027932078,-0.03687211083455477,-0.2807493273657534
40-2_01_21,-0.6803497639608798,-0.06660910081712446,-0.3074835003233932,-0.10828470766785636,-1.0264148614557027,-0.6260459863145502,0.27428487188149475,-0.07977084479396801,-0.2884247529628712,-0.41190897538000426,-0.19389067539921778,-0.050767415759671364,0.36264142915121855,-0.10516060289726625,-0.013541725851545117,1.4682112043861448,-0.00901788778387247,0.47238906579223794,1.4714474454873574,-0.31562566270869097,-0.03872662092995116,-0.02664912120453866,-1.326644885489407,-0.27761307119436707,-0.010101085609753646,-0.018070995088560915,0.14755591072130161,1.0177500986733596,-0.031082933581281558,0.26449518102066655,-0.17964208767075188,-0.7185979240698804,-0.3879708461095583,-0.07932286316220488,-0.31277534125475037,-0.03333401214646792,-0.04172835001636621,-0.3846130075389462,-0.3574307058815349,-0.3286809486399781,-1.415932509527325,-0.1367447289522491,-0.8208203027932078,-0.03687211083455477,-2.0660791623765205
40-2_03_21,1.0231463252065416,-0.06660910081712446,-0.3074835003233932,-0.10828470766785636,-1.0264148614557027,0.9867378704051852,0.6897679552182283,1.0497913930630514,0.4377249141322732,-0.41190897538000426,0.1381858917777934,0.6073873360668902,0.7541789462141257,-0.10516060289726625,-0.013541725851545117,-0.02315048944812781,-0.00901788778387247,0.2783244357246558,0.7601343160281666,-0.010574393111785596,-0.03872662092995116,-0.02664912120453866,0.45868494952135985,0.7025636042939443,-0.010101085609753646,-0.018070995088560915,0.578919674880289,1.186892497773713,-0.031082933581281558,0.8564276672170716,0.46108117678974503,-0.7185979240698804,0.16676836118938188,0.3436428565446938,-0.31277534125475037,-0.03333401214646792,-0.04172835001636621,-0.3846130075389462,-0.3574307058815349,0.056669932724038974,0.29163766657061135,-0.1367447289522491,-0.8208203027932078,-0.03687211083455477,0.6069417447523757
40-2_05_20,-0.6803497639608798,-0.06660910081712446,-0.3074835003233932,-0.10828470766785636,0.6811553146422336,0.8653157075197224,0.16133495000837317,0.788860450430203,0.4641038435864073,0.910310319353915,0.3611482714755814,0.48659220849299056,0.0720768671654024,-0.10516060289726625,-0.013541725851545117,-0.02315048944812781,-0.00901788778387247,0.30787967928637194,-1.2851886627584908,0.27049040792597717,-0.03872662092995116,-0.02664912120453866,0.059556719911386335,-0.004741652467492474,-0.010101085609753646,-0.018070995088560915,0.05064589771324517,-0.3044691960605598,-0.031082933581281558,0.2942530156584561,-0.43136309941552203,0.32279476108834465,-0.11024192785442782,0.04441820959410684,-0.31277534125475037,-0.03333401214646792,-0.04172835001636621,-0.3846130075389462,-0.3574307058815349,0.7487734781071408,0.4925525093513247,-0.1367447289522491,-0.8208203027932078,-0.03687211083455477,1.9330948932119645
40-2_05_21,0.39710466278623924,-0.06660910081712446,-0.3074835003233932,-0.10828470766785636,-1.0264148614557027,0.8653157075197224,0.8300344833546267,1.2520864030888488,0.44614173729708484,-0.41190897538000426,0.5413782689603919,0.9516489518112723,0.49804559943768345,-0.10516060289726625,-0.013541725851545117,-0.02315048944812781,-0.00901788778387247,0.5187330446012651,1.018007394661998,0.4577865517608472,-0.03872662092995116,-0.02664912120453866,0.9147355486582046,0.8343031444021538,-0.010101085609753646,-0.018070995088560915,0.9399476002195554,-0.3044691960605598,-0.031082933581281558,0.848473333471856,0.7044104051596949,-0.7185979240698804,0.5832218920203317,-0.2530303421035715,0.7286173439034747,-0.03333401214646792,-0.04172835001636621,-0.3846130075389462,1.1339309879527377,0.5559256326579524,0.5431088827937685,-0.1367447289522491,-0.8208203027932078,-0.03687211083455477,1.0346359241965613
40-2_06_21,0.43040023217960677,-0.06660910081712446,-0.3074835003233932,-0.10828470766785636,-1.0264148614557027,0.8653157075197224,1.008883176955497,1.0716274012413827,0.3627724695771468,-0.41190897538000426,0.6194830871515922,0.4410149605088407,-1.250142427568517,-0.10516060289726625,-0.013541725851545117,-0.02315048944812781,-0.00901788778387247,0.6471741750456358,0.921637213273359,-0.06486534865567362,-0.03872662092995116,-0.02664912120453866,0.24931230327435006,0.04432791883159637,-0.010101085609753646,-0.018070995088560915,0.7386205177478008,-0.3044691960605598,-0.031082933581281558,-0.8433312464764884,0.04423964158259851,-0.7185979240698804,0.119065614465037,0.5069290967404186,0.6166435844595424,-0.03333401214646792,-0.04172835001636621,-0.3846130075389462,1.2553531508382005,1.0221206637549987,0.07542918430694767,-0.1367447289522491,2.1596375894828923,0.9173703986047701,0.14074671365532931
40-2_07_20,-0.6803497639608798,-0.06660910081712446,-0.3074835003233932,-0.10828470766785636,-1.0264148614557027,-0.6260459863145502,0.2397989465421806,0.15748051594891255,-0.27946991030994484,-0.41190897538000426,0.18642412779308004,0.02592145913238597,-1.250142427568517,-0.10516060289726625,-0.013541725851545117,-0.02315048944812781,-0.00901788778387247,-0.2507146182605001,-1.2851886627584908,-0.6480641226242964,-0.03872662092995116,-0.02664912120453866,-1.326644885489407,-0.7934090215362914,-0.010101085609753646,-0.018070995088560915,-0.8524440892786984,-0.3044691960605598,-0.031082933581281558,-0.8433312464764884,-1.0996126099435142,-0.7185979240698804,-0.9429788765238467,-0.9969500259323955,-0.31277534125475037,-0.03333401214646792,-0.04172835001636621,-0.3846130075389462,-0.3574307058815349,0.5280767039192721,-1.415932509527325,-0.1367447289522491,-0.8208203027932078,-0.03687211083455477,2.0039956638910077
40-2_09_20,-0.6803497639608798,-0.06660910081712446,-0.3074835003233932,-0.10828470766785636,0.9326265308653907,-0.6260459863145502,0.9772150357113707,0.7976888224268572,0.25174824750388036,-0.41190897538000426,0.4927482287299012,0.400102556828265,-1.250142427568517,-0.10516060289726625,-0.013541725851545117,-0.02315048944812781,-0.00901788778387247,0.13463626310351695,-1.2851886627584908,-0.1962776871000061,-0.03872662092995116,-0.02664912120453866,-1.326644885489407,-0.6574349856885925,-0.010101085609753646,-0.018070995088560915,-0.8524440892786984,-0.3044691960605598,-0.031082933581281558,-0.17715375553677706,-1.0996126099435142,-0.7185979240698804,-0.52681404774561,-0.9969500259323955,-0.31277534125475037,-0.03333401214646792,-0.04172835001636621,-0.3846130075389462,-0.3574307058815349,1.0312448329999344,0.4925525093513247,-0.1367447289522491,-0.8208203027932078,-0.03687211083455477,1.855659321308078
40-2_09_21,-0.6803497639608798,-0.06660910081712446,-0.3074835003233932,-0.10828470766785636,-1.0264148614557027,-0.6260459863145502,-1.8429864237742695,-1.2135873463228235,-2.2706959860024396,-0.41190897538000426,-1.530663126456312,-1.3041799844788535,-1.250142427568517,-0.10516060289726625,-0.013541725851545117,-0.02315048944812781,-0.00901788778387247,-1.5729339129944195,-1.2851886627584908,-1.2501241139522588,-0.03872662092995116,-0.02664912120453866,-1.326644885489407,-1.1787599029003084,-0.010101085609753646,-0.018070995088560915,-0.8524440892786984,-0.3044691960605598,-0.031082933581281558,-0.8433312464764884,-1.0996126099435142,-0.7185979240698804,-1.3689476087961279,-0.9969500259323955,-0.31277534125475037,-0.03333401214646792,-0.04172835001636621,-0.3846130075389462,-0.3574307058815349,-1.6509002433738975,-1.415932509527325,-0.1367447289522491,-0.8208203027932078,-0.03687211083455477,-2.0660791623765205
40-2_11_20,-0.38978520197506344,-0.06660910081712446,-0.3074835003233932,-0.10828470766785636,-1.0264148614557027,1.225212362404525,0.6635186086306026,0.6931457763443856,0.52587834720799,-0.41190897538000426,0.513109748006088,0.45577826107877084,0.8833964808017005,-0.10516060289726625,-0.013541725851545117,-0.02315048944812781,-0.00901788778387247,1.1290655618952172,1.2346393310172281,-0.16949762703045296,-0.03872662092995116,-0.02664912120453866,0.059556719911386335,0.10486434142386153,-0.010101085609753646,-0.018070995088560915,0.5277671524329076,1.2518333047067274,-0.031082933581281558,-0.8433312464764884,0.06647800533949001,0.5285566908112462,0.00867082233719857,0.04441820959410684,0.8175584272402557,-0.03333401214646792,-0.04172835001636621,-0.3846130075389462,-0.3574307058815349,-0.03811638665416195,0.5431088827937685,-0.1367447289522491,0.22057238236501725,-0.03687211083455477,0.4914280395291375
41-0_01_21,0.43040023217960677,-0.06660910081712446,-0.3074835003233932,-0.10828470766785636,-1.0264148614557027,-0.6260459863145502,0.11605496854682407,0.3128643115779086,-0.4073731258819837,-0.41190897538000426,-0.2096138067885549,0.5077042378390522,-1.250142427568517,-0.10516060289726625,-0.013541725851545117,-0.02315048944812781,-0.00901788778387247,-0.2507146182605001,0.32759519396124465,-0.006590012120196775,-0.03872662092995116,-0.02664912120453866,0.3515698972559922,-0.26798308724207387,-0.010101085609753646,-0.018070995088560915,0.1889485958795267,-0.3044691960605598,-0.031082933581281558,-0.8433312464764884,-0.07791919650251795,0.16600865722804997,-0.032202060865612114,-0.12987804965113015,-0.31277534125475037,-0.03333401214646792,-0.04172835001636621,1.400716827471821,1.2553531508382005,0.43188512694255266,0.07542918430694767,-0.1367447289522491,-0.8208203027932078,-0.03687211083455477,1.0613496154750783
41-0_03_21,-0.6803497639608798,-0.06660910081712446,-0.3074835003233932,-0.10828470766785636,-1.0264148614557027,-0.6260459863145502,0.2023365550123879,0.6818832437989282,-0.06657600334651481,-0.41190897538000426,0.13040231118987533,0.6745973078984087,0.30616007319877037,-0.10516060289726625,-0.013541725851545117,-0.02315048944812781,-0.00901788778387247,0.2123959220163476,0.8640304498968892,0.5456169069169852,-0.03872662092995116,-0.02664912120453866,0.2861389712303283,0.2841726113515405,-0.010101085609753646,-0.018070995088560915,0.5277671524329076,-0.3044691960605598,-0.031082933581281558,0.5149497898463248,0.56429506218179,-0.7185979240698804,0.4583601102243007,0.1946254230488462,-0.31277534125475037,-0.03333401214646792,-0.04172835001636621,0.9376062871949731,1.4278991291292322,0.7487734781071408,0.4353258391917502,-0.1367447289522491,0.22057238236501725,-0.03687211083455477,1.1894345504430128
41-0_05_20,0.2551095161743855,-0.06660910081712446,-0.3074835003233932,-0.10828470766785636,1.0563705088607473,-0.6260459863145502,0.27428487188149475,0.8313101455267895,0.6089732196296138,0.910310319353915,0.12717747038579752,0.7250476564144879,-1.250142427568517,-0.10516060289726625,-0.013541725851545117,-0.02315048944812781,-0.00901788778387247,0.29335342608977544,-1.2851886627584908,0.9120817172247513,-0.03872662092995116,-0.02664912120453866,0.8890807790681604,0.3839576994696325,-0.010101085609753646,-0.018070995088560915,0.5277671524329076,1.186892497773713,-0.031082933581281558,0.5482453592396924,0.4522537492710472,0.9596168586755189,0.40782273587113016,0.6867122803394443,-0.31277534125475037,-0.03333401214646792,-0.04172835001636621,-0.3846130075389462,-0.3574307058815349,0.13442959163686963,1.0170367813470809,-0.1367447289522491,-0.8208203027932078,-0.03687211083455477,0.7270124378000598
41-0_05_21,-0.6803497639608798,-0.06660910081712446,1.6515578919977003,-0.10828470766785636,-1.0264148614557027,-0.6260459863145502,0.008271924944805775,0.43136474540040926,-0.2750607914048897,-0.41190897538000426,0.638896191454746,0.4797785374825374,-1.250142427568517,-0.10516060289726625,-0.013541725851545117,-0.02315048944812781,-0.00901788778387247,1.202312346745817,0.32759519396124465,0.08753477707388363,-0.03872662092995116,-0.02664912120453866,-1.326644885489407,-0.10347370073620782,-0.010101085609753646,-0.018070995088560915,-0.07429283889505478,-0.3044691960605598,-0.031082933581281558,0.160599047151944,-0.08811437082758125,-0.7185979240698804,-0.2662852668989801,-0.12987804965113015,-0.31277534125475037,-0.03333401214646792,-0.04172835001636621,-0.3846130075389462,1.4278991291292322,1.4213496542396173,0.07542918430694767,-0.1367447289522491,-0.8208203027932078,-0.03687211083455477,-2.0660791623765205
41-0_06_21,0.32171339660289366,-0.06660910081712446,1.8714934469697764,0.6148189763848818,-1.0264148614557027,-0.6260459863145502,0.27428487188149475,0.2792944557553789,0.4844162803926315,-0.41190897538000426,0.6114210003351463,0.5666289413297234,-0.20874974241029182,1.5575972287843078,-0.013541725851545117,-0.02315048944812781,-0.00901788778387247,0.9020104224709685,1.5148406964856436,0.2582709191807943,-0.03872662092995116,-0.02664912120453866,0.5818401333892426,0.556781969093515,-0.010101085609753646,-0.018070995088560915,-0.8524440892786984,1.2518333047067274,-0.031082933581281558,0.5639823882703665,0.38486084303017043,-0.7185979240698804,0.6312591488759054,0.4814505722446114,0.9543963871482635,-0.03333401214646792,-0.04172835001636621,1.1067486862953264,-0.3574307058815349,1.1693012161117426,0.29163766657061135,-0.1367447289522491,-0.8208203027932078,-0.03687211083455477,-0.2807493273657534
41-0_07_20,-0.6803497639608798,-0.06660910081712446,-0.3074835003233932,-0.10828470766785636,0.5863689952640327,-0.6260459863145502,-1.8429864237742695,-0.027540476952593762,0.373742603465399,-0.41190897538000426,-0.35152913119770246,0.8561500009727274,0.2412192662657558,-0.10516060289726625,-0.013541725851545117,-0.02315048944812781,-0.00901788778387247,0.45237195227035076,-1.2851886627584908,0.7879394130456003,-0.03872662092995116,-0.02664912120453866,0.5246134632296681,0.40770683697673243,-0.010101085609753646,-0.018070995088560915,0.2614992630281384,-0.3044691960605598,-0.031082933581281558,0.37295464323447114,0.3254282839250923,0.43774927679004366,0.3736653162085267,0.5960971569143618,-0.31277534125475037,-0.03333401214646792,-0.04172835001636621,-0.3846130075389462,-0.3574307058815349,-0.03811638665416195,0.7332866031280549,-0.1367447289522491,-0.8208203027932078,-0.03687211083455477,-0.2148208136574452
41-0_09_20,0.49019133033203854,-0.06660910081712446,-0.3074835003233932,-0.10828470766785636,2.0231907511392704,-0.6260459863145502,0.30623268888111044,0.7407600524979805,0.20352027807381567,-0.41190897538000426,0.4365692165848605,0.8916132623235995,0.36264142915121855,-0.10516060289726625,-0.013541725851545117,-0.02315048944812781,-0.00901788778387247,0.39787769787809835,-1.2851886627584908,0.3536695901847042,-0.03872662092995116,-0.02664912120453866,0.2861389712303283,-0.19375066479993944,-0.010101085609753646,-0.018070995088560915,-0.8524440892786984,-0.3044691960605598,-0.031082933581281558,0.37295464323447114,-0.048695541273601387,-0.7185979240698804,0.004314772960150315,-0.2530303421035715,0.6166435844595424,-0.03333401214646792,-0.04172835001636621,1.6197083662436964,1.2553531508382005,1.0575206567608153,0.19685134719241043,-0.1367447289522491,0.5013989919407115,-0.03687211083455477,0.740778867142297
41-0_09_21,-0.043527666373705365,-0.06660910081712446,-0.3074835003233932,-0.10828470766785636,-1.0264148614557027,-0.6260459863145502,-0.05765658876350244,-0.24186790784366607,-0.31165459368134607,-0.41190897538000426,-0.05406017179855338,-0.028071840326703068,-1.250142427568517,-0.10516060289726625,-0.013541725851545117,-0.02315048944812781,-0.00901788778387247,-0.08157221916014673,-1.2851886627584908,-0.477802407229339,-0.03872662092995116,-0.02664912120453866,-1.326644885489407,-1.0756895811874336,-0.010101085609753646,-0.018070995088560915,0.29368394639953965,-0.3044691960605598,-0.031082933581281558,-0.8433312464764884,-0.2957559593249686,-0.7185979240698804,-0.8103533112492558,-0.9969500259323955,-0.31277534125475037,-0.03333401214646792,-0.04172835001636621,-0.3846130075389462,-0.3574307058815349,0.20035810534517784,-1.415932509527325,-0.1367447289522491,0.9645095322175592,-0.03687211083455477,-2.0660791623765205
41-0_11_20,-0.6803497639608798,-0.06660910081712446,-0.3074835003233932,-0.10828470766785636,-1.0264148614557027,-0.6260459863145502,-0.5207671290403502,-0.13915253529966032,-0.4853661509916726,-0.41190897538000426,0.06336924074405781,0.4288319882341336,-1.250142427568517,-0.10516060289726625,-0.013541725851545117,-0.02315048944812781,-0.00901788778387247,0.2627566584980061,-1.2851886627584908,0.8937646441570162,-0.03872662092995116,-0.02664912120453866,0.4342799629197258,0.37321260704484344,-0.010101085609753646,-0.018070995088560915,-0.8524440892786984,-0.3044691960605598,-0.031082933581281558,0.41847212578577553,0.35985343095026523,-0.7185979240698804,0.3345484803712935,0.37826550842457607,-0.31277534125475037,-0.03333401214646792,-0.04172835001636621,-0.3846130075389462,-0.3574307058815349,0.6522958140465914,0.4925525093513247,1.18547456578167,-0.8208203027932078,-0.03687211083455477,-0.2807493273657534
41-1_01_21,0.39710466278623924,-0.06660910081712446,-0.3074835003233932,-0.10828470766785636,-1.0264148614557027,-0.6260459863145502,0.9570429354698649,0.6207227583941073,0.0011456205340594217,-0.41190897538000426,0.30559421837251244,0.7500794100569406,0.9429821707859447,-0.10516060289726625,-0.013541725851545117,-0.02315048944812781,-0.00901788778387247,-0.08157221916014673,1.2601184537073333,0.4655450284487315,-0.03872662092995116,-0.02664912120453866,0.9147355486582046,0.5203651789170594,-0.010101085609753646,-0.018070995088560915,0.44858590638528284,-0.3044691960605598,-0.031082933581281558,0.3482721787574405,1.0045246065035114,1.6752696349710323,0.7435616382497106,1.058866331379822,0.6166435844595424,-0.03333401214646792,-0.04172835001636621,-0.3846130075389462,1.1339309879527377,0.712711736518247,1.3629419624754147,-0.1367447289522491,-0.8208203027932078,-0.03687211083455477,1.2824204079073174
41-1_03_21,-0.6803497639608798,-0.06660910081712446,1.3053003563963421,-0.10828470766785636,-1.0264148614557027,-0.6260459863145502,0.5566872977067687,0.7142737702021802,0.0515233087314797,-0.41190897538000426,-0.01969928079922667,0.27251567493027706,0.8143155616584015,-0.10516060289726625,-0.013541725851545117,-0.02315048944812781,-0.00901788778387247,0.2783244357246558,0.7601343160281666,0.4918149637769402,-0.03872662092995116,-0.02664912120453866,-0.2852522003311821,-0.0970012339648729,-0.010101085609753646,-0.018070995088560915,0.14755591072130161,-0.3044691960605598,-0.031082933581281558,-0.8433312464764884,0.08763289258088476,-0.7185979240698804,-0.10457959885829216,-0.03404394477598465,-0.31277534125475037,-0.03333401214646792,-0.04172835001636621,-0.3846130075389462,-0.3574307058815349,0.4983188692814825,0.29163766657061135,-0.1367447289522491,-0.8208203027932078,-0.03687211083455477,1.5250967879352708
41-1_05_20,-0.6803497639608798,-0.06660910081712446,-0.3074835003233932,-0.10828470766785636,1.0563705088607473,-0.6260459863145502,0.30623268888111044,1.0438303440056251,0.6708154466319634,1.0794527184542684,0.23673733580523115,0.7901836255679726,1.1318746150063514,-0.10516060289726625,-0.013541725851545117,1.9358909028729658,-0.00901788778387247,0.6270953535593508,-1.2851886627584908,0.49713228348988553,-0.03872662092995116,-0.02664912120453866,-0.07949027060828054,0.09671598829128464,-0.010101085609753646,-0.018070995088560915,0.42630951167413056,1.1105041519102583,-0.031082933581281558,0.3482721787574405,-0.03937555953435335,-0.7185979240698804,0.24383624792360759,0.006956697599660797,0.6166435844595424,-0.03333401214646792,-0.04172835001636621,-0.3846130075389462,-0.3574307058815349,0.39442273541275996,-0.09371321479340572,-0.1367447289522491,-0.8208203027932078,-0.03687211083455477,1.1273237406858971
41-1_05_21,-0.15131070997572366,-0.06660910081712446,1.4000866757745432,-0.10828470766785636,-1.0264148614557027,-0.6260459863145502,0.8981651750775157,0.6383353661205842,0.05768361743629824,-0.41190897538000426,0.3672951318565125,0.2747235824915397,0.7751634376962533,-0.10516060289726625,-0.013541725851545117,-0.02315048944812781,-0.00901788778387247,0.9335711194104527,1.2075717262683467,-0.21031355980390837,-0.03872662092995116,-0.02664912120453866,0.20907108449610257,0.07994577804139158,-0.010101085609753646,-0.018070995088560915,0.05064589771324517,1.0177500986733596,-0.031082933581281558,-0.8433312464764884,0.4552162060642806,-0.7185979240698804,0.22581314379033512,-0.07932286316220488,0.6166435844595424,-0.03333401214646792,-0.04172835001636621,1.466645341180129,-0.3574307058815349,0.5559256326579524,-0.09371321479340572,-0.1367447289522491,-0.8208203027932078,-0.03687211083455477,-0.2148208136574452
41-1_07_20,-0.6803497639608798,-0.06660910081712446,-0.3074835003233932,-0.10828470766785636,0.7589149735550642,-0.6260459863145502,-0.35162472993999677,0.1086319484110958,0.06974812883767867,-0.41190897538000426,0.01026226131571728,0.3343092724757837,0.6011159211505583,1.0989593797586585,-0.013541725851545117,-0.02315048944812781,-0.00901788778387247,0.44200643679851714,-1.2851886627584908,-0.050368936698784006,-0.03872662092995116,-0.02664912120453866,-0.44203830419147677,-0.08746988253231046,-0.010101085609753646,-0.018070995088560915,0.2614992630281384,-0.3044691960605598,-0.031082933581281558,0.23254736402105086,-0.067957877195411,-0.7185979240698804,-0.11597905860238605,-0.2530303421035715,-0.31277534125475037,-0.03333401214646792,-0.04172835001636621,1.8730655673302383,-0.3574307058815349,0.712711736518247,0.369397325483442,-0.1367447289522491,-0.8208203027932078,-0.03687211083455477,-0.020756183589863086
41-1_09_20,0.2551095161743855,-0.06660910081712446,-0.3074835003233932,0.6148189763848818,1.8375025155021578,-0.6260459863145502,0.4146921510949151,0.8934750797591944,0.12550336109329674,1.3734208596307629,0.5928070795095148,0.03366309873859996,0.7321288054710515,-0.10516060289726625,-0.013541725851545117,-0.02315048944812781,-0.00901788778387247,0.2783244357246558,1.2601184537073333,-0.10399607827402074,-0.03872662092995116,-0.02664912120453866,0.24931230327435006,0.18565707162806566,-0.010101085609753646,-0.018070995088560915,-0.8524440892786984,-0.3044691960605598,-0.031082933581281558,0.160599047151944,0.08763289258088476,-0.7185979240698804,0.21516813827504355,0.8652460836590098,0.46537590912889326,-0.03333401214646792,-0.04172835001636621,-0.3846130075389462,-0.3574307058815349,0.9935383460939412,0.07542918430694767,1.18547456578167,0.6705413910410649,0.808225929179702,-0.2148208136574452
41-1_11_20,0.1466500539605809,-0.06660910081712446,-0.3074835003233932,0.8024921079903782,-1.0264148614557027,-0.6260459863145502,0.4146921510949151,0.5639340352311906,0.6499490154043479,-0.41190897538000426,0.24339310769673705,0.8675464691743777,0.7951805512181405,-0.10516060289726625,-0.013541725851545117,-0.02315048944812781,-0.00901788778387247,0.36156453824914825,1.5787287141993698,0.4263865963302949,-0.03872662092995116,-0.02664912120453866,0.9765511719310817,0.780281489420785,-0.010101085609753646,-0.018070995088560915,1.1431911053188515,-0.3044691960605598,-0.031082933581281558,0.6605831848311107,0.9532783143306437,1.3759896530191447,0.7728753019087637,1.4073606760948667,-0.31277534125475037,-0.03333401214646792,-0.04172835001636621,-0.3846130075389462,-0.3574307058815349,-0.1595385495396247,1.0479604794585824,-0.1367447289522491,-0.8208203027932078,-0.03687211083455477,-0.3585089862785841
42-0_05_20,-0.6803497639608798,-0.06660910081712446,-0.3074835003233932,-0.10828470766785636,-1.0264148614557027,-0.6260459863145502,-0.35162472993999677,0.18473014562539403,-0.6686359946744772,-0.41190897538000426,-0.6151768410481284,-0.8383397401688801,-1.250142427568517,-0.10516060289726625,-0.013541725851545117,-0.02315048944812781,-0.00901788778387247,-1.5729339129944195,-1.2851886627584908,-0.6268748235543582,-0.03872662092995116,-0.02664912120453866,-1.326644885489407,-0.592494178755578,-0.010101085609753646,-0.018070995088560915,-0.8524440892786984,-0.3044691960605598,-0.031082933581281558,-0.27194007491497796,-0.8039114477845998,-0.7185979240698804,-0.9058370685192801,-0.42557226939089954,-0.31277534125475037,-0.03333401214646792,-0.04172835001636621,-0.3846130075389462,-0.3574307058815349,-1.6509002433738975,-0.09371321479340572,-0.1367447289522491,-0.8208203027932078,-0.03687211083455477,1.2373329082202216
42-1_01_21,-0.6803497639608798,-0.06660910081712446,-0.3074835003233932,-0.10828470766785636,-1.0264148614557027,-0.6260459863145502,-1.8429864237742695,-2.8763451780043976,-2.2706959860024396,-0.41190897538000426,-2.2514362737551386,-1.6777606472914464,-1.250142427568517,-0.10516060289726625,-0.013541725851545117,-0.02315048944812781,-0.00901788778387247,-1.5729339129944195,-1.2851886627584908,-1.4176152012460224,-0.03872662092995116,-0.02664912120453866,-1.326644885489407,-1.1787599029003084,-0.010101085609753646,-0.018070995088560915,-0.8524440892786984,-0.3044691960605598,-0.031082933581281558,-0.8433312464764884,-1.0996126099435142,-0.7185979240698804,-1.3689476087961279,-0.9969500259323955,-0.31277534125475037,-0.03333401214646792,-0.04172835001636621,-0.3846130075389462,-0.3574307058815349,-1.6509002433738975,-1.415932509527325,-0.1367447289522491,-0.8208203027932078,-0.03687211083455477,-2.0660791623765205
42-1_03_21,-0.09408403981614927,-0.06660910081712446,1.0147357944105262,-0.10828470766785636,-1.0264148614557027,-0.6260459863145502,-1.8429864237742695,0.032675676206758375,0.005765818170804682,-0.41190897538000426,-0.3882312363380376,0.5874861085745902,0.49804559943768345,-0.10516060289726625,-0.013541725851545117,-0.02315048944812781,-0.00901788778387247,-1.5729339129944195,-1.2851886627584908,0.7314226910929775,-0.03872662092995116,-0.02664912120453866,0.4817911687987041,0.3175765816635749,-0.010101085609753646,-0.018070995088560915,0.819653768657019,-0.3044691960605598,-0.031082933581281558,0.41847212578577553,0.2923546889277515,-0.7185979240698804,0.28010894520805807,0.6437638439912096,-0.31277534125475037,-0.03333401214646792,-0.04172835001636621,1.6981723627775038,-0.3574307058815349,-0.03811638665416195,0.6293904692593324,-0.1367447289522491,-0.8208203027932078,-0.03687211083455477,-0.3585089862785841
42-1_05_20,-0.6803497639608798,-0.06660910081712446,-0.3074835003233932,-0.10828470766785636,0.882070157422947,-0.6260459863145502,0.5390306188005989,0.10637820966414768,-0.2025101242562779,1.0794527184542684,0.12591687015865416,0.22828038943737927,0.49804559943768345,-0.10516060289726625,-0.013541725851545117,-0.02315048944812781,-0.00901788778387247,-1.5729339129944195,-1.2851886627584908,-0.7085448700056778,-0.03872662092995116,-0.02664912120453866,-0.07949027060828054,-0.19375066479993944,-0.010101085609753646,-0.018070995088560915,-0.8524440892786984,1.0177500986733596,-0.031082933581281558,0.19806143868173673,-0.1670893501974255,-0.7185979240698804,-0.300231796426668,-0.18710337625314938,-0.31277534125475037,-0.03333401214646792,-0.04172835001636621,-0.3846130075389462,-0.3574307058815349,0.6067783314952871,-1.415932509527325,-0.1367447289522491,-0.8208203027932078,-0.03687211083455477,1.6695995635293843
42-1_05_21,0.4613239302911084,-0.06660910081712446,2.3746615760504386,0.6148189763848818,2.177976470463597,-0.6260459863145502,0.27428487188149475,0.952701158848785,0.4751592091712893,-0.41190897538000426,0.8242226885775625,0.6754734318225377,0.6306711647122745,-0.10516060289726625,-0.013541725851545117,-0.02315048944812781,-0.00901788778387247,0.6787043074537925,1.6975347249100545,0.29543039328180615,-0.03872662092995116,-0.02664912120453866,0.6776764882932355,0.3439637095039723,-0.010101085609753646,-0.018070995088560915,0.7157576347882966,1.186892497773713,-0.031082933581281558,0.19806143868173673,0.4754061720551698,0.8171180459156293,0.5239416775230461,0.42551688068686605,0.9543963871482635,-0.03333401214646792,-0.04172835001636621,2.2498642626217853,-0.3574307058815349,1.5480316265583114,0.4353258391917502,-0.1367447289522491,-0.8208203027932078,-0.03687211083455477,-0.2807493273657534
42-1_06_21,0.4759974368990444,-0.06660910081712446,-0.3074835003233932,-0.10828470766785636,1.0908564342000615,-0.6260459863145502,0.5390306188005989,-0.4276388580993178,-0.1435911876376319,1.0794527184542684,0.593053204950371,0.2590271844877423,0.8833964808017005,-0.10516060289726625,-0.013541725851545117,-0.02315048944812781,-0.00901788778387247,-0.7947826626107758,1.2957363129171287,0.29295012108127333,-0.03872662092995116,-0.02664912120453866,0.7561404848270429,0.4146844058715455,-0.010101085609753646,-0.018070995088560915,0.8799496705442701,-0.3044691960605598,-0.031082933581281558,-0.8433312464764884,0.6733884921800861,1.016468425614415,0.47496706677506195,0.006956697599660797,-0.31277534125475037,-0.03333401214646792,-0.04172835001636621,-0.3846130075389462,0.9647885888523844,1.3665504861366387,0.9660845330475434,-0.1367447289522491,1.503462152504485,-0.03687211083455477,-0.2148208136574452
42-1_07_20,0.34182321499031176,-0.06660910081712446,-0.3074835003233932,-0.10828470766785636,1.5429590481593431,-0.6260459863145502,0.7023206926915546,1.1396847850716258,0.38540221601039226,-0.41190897538000426,0.22612908151085054,0.2635700552188738,0.7541789462141257,-0.10516060289726625,-0.013541725851545117,-0.02315048944812781,-0.00901788778387247,0.45237195227035076,-1.2851886627584908,0.2223397826547307,-0.03872662092995116,-0.02664912120453866,0.5037298977041433,0.5988740222501538,-0.010101085609753646,-0.018070995088560915,0.9399476002195554,1.6998521777220827,-0.031082933581281558,0.02376108724393633,0.6161869830509524,-0.7185979240698804,0.4362618743215517,0.41033056815594665,0.6166435844595424,-0.03333401214646792,-0.04172835001636621,-0.3846130075389462,-0.3574307058815349,-1.6509002433738975,0.7630444377658445,-0.1367447289522491,-0.8208203027932078,-0.03687211083455477,1.5986568061421846
42-1_09_20,-0.38978520197506344,-0.06660910081712446,-0.3074835003233932,-0.10828470766785636,1.7451726194255526,-0.6260459863145502,0.649773965252568,-0.7759746328868347,0.3399641770874404,-0.41190897538000426,0.614300791878357,0.6951513556786602,-0.04602244491259211,-0.10516060289726625,-0.013541725851545117,-0.02315048944812781,-0.00901788778387247,0.37400935770340604,0.037030631975428496,0.009947274032816089,-0.03872662092995116,-0.02664912120453866,-0.07949027060828054,-0.2403116606442155,-0.010101085609753646,-0.018070995088560915,-0.07429283889505478,-0.3044691960605598,-0.031082933581281558,-0.8433312464764884,-0.708075092880607,-0.7185979240698804,-0.2198751924711085,-0.42557226939089954,-0.31277534125475037,-0.03333401214646792,-0.04172835001636621,0.9376062871949731,-0.3574307058815349,1.3869245072144443,-1.415932509527325,-0.1367447289522491,-0.8208203027932078,-0.03687211083455477,0.7055083185047348
42-1_09_21,-0.6803497639608798,-0.06660910081712446,1.7378394784632643,-0.10828470766785636,-1.0264148614557027,-0.6260459863145502,0.11605496854682407,-0.6695193019725478,-1.3164534765631146,1.0794527184542684,-0.3161884788818794,-0.540176385156502,-1.250142427568517,-0.10516060289726625,-0.013541725851545117,-0.02315048944812781,-0.00901788778387247,-0.04788910595757423,0.623296356120159,-0.4466669983038449,-0.03872662092995116,-0.02664912120453866,-1.326644885489407,-0.693951819514355,-0.010101085609753646,-0.018070995088560915,-0.8524440892786984,-0.3044691960605598,-0.031082933581281558,-0.8433312464764884,-0.5055705906313999,-0.7185979240698804,-1.13486440276276,-0.42557226939089954,-0.31277534125475037,-0.03333401214646792,-0.04172835001636621,-0.3846130075389462,-0.3574307058815349,0.35342113040874523,-1.415932509527325,1.0673752537036756,-0.8208203027932078,-0.03687211083455477,0.11289778491664904
42-1_11_20,-0.6803497639608798,-0.06660910081712446,-0.3074835003233932,0.4779810164768741,1.4934131323200162,-0.6260459863145502,-0.5207671290403502,0.2853222344333384,0.07369628768267122,-0.41190897538000426,0.3925145197207416,0.8590272771781067,-0.04602244491259211,-0.10516060289726625,-0.013541725851545117,-0.02315048944812781,-0.00901788778387247,-0.08157221916014673,-1.2851886627584908,0.6331965644307165,-0.03872662092995116,-0.02664912120453866,0.6161896082806883,0.3063020796345914,-0.010101085609753646,-0.018070995088560915,0.9736307134221279,-0.3044691960605598,-0.031082933581281558,0.4395585236629793,0.41825888235878106,-0.7185979240698804,0.30709243489365157,0.5069290967404186,-0.31277534125475037,-0.03333401214646792,-0.04172835001636621,1.7646061051164337,-0.3574307058815349,1.2070350213455314,1.2382440323506356,-0.1367447289522491,-0.8208203027932078,-0.03687211083455477,-0.5747174685422478
43-0_01_21,0.2784643085529286,-0.06660910081712446,1.6010015185552566,0.4779810164768741,2.6929992982468907,-0.6260459863145502,0.848095068348699,0.09724444542285937,0.3677932709521978,1.0794527184542684,0.40964508670454847,0.7478624859887641,0.6306711647122745,-0.10516060289726625,-0.013541725851545117,-0.02315048944812781,-0.00901788778387247,-0.11808905298590922,1.596195994012082,0.43686945231241975,-0.03872662092995116,-0.02664912120453866,0.059556719911386335,0.21167050399298365,-0.010101085609753646,-0.018070995088560915,-0.007346049264441573,1.0177500986733596,-0.031082933581281558,0.0743174606863802,0.34867885696654227,1.0898381302182307,0.25380900488200075,-0.9969500259323955,0.8913446414011744,-0.03333401214646792,-0.04172835001636621,1.2281708491807892,-0.3574307058815349,0.930024732301722,0.5883888642553177,-0.1367447289522491,-0.8208203027932078,-0.03687211083455477,-0.7438598676426011
43-0_03_21,1.0805750844482533,-0.06660910081712446,1.3053003563963421,-0.10828470766785636,1.85496979531487,-0.6260459863145502,-0.1354162476763331,-1.384983484170125,0.6043652773892605,-0.41190897538000426,0.5538761265081187,0.5575381963953683,1.103966011578884,-0.10516060289726625,-0.013541725851545117,-0.02315048944812781,-0.00901788778387247,0.0655553439602179,1.664689041278384,0.16418057417607296,-0.03872662092995116,-0.02664912120453866,0.3809252906085292,-0.05420910243384003,-0.010101085609753646,-0.018070995088560915,0.1889485958795267,-0.3044691960605598,-0.031082933581281558,-0.8433312464764884,0.2880376108160691,-0.7185979240698804,0.3699084200997447,0.26482372193534554,-0.31277534125475037,-0.03333401214646792,-0.04172835001636621,1.6607099712477111,-0.3574307058815349,0.6522958140465914,-1.415932509527325,-0.1367447289522491,-0.8208203027932078,-0.03687211083455477,-0.453295305656785
43-0_05_20,-0.6803497639608798,-0.06660910081712446,-0.3074835003233932,-0.10828470766785636,-1.0264148614557027,-0.6260459863145502,0.30623268888111044,-0.41245218901849023,-0.17378597299438314,-0.41190897538000426,0.42449625799402413,0.3343092724757837,-0.04602244491259211,-0.10516060289726625,-0.013541725851545117,-0.02315048944812781,-0.00901788778387247,0.44200643679851714,-1.2851886627584908,-0.5019360869460583,-0.03872662092995116,-0.02664912120453866,-1.326644885489407,-0.693951819514355,-0.010101085609753646,-0.018070995088560915,-0.8524440892786984,-0.3044691960605598,-0.031082933581281558,-0.8433312464764884,-0.8039114477845998,-0.7185979240698804,-0.52681404774561,-0.5469915815484784,-0.31277534125475037,-0.03333401214646792,-0.04172835001636621,-0.3846130075389462,-0.3574307058815349,0.25758477550475234,0.19685134719241043,-0.1367447289522491,-0.8208203027932078,-0.03687211083455477,2.342516914086262
43-0_06_21,-0.6803497639608798,-0.06660910081712446,1.6010015185552566,-0.10828470766785636,1.7147367373960825,-0.6260459863145502,0.6768415700014494,0.15948464724843037,0.6436471711170011,1.295661200717932,0.680962134874832,0.7171683676900618,0.7541789462141257,1.451141897870021,-0.013541725851545117,-0.02315048944812781,-0.00901788778387247,0.19422195308776102,1.6975347249100545,0.23502923595139363,-0.03872662092995116,-0.02664912120453866,0.3200855007580161,0.23770228602778792,-0.010101085609753646,-0.018070995088560915,0.6660698505991891,0.899650786595365,-0.031082933581281558,0.160599047151944,-0.1314714909876303,-0.7185979240698804,0.3525882234386323,0.8134843835850327,-0.31277534125475037,-0.03333401214646792,-0.04172835001636621,1.466645341180129,1.3501394702164013,1.5167124293536327,-1.415932509527325,-0.1367447289522491,-0.8208203027932078,1.7339799008075893,1.7435478795175294
43-0_07_20,0.3006269987256899,-0.06660910081712446,-0.3074835003233932,-0.10828470766785636,1.3179774122294081,-0.6260459863145502,0.06549859510438027,-0.59531181075667,0.34102732200490227,-0.41190897538000426,0.4639133171419949,0.08087602679446282,0.6306711647122745,-0.10516060289726625,-0.013541725851545117,-0.02315048944812781,-0.00901788778387247,0.7564639663666232,0.2061730310757819,-0.182681271175878,-0.03872662092995116,-0.02664912120453866,0.1153119521670043,-0.08433869029594676,-0.010101085609753646,-0.018070995088560915,-0.8524440892786984,-0.3044691960605598,-0.031082933581281558,-0.8433312464764884,-0.43136309941552203,-0.7185979240698804,-0.07732508165397789,0.21930730803537815,-0.31277534125475037,-0.03333401214646792,-0.04172835001636621,1.1067486862953264,-0.3574307058815349,0.8418601456529401,-0.09371321479340572,-0.1367447289522491,-0.8208203027932078,-0.03687211083455477,1.828292291479717
43-0_09_21,0.2784643085529286,-0.06660910081712446,1.809787795332371,0.8726920550187132,1.673422864411543,-0.6260459863145502,-0.5207671290403502,-1.4613718300335796,0.06974812883767867,1.4965760434986455,-0.004338454318841167,0.4756384252722532,-1.250142427568517,-0.10516060289726625,-0.013541725851545117,-0.02315048944812781,-0.00901788778387247,0.409337320045149,1.3689878791194698,0.522197592770661,-0.03872662092995116,1.6809210548933977,0.6161896082806883,0.6625548663572549,-0.010101085609753646,-0.018070995088560915,0.6527058890412076,-0.3044691960605598,-0.031082933581281558,0.4395585236629793,0.41178158881142557,0.5285566908112462,0.22317625358939364,0.21930730803537815,-0.31277534125475037,-0.03333401214646792,-0.04172835001636621,1.1067486862953264,-0.3574307058815349,-0.03811638665416195,0.8651008577204027,-0.1367447289522491,0.9273677242129925,1.077071241472282,0.05119213327924377
43-0_11_20,0.8493005420349673,-0.06660910081712446,1.1838781935108795,-0.10828470766785636,1.6277616804222579,-0.6260459863145502,-0.230202567054534,-0.7271260653490177,0.7846823453725604,-0.41190897538000426,0.1314719586627484,0.8567269832309747,1.8013959629468106,-0.10516060289726625,-0.013541725851545117,-0.02315048944812781,-0.00901788778387247,0.17525411401178093,1.1933778328353526,0.8799522185649051,-0.03872662092995116,-0.02664912120453866,1.2618135745193788,0.7764294386058406,-0.010101085609753646,-0.018070995088560915,1.2044607620577743,-0.3044691960605598,-0.031082933581281558,1.1725617127835013,0.9380082032047822,0.6676036813309131,0.878908801791557,1.0264420026954546,-0.31277534125475037,-0.03333401214646792,-0.04172835001636621,-0.3846130075389462,1.8493951701503148,0.13442959163686963,1.410790010641667,-0.1367447289522491,-0.8208203027932078,-0.03687211083455477,1.3125004137392544
43-1_01_21,0.554938143210859,-0.06660910081712446,-0.3074835003233932,-0.10828470766785636,2.422445984151738,-0.6260459863145502,1.3362780405647559,-0.7590738823486334,0.18262235404459815,-0.41190897538000426,0.4740629499815141,0.3456788872889025,0.5351874074422501,-0.10516060289726625,-0.013541725851545117,-0.02315048944812781,-0.00901788778387247,-0.20186605072268315,0.5001411722522762,0.17736199514352674,-0.03872662092995116,-0.02664912120453866,0.20907108449610257,0.4321282961527541,-0.010101085609753646,-0.018070995088560915,0.578919674880289,1.4808606389502073,-0.031082933581281558,0.6727832702709445,0.07364474357930466,0.9889722520280559,0.06925557989316489,0.14060752820213834,-0.31277534125475037,-0.03333401214646792,-0.04172835001636621,-0.3846130075389462,-0.3574307058815349,0.7657402639643837,0.5883888642553177,-0.1367447289522491,-0.8208203027932078,-0.03687211083455477,1.092584818437469
43-1_03_21,-0.29499888259686263,-0.06660910081712446,-0.3074835003233932,-0.10828470766785636,1.3371971184364417,-0.6260459863145502,-1.8429864237742695,-0.9418467267608299,-0.08317526516597651,-0.41190897538000426,-0.40505016216324363,0.17349770142762888,1.2137505614173905,-0.10516060289726625,-0.013541725851545117,-0.02315048944812781,-0.00901788778387247,0.0655553439602179,1.018007394661998,-0.10773464783342268,-0.03872662092995116,-0.02664912120453866,-0.2852522003311821,0.039663056775425476,-0.010101085609753646,-0.018070995088560915,-0.8524440892786984,-0.3044691960605598,-0.031082933581281558,0.3482721787574405,-0.01255874079600379,-0.7185979240698804,-0.33705846438264625,-0.2530303421035715,-0.31277534125475037,-0.03333401214646792,-0.04172835001636621,1.6607099712477111,-0.3574307058815349,-1.6509002433738975,0.07542918430694767,-0.1367447289522491,-0.8208203027932078,-0.03687211083455477,-0.453295305656785
43-1_05_20,-0.6803497639608798,-0.06660910081712446,-0.3074835003233932,-0.10828470766785636,-1.0264148614557027,-0.6260459863145502,0.4146921510949151,-0.7590738823486334,-0.4783042965041858,-0.41190897538000426,0.05346784144701977,-0.032517063187378126,-1.250142427568517,-0.10516060289726625,-0.013541725851545117,-0.02315048944812781,-0.00901788778387247,0.19422195308776102,-1.2851886627584908,-0.7289860302482224,-0.03872662092995116,-0.02664912120453866,-1.326644885489407,-0.9016420646417387,-0.010101085609753646,-0.018070995088560915,-0.8524440892786984,-0.3044691960605598,-0.031082933581281558,-0.8433312464764884,-1.0996126099435142,-0.7185979240698804,-1.0783830468103117,-0.2530303421035715,-0.31277534125475037,-0.03333401214646792,-0.04172835001636621,-0.3846130075389462,-0.3574307058815349,0.4983188692814825,-1.415932509527325,-0.1367447289522491,-0.8208203027932078,-0.03687211083455477,1.712144464389576
43-1_05_21,-0.043527666373705365,-0.06660910081712446,1.1838781935108795,-0.10828470766785636,1.6372860639339455,-0.6260459863145502,0.16133495000837317,-2.8763451780043976,0.11847009836209277,-0.41190897538000426,-0.04809635634099929,0.4972764984265796,0.9699656604715383,1.7143833326446023,-0.013541725851545117,-0.02315048944812781,-0.00901788778387247,0.012526816514081274,1.247565716234007,0.8248385291793678,-0.03872662092995116,-0.02664912120453866,0.790626410166357,0.7597776911680332,-0.010101085609753646,3.023716323883191,0.5454959193933392,-0.3044691960605598,1.355118671819512,1.0700008593443495,0.9892578506624986,1.1525856842586177,0.7882644336676894,-0.03404394477598465,-0.31277534125475037,-0.03333401214646792,-0.04172835001636621,1.1067486862953264,-0.3574307058815349,0.43188512694255266,0.9660845330475434,-0.1367447289522491,-0.8208203027932078,-0.03687211083455477,-2.0660791623765205
43-1_06_21,0.3610429211973454,-0.06660910081712446,1.3053003563963421,-0.10828470766785636,1.85496979531487,-0.6260459863145502,0.649773965252568,-1.0250868292853224,0.43687419009549666,-0.41190897538000426,0.17239335120666444,0.8390750893536543,0.6583425913101328,-0.10516060289726625,-0.013541725851545117,-0.02315048944812781,-0.00901788778387247,0.11280782560784419,1.2601184537073333,0.34316195306819847,-0.03872662092995116,-0.02664912120453866,0.6631014801450398,0.4283119756208696,-0.010101085609753646,-0.018070995088560915,0.7273395073381118,1.0177500986733596,-0.031082933581281558,0.6351040621410053,0.07364474357930466,0.6036213706640389,0.5691430422648729,0.32523822597274876,-0.31277534125475037,-0.03333401214646792,-0.04172835001636621,0.9376062871949731,1.2553531508382005,0.4983188692814825,0.7332866031280549,1.0673752537036756,-0.8208203027932078,0.6620978935014641,0.016706207939929607
43-1_07_20,0.7690184221864564,-0.06660910081712446,-0.3074835003233932,-0.10828470766785636,2.0845113808107176,-0.6260459863145502,0.520625556117875,0.8013530034701128,0.6916733496675815,-0.41190897538000426,0.11012327092810037,0.6144954240650298,1.053053629851972,-0.10516060289726625,-0.013541725851545117,-0.02315048944812781,-0.00901788778387247,0.6787043074537925,0.7601343160281666,0.33193924895945,-0.03872662092995116,-0.02664912120453866,0.1153119521670043,0.49646179782658445,-0.010101085609753646,-0.018070995088560915,0.6660698505991891,-0.3044691960605598,-0.031082933581281558,0.848473333471856,0.35985343095026523,1.132660424649195,0.397323566652349,0.7027689811245523,0.8175584272402557,-0.03333401214646792,-0.04172835001636621,-0.3846130075389462,1.6878922729051224,-0.1595385495396247,0.07542918430694767,-0.1367447289522491,-0.8208203027932078,-0.03687211083455477,1.905706775502594
43-1_09_20,-0.6803497639608798,-0.06660910081712446,-0.3074835003233932,-0.10828470766785636,-1.0264148614557027,-0.6260459863145502,-1.8429864237742695,-1.2135873463228235,-1.4255979459881827,-0.41190897538000426,-1.0124715014543348,-2.7191533324496717,-1.250142427568517,-0.10516060289726625,-0.013541725851545117,-0.02315048944812781,-0.00901788778387247,-1.5729339129944195,0.037030631975428496,-1.2501241139522588,-0.03872662092995116,-0.02664912120453866,-1.326644885489407,-1.1787599029003084,-0.010101085609753646,-0.018070995088560915,-0.8524440892786984,-0.3044691960605598,-0.031082933581281558,-0.8433312464764884,-1.0996126099435142,-0.7185979240698804,-1.3689476087961279,-0.9969500259323955,-0.31277534125475037,-0.03333401214646792,-0.04172835001636621,-0.3846130075389462,-0.3574307058815349,-1.6509002433738975,-1.415932509527325,1.0673752537036756,-0.8208203027932078,-0.03687211083455477,-2.0660791623765205
43-1_09_21,0.2042568173370507,-0.06660910081712446,1.4778463346873738,0.4779810164768741,1.7666767387208775,-0.6260459863145502,-0.05765658876350244,-1.8349524928461725,-1.0665760033465148,-0.41190897538000426,-0.27480033130816084,0.807315180019806,0.6011159211505583,-0.10516060289726625,-0.013541725851545117,-0.02315048944812781,-0.00901788778387247,0.8640234176750302,0.7975967075579593,0.3510664186630747,-0.03872662092995116,1.2955701735293808,-1.326644885489407,0.2302065099997727,-0.010101085609753646,1.767258839922206,0.9988142594403768,-0.3044691960605598,-0.031082933581281558,-0.8433312464764884,0.39174908389075863,-0.7185979240698804,0.15763779752175666,-0.9969500259323955,-0.31277534125475037,-0.03333401214646792,-0.04172835001636621,-0.3846130075389462,-0.3574307058815349,-1.6509002433738975,-0.09371321479340572,2.279895778386032,1.627886017111872,1.2853471838993644,-2.0660791623765205
43-1_11_20,-0.6803497639608798,-0.06660910081712446,-0.3074835003233932,-0.10828470766785636,-1.0264148614557027,-0.6260459863145502,-1.8429864237742695,-1.6722251953484728,-1.793574731282777,-0.41190897538000426,-1.9113653738526704,-2.7191533324496717,-1.250142427568517,-0.10516060289726625,-0.013541725851545117,-0.02315048944812781,-0.00901788778387247,-1.5729339129944195,-1.2851886627584908,-1.4176152012460224,-0.03872662092995116,-0.02664912120453866,-1.326644885489407,-1.1787599029003084,-0.010101085609753646,-0.018070995088560915,-0.8524440892786984,-0.3044691960605598,-0.031082933581281558,-0.8433312464764884,-1.0996126099435142,-0.7185979240698804,-1.3689476087961279,-0.9969500259323955,-0.31277534125475037,-0.03333401214646792,-0.04172835001636621,-0.3846130075389462,-0.3574307058815349,-1.6509002433738975,-1.415932509527325,-0.1367447289522491,-0.8208203027932078,-0.03687211083455477,-2.0660791623765205
44-0_01_21,-0.6803497639608798,-0.06660910081712446,-0.3074835003233932,-0.10828470766785636,-1.0264148614557027,-0.6260459863145502,0.9430547864682848,0.7220075318648864,-0.17378597299438314,-0.41190897538000426,0.5355890781083781,0.5363603803698618,-1.250142427568517,-0.10516060289726625,-0.013541725851545117,-0.02315048944812781,-0.00901788778387247,0.9402836870735195,1.5542893846157075,0.24901288058512389,-0.03872662092995116,-0.02664912120453866,-0.44203830419147677,-0.11004409053084858,-0.010101085609753646,-0.018070995088560915,-0.8524440892786984,-0.3044691960605598,-0.031082933581281558,0.1195974421479292,-0.3881140113655569,-0.7185979240698804,-0.12768581813563645,-0.9969500259323955,-0.31277534125475037,-0.03333401214646792,-0.04172835001636621,1.5744283847821472,-0.3574307058815349,1.5973183178161774,0.29163766657061135,-0.1367447289522491,-0.8208203027932078,-0.03687211083455477,1.6483344299106006
44-0_03_21,0.32171339660289366,-0.06660910081712446,-0.3074835003233932,-0.10828470766785636,-1.0264148614557027,-0.6260459863145502,0.5390306188005989,0.6269005934607152,0.5067308363868717,-0.41190897538000426,0.15772652677962595,0.7139761851308142,0.7751634376962533,-0.10516060289726625,-0.013541725851545117,-0.02315048944812781,-0.00901788778387247,-0.20186605072268315,1.05920361092662,0.17801068007653015,-0.03872662092995116,-0.02664912120453866,0.8121839114473314,0.9997031471823801,-0.010101085609753646,-0.018070995088560915,0.6246771654409641,0.899650786595365,-0.031082933581281558,0.832113791664811,0.8731770519594816,1.2242365697002149,0.7925629954699767,0.6527000499327712,0.9543963871482635,-0.03333401214646792,-0.04172835001636621,-0.3846130075389462,-0.3574307058815349,0.6733822119237952,1.1168218694651728,-0.1367447289522491,-0.8208203027932078,-0.03687211083455477,0.1669169480156334
44-0_05_20,-0.043527666373705365,-0.06660910081712446,-0.3074835003233932,-0.10828470766785636,-1.0264148614557027,-0.6260459863145502,0.6057198961308103,1.1009667953925284,0.3192536153232681,1.0794527184542684,0.4530115683354812,0.6943140805361534,-1.250142427568517,-0.10516060289726625,-0.013541725851545117,-0.02315048944812781,-0.00901788778387247,-0.15796056502360145,-1.2851886627584908,0.11235836079891565,-0.03872662092995116,-0.02664912120453866,0.059556719911386335,-0.039893551855551906,-0.010101085609753646,-0.018070995088560915,0.1889485958795267,-0.3044691960605598,-0.031082933581281558,-0.09939409662394635,-0.31272274518221144,0.5285566908112462,0.18157192394262167,-0.9969500259323955,-0.31277534125475037,-0.03333401214646792,-0.04172835001636621,-0.3846130075389462,-0.3574307058815349,0.8818541356186004,0.6293904692593324,-0.1367447289522491,-0.8208203027932078,-0.03687211083455477,1.8853069325037723
44-0_05_21,0.44613726121028097,2.666588164289445,-0.3074835003233932,0.9861365049365054,-1.0264148614557027,-0.6260459863145502,0.6355800718195739,0.7236469995797004,0.5209946630176783,-0.41190897538000426,0.5122214836847692,0.6772203950868352,0.9142104282159202,-0.10516060289726625,1.8949432930271046,-0.02315048944812781,-0.00901788778387247,0.6725787548197305,0.9478074476336631,0.33601291127853433,-0.03872662092995116,-0.02664912120453866,0.6917781973373788,0.4881924222893638,-0.010101085609753646,-0.018070995088560915,1.0108787708417575,1.3582886356210144,-0.031082933581281558,0.7789769937549347,0.7093719345436745,1.0667319109408866,0.7052068240064593,0.8314325694403949,-0.31277534125475037,-0.03333401214646792,-0.04172835001636621,1.6197083662436964,-0.3574307058815349,0.952244129246285,0.6293904692593324,-0.1367447289522491,-0.8208203027932078,-0.03687211083455477,-2.0660791623765205
44-0_06_21,1.1469579550595488,-0.06660910081712446,-0.3074835003233932,-0.10828470766785636,-1.0264148614557027,-0.6260459863145502,0.3359905235189,0.27624889992307233,0.8685532315691673,-0.41190897538000426,0.19573711426330465,0.9052319089705938,0.4574277485294195,-0.10516060289726625,-0.013541725851545117,-0.02315048944812781,-0.00901788778387247,1.3098751283980206,2.0050686066360273,0.9557295815126667,-0.03872662092995116,-0.02664912120453866,1.2308623164162507,1.2284184767401956,-0.010101085609753646,2.430635324816519,1.714582276880362,1.8598836597238773,-0.031082933581281558,1.1200272239562876,1.0629226551662279,1.3641874462465697,1.0388882488454527,0.9994351676217664,0.7286173439034747,-0.03333401214646792,-0.04172835001636621,-0.3846130075389462,-0.3574307058815349,0.056669932724038974,1.309162011554144,-0.1367447289522491,-0.8208203027932078,0.808225929179702,-2.0660791623765205
44-0_07_20,-0.6803497639608798,-0.06660910081712446,-0.3074835003233932,-0.10828470766785636,-1.0264148614557027,-0.6260459863145502,-0.230202567054534,0.19773951102384624,-0.5546926423676405,-0.41190897538000426,-0.4231848726916012,-0.42689726109319537,-1.250142427568517,-0.10516060289726625,-0.013541725851545117,-0.02315048944812781,-0.00901788778387247,-1.5729339129944195,0.5660696859605845,-1.046004131296334,-0.03872662092995116,-0.02664912120453866,-1.326644885489407,-1.0756895811874336,-0.010101085609753646,-0.018070995088560915,-0.8524440892786984,-0.3044691960605598,-0.031082933581281558,-0.8433312464764884,-0.8611381179441743,-0.7185979240698804,-0.9429788765238467,-0.33078817538899924,-0.31277534125475037,-0.03333401214646792,0.9996643351418588,-0.3846130075389462,-0.3574307058815349,0.056669932724038974,-1.415932509527325,-0.1367447289522491,-0.8208203027932078,-0.03687211083455477,1.6837344229164173
44-0_09_21,-0.29499888259686263,-0.06660910081712446,-0.3074835003233932,-0.10828470766785636,-1.0264148614557027,-0.6260459863145502,0.008271924944805775,-0.222168636126437,-0.4133634895711712,-0.41190897538000426,-0.5265118403124742,-0.2627872993206284,-1.250142427568517,-0.10516060289726625,-0.013541725851545117,-0.02315048944812781,-0.00901788778387247,-0.08157221916014673,0.32759519396124465,-0.8155552099180601,-0.03872662092995116,-0.02664912120453866,-1.326644885489407,-0.8816249511198515,-0.010101085609753646,-0.018070995088560915,-0.8524440892786984,-0.3044691960605598,-0.031082933581281558,-0.39336223780044066,-0.9270666316524825,-0.7185979240698804,-0.6083815332135971,-0.5469915815484784,-0.31277534125475037,-0.03333401214646792,-0.04172835001636621,-0.3846130075389462,-0.3574307058815349,-1.6509002433738975,-1.415932509527325,-0.1367447289522491,-0.8208203027932078,-0.03687211083455477,-0.2148208136574452
44-0_11_20,0.042753920091858466,-0.06660910081712446,-0.3074835003233932,-0.10828470766785636,-1.0264148614557027,-0.6260459863145502,1.1617647318167317,0.9949942030954633,0.7484203044446334,-0.41190897538000426,0.4829515793528272,0.919934538634066,0.49804559943768345,-0.10516060289726625,-0.013541725851545117,-0.02315048944812781,-0.00901788778387247,0.6907021555936889,2.0028368726298718,0.3536695901847042,-0.03872662092995116,-0.02664912120453866,0.744008565178753,0.710641855932191,-0.010101085609753646,-0.018070995088560915,0.578919674880289,1.1105041519102583,-0.031082933581281558,0.8403705894467556,0.7619655093693812,1.2560672567347475,0.7788023059699123,0.41033056815594665,1.0582925210169858,-0.03333401214646792,0.9996643351418588,0.9376062871949731,1.6468906679011077,0.4663710522818668,0.7908933665045248,-0.1367447289522491,-0.8208203027932078,-0.03687211083455477,0.9796348965643471
44-1_01_21,0.23042705169735486,-0.06660910081712446,-0.3074835003233932,-0.10828470766785636,-1.0264148614557027,-0.6260459863145502,0.11605496854682407,0.6788702271216756,0.508900505255385,-0.41190897538000426,0.29252118649367453,0.8697903102903435,0.36264142915121855,-0.10516060289726625,-0.013541725851545117,-0.02315048944812781,-0.00901788778387247,0.36156453824914825,0.921637213273359,0.4015414899706768,-0.03872662092995116,-0.02664912120453866,0.3200855007580161,0.4205772300921807,-0.010101085609753646,-0.018070995088560915,0.48997859154350787,1.0177500986733596,-0.031082933581281558,0.0743174606863802,0.39515266308143676,0.8171180459156293,0.3901804042740854,-0.12987804965113015,0.6166435844595424,-0.03333401214646792,-0.04172835001636621,-0.3846130075389462,1.2553531508382005,0.20035810534517784,0.7332866031280549,-0.1367447289522491,-0.8208203027932078,-0.03687211083455477,1.009832599106257
44-1_03_21,-0.6803497639608798,-0.06660910081712446,-0.3074835003233932,-0.10828470766785636,-1.0264148614557027,-0.6260459863145502,0.11605496854682407,-0.021432155696542,-0.35161789362636575,-0.41190897538000426,-0.5240883157091447,0.2769203220356038,-1.250142427568517,-0.10516060289726625,-0.013541725851545117,-0.02315048944812781,-0.00901788778387247,-1.5729339129944195,-1.2851886627584908,0.23502923595139363,-0.03872662092995116,-0.02664912120453866,-1.326644885489407,-0.29247065974577735,-0.010101085609753646,-0.018070995088560915,-0.8524440892786984,-0.3044691960605598,-0.031082933581281558,0.160599047151944,-0.708075092880607,-0.7185979240698804,-0.41013353628231963,-0.9969500259323955,-0.31277534125475037,-0.03333401214646792,-0.04172835001636621,-0.3846130075389462,1.3501394702164013,-0.1595385495396247,0.07542918430694767,-0.1367447289522491,-0.8208203027932078,-0.03687211083455477,0.9835264502184526
44-1_05_20,-0.043527666373705365,-0.06660910081712446,-0.3074835003233932,0.4779810164768741,-1.0264148614557027,-0.6260459863145502,0.520625556117875,1.4154896894112414,0.25174824750388036,1.0794527184542684,0.562210761178821,0.6293462378341663,-1.250142427568517,-0.10516060289726625,-0.013541725851545117,-0.02315048944812781,-0.00901788778387247,-0.08157221916014673,-1.2851886627584908,-0.10648487867771544,-0.03872662092995116,-0.02664912120453866,0.3200855007580161,-0.3460229542308896,-0.010101085609753646,-0.018070995088560915,-0.8524440892786984,-0.3044691960605598,-0.031082933581281558,-0.8433312464764884,-0.5631773540078697,-0.7185979240698804,-0.20544547704846708,-0.42557226939089954,0.46537590912889326,-0.03333401214646792,-0.04172835001636621,-0.3846130075389462,-0.3574307058815349,0.5559256326579524,-0.09371321479340572,0.9046479562059759,-0.8208203027932078,-0.03687211083455477,2.118640652773751
44-1_06_21,0.39710466278623924,-0.06660910081712446,-0.3074835003233932,-0.10828470766785636,-1.0264148614557027,-0.6260459863145502,0.16133495000837317,1.0138522082056314,0.41235105223641,-0.41190897538000426,0.35798906294281285,0.4852379994696283,0.30616007319877037,-0.10516060289726625,-0.013541725851545117,-0.02315048944812781,-0.00901788778387247,0.5525473527061745,0.32759519396124465,0.4968212956628459,-0.03872662092995116,-0.02664912120453866,0.6631014801450398,0.21324574867212237,-0.010101085609753646,-0.018070995088560915,0.8103137424028757,1.8745077512326098,-0.031082933581281558,0.9013172786078407,0.22260668479040524,0.9596168586755189,0.5050092815099262,0.5859022219497829,-0.31277534125475037,-0.03333401214646792,-0.04172835001636621,-0.3846130075389462,-0.3574307058815349,1.0312448329999344,0.8651008577204027,-0.1367447289522491,-0.8208203027932078,1.1935768105437192,-2.0660791623765205
44-1_07_20,0.11470223696096529,-0.06660910081712446,-0.3074835003233932,-0.10828470766785636,-1.0264148614557027,-0.6260459863145502,0.06549859510438027,1.0286947500718138,0.2746111304633845,1.0794527184542684,0.3955300604254284,0.1679010456012855,0.36264142915121855,-0.10516060289726625,-0.013541725851545117,-0.02315048944812781,-0.00901788778387247,0.11280782560784419,0.9478074476336631,-0.5798782608781348,-0.03872662092995116,-0.02664912120453866,0.1153119521670043,-0.3816408134406848,-0.010101085609753646,-0.018070995088560915,-0.8524440892786984,-0.3044691960605598,-0.031082933581281558,0.3221019443971363,-0.6296110963467995,-0.7185979240698804,-8.541140707862827e-05,0.14060752820213834,-0.31277534125475037,-0.03333401214646792,-0.04172835001636621,-0.3846130075389462,-0.3574307058815349,0.712711736518247,-1.415932509527325,-0.1367447289522491,-0.8208203027932078,-0.03687211083455477,2.170735112794752
44-1_09_20,0.414071448643482,-0.06660910081712446,-0.3074835003233932,-0.10828470766785636,-1.0264148614557027,-0.6260459863145502,0.649773965252568,0.8152666962100188,0.44279455709150284,0.910310319353915,0.2038006849163514,0.9648837050368482,0.2412192662657558,-0.10516060289726625,-0.013541725851545117,-0.02315048944812781,-0.00901788778387247,-0.11808905298590922,-1.2851886627584908,0.6729125547185273,-0.03872662092995116,-0.02664912120453866,0.6480202953152207,0.399592738610053,-0.010101085609753646,-0.018070995088560915,0.3516758933772264,0.899650786595365,-0.031082933581281558,0.5482453592396924,0.39515266308143676,0.8573592646938768,0.4938082871682139,0.6253201260355131,0.7286173439034747,-0.03333401214646792,-0.04172835001636621,-0.3846130075389462,-0.3574307058815349,0.056669932724038974,0.9284597641577859,-0.1367447289522491,-0.8208203027932078,-0.03687211083455477,1.9180429204845897
44-1_09_21,0.2784643085529286,-0.06660910081712446,-0.3074835003233932,0.8726920550187132,-1.0264148614557027,-0.6260459863145502,0.48129603152342315,0.3466312718889939,0.3367590372122289,-0.41190897538000426,0.23477669826589476,0.5788259117096908,0.36264142915121855,-0.10516060289726625,-0.013541725851545117,-0.02315048944812781,-0.00901788778387247,1.472780145946448,0.5001411722522762,0.515097252352722,-0.03872662092995116,-0.02664912120453866,0.2861389712303283,0.7716744997955889,-0.010101085609753646,1.8331873536305143,0.29368394639953965,-0.3044691960605598,-0.031082933581281558,1.1157101458446053,0.5502918776384469,0.6676036813309131,0.46295262198579956,0.6157959661356028,1.1785863525795224,-0.03333401214646792,-0.04172835001636621,-0.3846130075389462,-0.3574307058815349,0.056669932724038974,1.0905725228775471,-0.1367447289522491,1.9687604093712174,0.808225929179702,-0.453295305656785
44-1_11_20,-0.6803497639608798,-0.06660910081712446,-0.3074835003233932,-0.10828470766785636,-1.0264148614557027,-0.6260459863145502,-0.230202567054534,0.46429719955630766,0.02596920425909155,-0.41190897538000426,-0.143454344161851,0.1951898246697692,-0.04602244491259211,-0.10516060289726625,-0.013541725851545117,-0.02315048944812781,-0.00901788778387247,-0.36881393033849463,0.6738527295626027,0.35840191962493534,-0.03872662092995116,-0.02664912120453866,0.544538722839091,0.45972935405432885,-0.010101085609753646,-0.018070995088560915,0.9537358847051888,-0.3044691960605598,-0.031082933581281558,0.5639823882703665,0.7762952316536911,0.894185932649855,0.5843747848712625,0.542546119720468,0.46537590912889326,-0.03333401214646792,-0.04172835001636621,-0.3846130075389462,1.4938276428375403,-1.6509002433738975,0.7332866031280549,-0.1367447289522491,-0.8208203027932078,-0.03687211083455477,0.14074671365532931
44-2_09_20,-0.6803497639608798,-0.06660910081712446,1.1838781935108795,-0.10828470766785636,-1.0264148614557027,-0.6260459863145502,0.008271924944805775,-0.021432155696542,-0.6579121292827042,-0.41190897538000426,-0.33349942410481437,-0.44964038823175523,-1.250142427568517,-0.10516060289726625,-0.013541725851545117,-0.02315048944812781,-0.00901788778387247,-1.5729339129944195,0.5660696859605845,-0.8846361290613591,-0.03872662092995116,-0.02664912120453866,-1.326644885489407,-0.9924494786629412,-0.010101085609753646,-0.018070995088560915,-0.8524440892786984,-0.3044691960605598,-0.031082933581281558,-0.8433312464764884,-1.0996126099435142,-0.7185979240698804,-1.3689476087961279,-0.9969500259323955,-0.31277534125475037,-0.03333401214646792,-0.04172835001636621,1.2281708491807892,-0.3574307058815349,0.30814114894719613,-1.415932509527325,-0.1367447289522491,-0.8208203027932078,-0.03687211083455477,1.5115275149860152
45-0_01_21,-0.6803497639608798,-0.06660910081712446,-0.3074835003233932,-0.10828470766785636,-1.0264148614557027,-0.6260459863145502,-1.8429864237742695,-1.3200426772371103,-1.668635994674477,-0.41190897538000426,-1.9747242802900535,-1.6777606472914464,-1.250142427568517,-0.10516060289726625,-0.013541725851545117,-0.02315048944812781,-0.00901788778387247,-1.5729339129944195,-1.2851886627584908,-1.0798623985573013,-0.03872662092995116,-0.02664912120453866,-1.326644885489407,-0.9924494786629412,-0.010101085609753646,-0.018070995088560915,-0.8524440892786984,-0.3044691960605598,-0.031082933581281558,-0.8433312464764884,-0.4794003562710957,-0.7185979240698804,-0.9835967274321108,-0.9969500259323955,-0.31277534125475037,-0.03333401214646792,-0.04172835001636621,-0.3846130075389462,-0.3574307058815349,-1.6509002433738975,-1.415932509527325,-0.1367447289522491,-0.8208203027932078,-0.03687211083455477,-2.0660791623765205
45-0_03_21,-0.6803497639608798,-0.06660910081712446,-0.3074835003233932,-0.10828470766785636,-1.0264148614557027,-0.6260459863145502,-1.8429864237742695,-0.9955315857236062,-1.0154234808991336,-0.41190897538000426,-1.2341549315095388,-0.8678949837305963,0.4126154041130572,-0.10516060289726625,-0.013541725851545117,-0.02315048944812781,-0.00901788778387247,-1.5729339129944195,-1.2851886627584908,-1.2501241139522588,-0.03872662092995116,-0.02664912120453866,-1.326644885489407,-0.8441625595900588,-0.010101085609753646,-0.018070995088560915,-0.250384097950736,-0.3044691960605598,-0.031082933581281558,-0.8433312464764884,-0.753355074342156,-0.7185979240698804,-0.7566684522864795,-0.5469915815484784,-0.31277534125475037,-0.03333401214646792,-0.04172835001636621,-0.3846130075389462,-0.3574307058815349,-1.6509002433738975,-1.415932509527325,-0.1367447289522491,-0.8208203027932078,-0.03687211083455477,-2.0660791623765205
45-0_05_20,0.5172589350809198,-0.06660910081712446,-0.3074835003233932,-0.10828470766785636,1.7666767387208775,0.8653157075197224,-1.8429864237742695,0.9026015499642193,0.1220009672572262,-0.41190897538000426,0.44625045277726216,-0.5123274564178217,-1.250142427568517,-0.10516060289726625,-0.013541725851545117,-0.02315048944812781,-0.00901788778387247,0.2627566584980061,-1.2851886627584908,-0.7559695199338159,-0.03872662092995116,-0.02664912120453866,-0.07949027060828054,-0.3238035572863266,-0.010101085609753646,-0.018070995088560915,-0.8524440892786984,-0.3044691960605598,-0.031082933581281558,-0.03346558291563814,-0.4794003562710957,-0.7185979240698804,-0.17794930346210813,0.006956697599660797,-0.31277534125475037,-0.03333401214646792,-0.04172835001636621,-0.3846130075389462,-0.3574307058815349,0.5280767039192721,0.07542918430694767,-0.1367447289522491,2.0217889368173543,-0.03687211083455477,1.8067178776130781
45-0_07_20,0.7058518414399138,-0.06660910081712446,-0.3074835003233932,-0.10828470766785636,2.177976470463597,-0.6260459863145502,0.5390306188005989,0.9813490797821522,0.721857531829696,-0.41190897538000426,0.3467472676495884,0.9872230233900188,0.49804559943768345,-0.10516060289726625,-0.013541725851545117,-0.02315048944812781,-0.00901788778387247,0.3219357437508331,-1.2851886627584908,0.7162992319914345,-0.03872662092995116,-0.02664912120453866,0.4817911687987041,0.33216791427855746,-0.010101085609753646,-0.018070995088560915,0.3236471697769828,-0.3044691960605598,-0.031082933581281558,0.3482721787574405,0.2748227632447553,0.7727637697643923,0.47496706677506195,0.4681279236678756,-0.31277534125475037,-0.03333401214646792,-0.04172835001636621,-0.3846130075389462,-0.3574307058815349,0.39442273541275996,0.4353258391917502,-0.1367447289522491,-0.8208203027932078,-0.03687211083455477,-0.453295305656785
45-0_09_20,-0.6803497639608798,-0.06660910081712446,-0.3074835003233932,-0.10828470766785636,0.29580443327821654,-0.6260459863145502,-1.8429864237742695,-1.8349524928461725,-2.2706959860024396,-0.41190897538000426,-1.5736125711639493,-0.9338234974389045,-1.250142427568517,-0.10516060289726625,-0.013541725851545117,-0.02315048944812781,-0.00901788778387247,-0.36881393033849463,-1.2851886627584908,-1.4176152012460224,-0.03872662092995116,-0.02664912120453866,-1.326644885489407,-0.9679065375854152,-0.010101085609753646,-0.018070995088560915,-0.8524440892786984,-0.3044691960605598,-0.031082933581281558,-0.8433312464764884,-1.0996126099435142,-0.7185979240698804,-1.3689476087961279,-0.9969500259323955,-0.31277534125475037,-0.03333401214646792,-0.04172835001636621,-0.3846130075389462,-0.3574307058815349,-1.6509002433738975,-1.415932509527325,-0.1367447289522491,0.5013989919407115,-0.03687211083455477,-2.0660791623765205
45-0_11_20,-0.6803497639608798,-0.06660910081712446,-0.3074835003233932,-0.10828470766785636,0.29580443327821654,-0.6260459863145502,-1.8429864237742695,-1.0910153429936305,-0.8082979881034835,-0.41190897538000426,-1.4488996180189635,-2.7191533324496717,-0.20874974241029182,-0.10516060289726625,-0.013541725851545117,-0.02315048944812781,-0.00901788778387247,-1.5729339129944195,-1.2851886627584908,-1.2330907746534783,-0.03872662092995116,-0.02664912120453866,-0.44203830419147677,-0.8096766342507447,-0.010101085609753646,-0.018070995088560915,-0.15347408494267958,0.7369234890976653,-0.031082933581281558,-0.39336223780044066,-0.753355074342156,-0.7185979240698804,-0.6458439247433897,-0.2530303421035715,-0.31277534125475037,-0.03333401214646792,-0.04172835001636621,-0.3846130075389462,-0.3574307058815349,-1.6509002433738975,-1.415932509527325,-0.1367447289522491,0.38329967986271696,-0.03687211083455477,-0.7438598676426011
45-1_01_21,-0.6803497639608798,-0.06660910081712446,-0.3074835003233932,-0.10828470766785636,-1.0264148614557027,-0.6260459863145502,-1.8429864237742695,-1.6722251953484728,-2.2706959860024396,-0.41190897538000426,-1.8921456676456367,-2.7191533324496717,-1.250142427568517,-0.10516060289726625,-0.013541725851545117,-0.02315048944812781,-0.00901788778387247,-1.5729339129944195,-1.2851886627584908,-1.2678528809126903,-0.03872662092995116,-0.02664912120453866,-1.326644885489407,-1.1787599029003084,-0.010101085609753646,-0.018070995088560915,-0.8524440892786984,-0.3044691960605598,-0.031082933581281558,-0.8433312464764884,-1.0996126099435142,-0.7185979240698804,-1.3689476087961279,-0.9969500259323955,-0.31277534125475037,-0.03333401214646792,-0.04172835001636621,-0.3846130075389462,-0.3574307058815349,-1.6509002433738975,-1.415932509527325,-0.1367447289522491,-0.8208203027932078,-0.03687211083455477,-0.3585089862785841
45-1_03_21,0.6217130371408693,-0.06660910081712446,-0.3074835003233932,-0.10828470766785636,-1.0264148614557027,0.9867378704051852,0.5566872977067687,0.6144557740064576,0.2556432913874045,-0.41190897538000426,0.1901733210947396,0.3226339865220804,1.0075361473006677,-0.10516060289726625,-0.013541725851545117,-0.02315048944812781,-0.00901788778387247,0.22983981229755623,1.0968283798163776,-0.0525679007987222,-0.03872662092995116,-0.02664912120453866,0.1153119521670043,0.18565707162806566,-0.010101085609753646,-0.018070995088560915,0.1889485958795267,-0.3044691960605598,-0.031082933581281558,0.894150540368026,0.3050542628472866,-0.7185979240698804,0.3545471554108205,0.07890332527901667,-0.31277534125475037,-0.03333401214646792,0.9996643351418588,1.1067486862953264,0.9647885888523844,0.39442273541275996,0.19685134719241043,-0.1367447289522491,1.7055189745966364,-0.03687211083455477,0.682883698879641
45-1_05_20,0.554938143210859,-0.06660910081712446,-0.3074835003233932,-0.10828470766785636,1.7147367373960825,-0.6260459863145502,0.3900096866178844,0.9115401729365269,0.10405236000766438,1.295661200717932,0.7277829447863013,-0.037008256075839796,-1.250142427568517,-0.10516060289726625,-0.013541725851545117,-0.02315048944812781,-0.00901788778387247,0.47238906579223794,-1.2851886627584908,-0.0006811525096764859,-0.03872662092995116,-0.02664912120453866,0.2861389712303283,-0.10347370073620782,-0.010101085609753646,-0.018070995088560915,-0.8524440892786984,1.6778020369790085,-0.031082933581281558,-0.8433312464764884,0.1574217413160786,0.32279476108834465,0.11569112598877035,0.6060582423513907,-0.31277534125475037,-0.03333401214646792,-0.04172835001636621,-0.3846130075389462,-0.3574307058815349,0.5280767039192721,0.4353258391917502,-0.1367447289522491,2.605039842284633,-0.03687211083455477,1.8119253078915047
45-1_05_21,0.6704518484340972,-0.06660910081712446,-0.3074835003233932,-0.10828470766785636,-1.0264148614557027,1.081524189783386,0.9430547864682848,0.8967827460289373,0.219262493422395,-0.41190897538000426,0.2954605021791794,0.3639908106933809,0.5351874074422501,-0.10516060289726625,-0.013541725851545117,-0.02315048944812781,-0.00901788778387247,0.6060430342987501,0.32759519396124465,0.842175362621991,-0.03872662092995116,-0.02664912120453866,0.6776764882932355,0.6832862454278799,-0.010101085609753646,-0.018070995088560915,-0.8524440892786984,1.0177500986733596,-0.031082933581281558,0.864238929621448,0.3173930041686061,0.9596168586755189,0.6990614589390829,0.3945939085964333,0.46537590912889326,-0.03333401214646792,1.280490944717553,-0.3846130075389462,1.1339309879527377,0.6522958140465914,-0.09371321479340572,-0.1367447289522491,-0.8208203027932078,-0.03687211083455477,1.453880018375548
45-1_06_21,0.8176324007908413,-0.06660910081712446,-0.3074835003233932,-0.10828470766785636,-1.0264148614557027,0.9867378704051852,1.0149488409451595,1.1333606103861205,0.3280945207606756,-0.41190897538000426,0.40776424756855456,0.8515063375718628,-0.04602244491259211,-0.10516060289726625,-0.013541725851545117,-0.02315048944812781,-0.00901788778387247,0.7356305005668194,1.163517657146589,0.6103336814712124,-0.03872662092995116,-0.02664912120453866,0.6917781973373788,0.37969151111775273,-0.010101085609753646,-0.018070995088560915,0.4028284158246077,1.3083146606591756,-0.031082933581281558,0.4395585236629793,0.4371305470910982,-0.7185979240698804,0.7025837368180332,0.32523822597274876,0.46537590912889326,-0.03333401214646792,-0.04172835001636621,-0.3846130075389462,-0.3574307058815349,0.9733818524617709,0.369397325483442,-0.1367447289522491,1.9993811566924324,-0.03687211083455477,0.5976217630131277
45-1_09_20,0.37944798388006945,-0.06660910081712446,-0.3074835003233932,-0.10828470766785636,1.5429590481593431,-0.6260459863145502,-1.8429864237742695,0.1884870417341764,-0.16348601635457127,-0.41190897538000426,-0.051068027117420645,-0.18007723365689476,-0.04602244491259211,-0.10516060289726625,-0.013541725851545117,-0.02315048944812781,-0.00901788778387247,0.24661002254744924,-1.2851886627584908,-0.7847412625038404,-0.03872662092995116,-0.02664912120453866,-0.004425590755487874,-0.5020662932754418,-0.010101085609753646,-0.018070995088560915,-0.8524440892786984,-0.3044691960605598,-0.031082933581281558,0.19806143868173673,-0.708075092880607,-0.7185979240698804,-0.3989108321735711,-0.9969500259323955,-0.31277534125475037,-0.03333401214646792,-0.04172835001636621,-0.3846130075389462,-0.3574307058815349,0.25758477550475234,-1.415932509527325,-0.1367447289522491,1.1136781484503597,-0.03687211083455477,-0.2148208136574452
45-2_01_21,0.32171339660289366,-0.06660910081712446,-0.3074835003233932,0.6148189763848818,-1.0264148614557027,-0.6260459863145502,0.2397989465421806,0.1732604345905755,0.6638024652411281,-0.41190897538000426,-0.10866902290961433,0.5290652287404034,0.6306711647122745,-0.10516060289726625,-0.013541725851545117,-0.02315048944812781,-0.00901788778387247,0.6907021555936889,0.8320826328972735,0.48897333216521627,-0.03872662092995116,-0.02664912120453866,0.744008565178753,0.88569808632661,-0.010101085609753646,-0.018070995088560915,0.9988142594403768,1.186892497773713,-0.031082933581281558,0.579169057351194,0.8428189384628235,1.1716367422364762,0.7086798091828752,0.6948148341297657,0.8913446414011744,-0.03333401214646792,-0.04172835001636621,-0.3846130075389462,1.3501394702164013,-1.6509002433738975,1.2662125668465067,-0.1367447289522491,1.62008877927201,-0.03687211083455477,-0.5747174685422478
45-2_03_21,0.5427380577710251,-0.06660910081712446,-0.3074835003233932,-0.10828470766785636,-1.0264148614557027,1.1592838486962167,0.3359905235189,0.2121452921779987,0.47749204100376086,-0.41190897538000426,-0.20844383172239267,0.41470479275366334,0.6306711647122745,-0.10516060289726625,-0.013541725851545117,-0.02315048944812781,-0.00901788778387247,-0.20186605072268315,0.9478074476336631,0.2694413869282503,-0.03872662092995116,-0.02664912120453866,0.5635897808169493,0.5715004732674906,-0.010101085609753646,-0.018070995088560915,0.6527058890412076,-0.3044691960605598,-0.031082933581281558,0.02376108724393633,0.7928892074808828,0.6036213706640389,0.4852137887132232,0.991400076516145,0.6166435844595424,-0.03333401214646792,-0.04172835001636621,-0.3846130075389462,-0.3574307058815349,-1.6509002433738975,0.7013387861284393,-0.1367447289522491,1.46021306445452,-0.03687211083455477,-2.0660791623765205
45-2_05_20,-0.6803497639608798,-0.06660910081712446,-0.3074835003233932,-0.10828470766785636,1.4934131323200162,-0.6260459863145502,0.008271924944805775,0.7306807004303884,-0.24950668693250155,1.0794527184542684,0.105043965430071,-0.4990452444096163,-1.250142427568517,-0.10516060289726625,-0.013541725851545117,-0.02315048944812781,-0.00901788778387247,-0.3057621845914056,-1.2851886627584908,-0.6568380469318016,-0.03872662092995116,-0.02664912120453866,-1.326644885489407,-0.8441625595900588,-0.010101085609753646,-0.018070995088560915,-0.07429283889505478,1.2518333047067274,-0.031082933581281558,-0.8433312464764884,-0.753355074342156,-0.7185979240698804,-0.49804230517558556,0.07890332527901667,-0.31277534125475037,-0.03333401214646792,-0.04172835001636621,-0.3846130075389462,-0.3574307058815349,-0.1595385495396247,-1.415932509527325,-0.1367447289522491,1.7543675421344531,-0.03687211083455477,1.3964685664261438
45-2_05_21,1.0106896065887174,-0.06660910081712446,1.6968378734592493,-0.10828470766785636,-1.0264148614557027,1.3782753874680924,0.5390306188005989,0.7812842533845545,0.032500071418049226,-0.41190897538000426,0.8163120227642369,-0.2627872993206284,0.6306711647122745,-0.10516060289726625,-0.013541725851545117,-0.02315048944812781,-0.00901788778387247,0.29335342608977544,-1.2851886627584908,-0.32584482789037705,-0.03872662092995116,-0.02664912120453866,0.4342799629197258,0.060271300001496,-0.010101085609753646,-0.018070995088560915,-0.250384097950736,-0.3044691960605598,-0.031082933581281558,0.26449518102066655,0.36351529481952793,-0.7185979240698804,0.3304358124981951,0.5647649950019925,-0.31277534125475037,-0.03333401214646792,-0.04172835001636621,1.400716827471821,-0.3574307058815349,1.4286427640290085,0.07542918430694767,-0.1367447289522491,-0.8208203027932078,-0.03687211083455477,2.0076758357466717
45-2_06_21,-0.6803497639608798,-0.06660910081712446,-0.3074835003233932,-0.10828470766785636,-1.0264148614557027,-0.6260459863145502,-1.8429864237742695,-1.6722251953484728,-1.492544735618796,-0.41190897538000426,-1.0002439347182477,-1.1628508316823842,-1.250142427568517,-0.10516060289726625,-0.013541725851545117,-0.02315048944812781,-0.00901788778387247,-1.5729339129944195,-1.2851886627584908,-0.9853062909427222,-0.03872662092995116,-0.02664912120453866,-1.326644885489407,-1.0756895811874336,-0.010101085609753646,-0.018070995088560915,-0.8524440892786984,-0.3044691960605598,-0.031082933581281558,-0.8433312464764884,-1.0996126099435142,-0.7185979240698804,-1.3689476087961279,-0.9969500259323955,-0.31277534125475037,-0.03333401214646792,-0.04172835001636621,-0.3846130075389462,-0.3574307058815349,-0.3286809486399781,-1.415932509527325,-0.1367447289522491,-0.8208203027932078,-0.03687211083455477,-2.0660791623765205
45-2_07_20,0.6005753139253833,-0.06660910081712446,-0.3074835003233932,-0.10828470766785636,1.8492250755484656,-0.6260459863145502,-0.1354162476763331,0.8581346114211796,0.3892202140674106,-0.41190897538000426,0.5031618109002431,0.3304522801453016,0.5694015079733518,-0.10516060289726625,-0.013541725851545117,-0.02315048944812781,-0.00901788778387247,-0.11808905298590922,0.8937882845346787,0.08912852008044087,-0.03872662092995116,-0.02664912120453866,0.6917781973373788,0.11286262424184151,-0.010101085609753646,-0.018070995088560915,0.1017984201606265,-0.3044691960605598,-0.031082933581281558,0.26449518102066655,0.25655321431809314,-0.7185979240698804,0.2413068611471061,0.5754621931050737,0.46537590912889326,-0.03333401214646792,-0.04172835001636621,-0.3846130075389462,-0.3574307058815349,0.4663710522818668,-0.09371321479340572,-0.1367447289522491,2.5504323263317317,-0.03687211083455477,0.3978138266093869
45-2_09_20,-0.6803497639608798,-0.06660910081712446,-0.3074835003233932,-0.10828470766785636,-1.0264148614557027,-0.6260459863145502,-1.8429864237742695,-0.6695193019725478,-0.30690815865688437,-0.41190897538000426,-0.5346893457406219,-0.5856144240794541,-1.250142427568517,-0.10516060289726625,-0.013541725851545117,-0.02315048944812781,-0.00901788778387247,-0.7947826626107758,-1.2851886627584908,-0.48371126683985927,-0.03872662092995116,-0.02664912120453866,0.3200855007580161,0.16154254027588738,-0.010101085609753646,-0.018070995088560915,-0.8524440892786984,-0.3044691960605598,-0.031082933581281558,0.19806143868173673,0.028755132188535495,-0.7185979240698804,0.025670819769477327,0.6253201260355131,-0.31277534125475037,-0.03333401214646792,-0.04172835001636621,-0.3846130075389462,-0.3574307058815349,-1.6509002433738975,-1.415932509527325,-0.1367447289522491,1.183501070989435,-0.03687211083455477,-2.0660791623765205
45-2_09_21,-0.29499888259686263,-0.06660910081712446,-0.3074835003233932,-0.10828470766785636,-1.0264148614557027,-0.6260459863145502,-1.8429864237742695,-0.30697126838935174,-1.0946047269467583,-0.41190897538000426,-0.8593839200012745,-0.8678949837305963,-0.04602244491259211,-0.10516060289726625,-0.013541725851545117,-0.02315048944812781,-0.00901788778387247,-0.01663141222713216,0.2061730310757819,-0.5988460999541148,-0.03872662092995116,-0.02664912120453866,-1.326644885489407,-0.6692693550373243,-0.010101085609753646,-0.018070995088560915,-0.8524440892786984,-0.3044691960605598,-0.031082933581281558,-0.8433312464764884,-0.9270666316524825,-0.7185979240698804,-0.8716229679881785,-0.9969500259323955,-0.31277534125475037,-0.03333401214646792,-0.04172835001636621,-0.3846130075389462,-0.3574307058815349,-1.6509002433738975,-1.415932509527325,-0.1367447289522491,0.7354821979740794,-0.03687211083455477,-2.0660791623765205
45-2_11_20,0.7690184221864564,-0.06660910081712446,1.5437748483956821,-0.10828470766785636,-1.0264148614557027,1.225212362404525,0.3359905235189,0.8330095978299985,0.7349134593578408,-0.41190897538000426,0.665882015239257,0.6332221625508485,0.8326429427479332,-0.10516060289726625,-0.013541725851545117,-0.02315048944812781,-0.00901788778387247,0.9301755236769499,1.147780628115915,0.14010424851687137,-0.03872662092995116,-0.02664912120453866,0.20907108449610257,0.23918604039860025,-0.010101085609753646,-0.018070995088560915,0.44858590638528284,1.1105041519102583,-0.031082933581281558,0.4596683420503973,0.37431919728163293,0.5285566908112462,0.3847448579527303,0.16845580310863667,0.8913446414011744,-0.03333401214646792,-0.04172835001636621,-0.3846130075389462,-0.3574307058815349,0.30814114894719613,0.29163766657061135,-0.1367447289522491,2.316217151996305,-0.03687211083455477,1.1410163780426976
46-0_01_21,0.6611318666948491,-0.06660910081712446,1.775301869993057,0.6148189763848818,-1.0264148614557027,1.4192769924721071,0.963871605744548,0.8192240490317881,0.3727566904837478,-0.41190897538000426,0.42936578888431565,0.8021155431487139,0.6306711647122745,1.217058691836653,-0.013541725851545117,-0.02315048944812781,-0.00901788778387247,0.15541986902680904,1.7605253961823768,0.15127642682928538,-0.03872662092995116,-0.02664912120453866,0.5635897808169493,0.18899524703254628,-0.010101085609753646,-0.018070995088560915,0.6246771654409641,-0.3044691960605598,-0.031082933581281558,0.0743174606863802,0.7126484078881393,0.43774927679004366,0.5292027289213473,0.5859022219497829,-0.31277534125475037,-0.03333401214646792,-0.04172835001636621,1.8222128684929035,1.3501394702164013,1.120687237507358,0.7630444377658445,-0.1367447289522491,-0.8208203027932078,-0.03687211083455477,1.4405611431899823
46-0_03_21,0.042753920091858466,-0.06660910081712446,1.3053003563963421,-0.10828470766785636,-1.0264148614557027,1.081524189783386,1.1574476537050493,0.6088081718992546,-0.09171903870927012,-0.41190897538000426,0.4857957439536513,0.2567378039521213,-1.250142427568517,-0.10516060289726625,-0.013541725851545117,-0.02315048944812781,-0.00901788778387247,0.15541986902680904,2.033083417453136,-0.1415590902194242,-0.03872662092995116,-0.02664912120453866,0.059556719911386335,-0.4272608472881051,-0.010101085609753646,-0.018070995088560915,-0.8524440892786984,-0.3044691960605598,-0.031082933581281558,0.1195974421479292,-0.10925209404306727,-0.7185979240698804,-0.2581976126556414,-0.2530303421035715,-0.31277534125475037,-0.03333401214646792,-0.04172835001636621,1.5744283847821472,1.3501394702164013,1.2841029080797575,0.19685134719241043,-0.1367447289522491,0.22057238236501725,-0.03687211083455477,-0.061757788593877816
46-0_05_20,-0.043527666373705365,-0.06660910081712446,-0.3074835003233932,-0.10828470766785636,1.673422864411543,0.6961733084193691,0.4380469434734582,0.8081411141843367,0.1856700471266035,1.3734208596307629,0.5369211417807984,0.12656468551698707,-0.04602244491259211,-0.10516060289726625,-0.013541725851545117,-0.02315048944812781,-0.00901788778387247,0.17525411401178093,-1.2851886627584908,-0.5798782608781348,-0.03872662092995116,-0.02664912120453866,-0.07949027060828054,-0.5825556562213982,-0.010101085609753646,-0.018070995088560915,-0.8524440892786984,-0.3044691960605598,-0.031082933581281558,-0.8433312464764884,-0.6296110963467995,-0.7185979240698804,-0.17133890975432836,-0.42557226939089954,-0.31277534125475037,-0.03333401214646792,-0.04172835001636621,-0.3846130075389462,-0.3574307058815349,1.1279742286288421,-1.415932509527325,1.0673752537036756,-0.8208203027932078,-0.03687211083455477,2.182898933516133
46-0_05_21,-0.29499888259686263,-0.06660910081712446,-0.3074835003233932,-0.10828470766785636,-1.0264148614557027,0.9867378704051852,0.5736540835640116,0.8830204436515312,0.2998469538794579,-0.41190897538000426,0.44668150577626586,0.1817597352879976,0.36264142915121855,-0.10516060289726625,-0.013541725851545117,-0.02315048944812781,-0.00901788778387247,-0.3057621845914056,0.9958447044892369,0.3104997605976711,-0.03872662092995116,-0.02664912120453866,0.6480202953152207,0.4283119756208696,-0.010101085609753646,-0.018070995088560915,0.8635592543561007,-0.3044691960605598,1.0103097515769435,0.5149497898463248,0.35985343095026523,0.9596168586755189,0.5226163958052571,0.2426615520942712,-0.31277534125475037,-0.03333401214646792,0.9996643351418588,1.466645341180129,-0.3574307058815349,0.7978060765311824,0.8872635478931639,-0.1367447289522491,-0.8208203027932078,-0.03687211083455477,1.5583060790437449
46-0_06_21,-0.6803497639608798,-0.06660910081712446,-0.3074835003233932,-0.10828470766785636,-1.0264148614557027,-0.6260459863145502,0.5390306188005989,0.11310463966229412,-0.6272433095162522,-0.41190897538000426,-0.34668324613687673,-1.106369475729936,-1.250142427568517,-0.10516060289726625,-0.013541725851545117,-0.02315048944812781,-0.00901788778387247,-0.5315412278361944,0.32759519396124465,-0.7504370313338549,-0.03872662092995116,-0.02664912120453866,-0.17029768462948308,-0.478241610001429,-0.010101085609753646,-0.018070995088560915,-0.8524440892786984,0.899650786595365,-0.031082933581281558,0.0743174606863802,-0.753355074342156,-0.7185979240698804,-0.6458439247433897,-0.03404394477598465,0.46537590912889326,-0.03333401214646792,-0.04172835001636621,-0.3846130075389462,-0.3574307058815349,0.5559256326579524,-1.415932509527325,1.2782286190185688,-0.8208203027932078,-0.03687211083455477,-2.0660791623765205
46-0_07_20,-0.6803497639608798,-0.06660910081712446,-0.3074835003233932,-0.10828470766785636,1.4374781275302047,0.6961733084193691,0.008271924944805775,0.04845081779351457,0.24913200777327926,-0.41190897538000426,-0.5681395179660111,0.7219130741895918,0.36264142915121855,-0.10516060289726625,-0.013541725851545117,-0.02315048944812781,-0.00901788778387247,-1.5729339129944195,-1.2851886627584908,0.9813454764784226,-0.03872662092995116,-0.02664912120453866,0.5818401333892426,0.3588343438728859,-0.010101085609753646,-0.018070995088560915,0.05064589771324517,1.0177500986733596,-0.031082933581281558,0.4596683420503973,0.2836771878220258,0.9281324621775429,0.4313766205387072,-0.2530303421035715,-0.31277534125475037,-0.03333401214646792,-0.04172835001636621,-0.3846130075389462,-0.3574307058815349,-1.6509002433738975,0.8872635478931639,-0.1367447289522491,-0.8208203027932078,-0.03687211083455477,0.9555235536517217
46-0_09_20,-0.6803497639608798,-0.06660910081712446,-0.3074835003233932,-0.10828470766785636,-1.0264148614557027,-0.6260459863145502,-1.8429864237742695,-1.4613718300335796,-0.8235379546602204,-0.41190897538000426,-1.2962392705647827,-0.6546953432227531,-1.250142427568517,-0.10516060289726625,-0.013541725851545117,-0.02315048944812781,-0.00901788778387247,-0.6435149872801267,-1.2851886627584908,-0.13751911241768416,-0.03872662092995116,-0.02664912120453866,-1.326644885489407,-0.2101102066069844,-0.010101085609753646,-0.018070995088560915,-0.8524440892786984,-0.3044691960605598,-0.031082933581281558,0.19806143868173673,-0.19256847288753087,-0.7185979240698804,-0.5121899562368777,0.36129912091050537,-0.31277534125475037,-0.03333401214646792,-0.04172835001636621,-0.3846130075389462,-0.3574307058815349,-0.3286809486399781,0.07542918430694767,-0.1367447289522491,-0.8208203027932078,-0.03687211083455477,-0.2148208136574452
46-0_11_20,1.0470365539001742,-0.06660910081712446,1.1838781935108795,-0.10828470766785636,-1.0264148614557027,1.081524189783386,1.148682583605679,0.523501534708525,0.6026246158129591,-0.41190897538000426,0.24090913134226755,1.0010886858373855,0.16483092040230107,-0.10516060289726625,-0.013541725851545117,-0.02315048944812781,-0.00901788778387247,0.5098514573220306,0.921637213273359,1.0602717800579673,-0.03872662092995116,-0.02664912120453866,0.5818401333892426,0.6958875496150114,-0.010101085609753646,-0.018070995088560915,0.6916239550715773,1.1105041519102583,-0.031082933581281558,1.0023304464162437,0.8293075566210388,0.894185932649855,0.6583048956843385,0.6614560780997543,0.8913446414011744,-0.03333401214646792,1.1623916326395585,-0.3846130075389462,-0.3574307058815349,1.0312448329999344,0.4925525093513247,-0.1367447289522491,-0.8208203027932078,-0.03687211083455477,1.6574585991555364
46-1_01_21,-0.6803497639608798,-0.06660910081712446,-0.3074835003233932,-0.10828470766785636,-1.0264148614557027,-0.6260459863145502,-1.8429864237742695,-1.8349524928461725,-2.2706959860024396,-0.41190897538000426,-2.6429737908180453,-2.7191533324496717,-1.250142427568517,-0.10516060289726625,-0.013541725851545117,-0.02315048944812781,-0.00901788778387247,-1.5729339129944195,-1.2851886627584908,-1.4176152012460224,-0.03872662092995116,-0.02664912120453866,-1.326644885489407,-1.1787599029003084,-0.010101085609753646,-0.018070995088560915,-0.8524440892786984,-0.3044691960605598,-0.031082933581281558,-0.8433312464764884,-1.0996126099435142,-0.7185979240698804,-1.3689476087961279,-0.9969500259323955,-0.31277534125475037,-0.03333401214646792,-0.04172835001636621,-0.3846130075389462,-0.3574307058815349,-1.6509002433738975,-1.415932509527325,-0.1367447289522491,-0.8208203027932078,-0.03687211083455477,-2.0660791623765205
46-1_03_21,-0.6803497639608798,-0.06660910081712446,-0.3074835003233932,-0.10828470766785636,-1.0264148614557027,-0.6260459863145502,-1.8429864237742695,-1.2135873463228235,-2.2706959860024396,-0.41190897538000426,-1.1619858660390512,-2.7191533324496717,-1.250142427568517,-0.10516060289726625,-0.013541725851545117,-0.02315048944812781,-0.00901788778387247,-1.5729339129944195,-1.2851886627584908,-1.2330907746534783,-0.03872662092995116,-0.02664912120453866,-1.326644885489407,-1.1787599029003084,-0.010101085609753646,-0.018070995088560915,-0.8524440892786984,-0.3044691960605598,-0.031082933581281558,-0.8433312464764884,-1.0996126099435142,-0.7185979240698804,-1.3689476087961279,-0.9969500259323955,-0.31277534125475037,-0.03333401214646792,-0.04172835001636621,-0.3846130075389462,-0.3574307058815349,-1.6509002433738975,-1.415932509527325,-0.1367447289522491,-0.8208203027932078,-0.03687211083455477,-2.0660791623765205
46-1_05_20,-0.043527666373705365,-0.06660910081712446,-0.3074835003233932,-0.10828470766785636,1.4663455275711348,-0.6260459863145502,0.06549859510438027,0.5486996965469912,0.2904053976466163,-0.41190897538000426,0.017729762159402807,0.2812807450296473,0.16483092040230107,-0.10516060289726625,-0.013541725851545117,-0.02315048944812781,-0.00901788778387247,0.4624958251901289,-1.2851886627584908,-0.2588980382597639,-0.03872662092995116,-0.02664912120453866,-0.2852522003311821,-0.5449308873316405,-0.010101085609753646,-0.018070995088560915,-0.8524440892786984,1.1105041519102583,-0.031082933581281558,-0.8433312464764884,-1.0996126099435142,-0.7185979240698804,-0.4456542357158973,-0.9969500259323955,-0.31277534125475037,-0.03333401214646792,0.9996643351418588,-0.3846130075389462,-0.3574307058815349,0.43188512694255266,0.07542918430694767,-0.1367447289522491,-0.8208203027932078,-0.03687211083455477,1.7888945113498966
46-1_05_21,-0.6803497639608798,-0.06660910081712446,-0.3074835003233932,-0.10828470766785636,-1.0264148614557027,0.9867378704051852,1.5301095633044575,0.8076918594821221,-0.30690815865688437,-0.41190897538000426,0.1260971800848112,-2.7191533324496717,0.2412192662657558,-0.10516060289726625,-0.013541725851545117,-0.02315048944812781,-0.00901788778387247,-1.5729339129944195,0.8937882845346787,0.31666679842933293,-0.03872662092995116,-0.02664912120453866,0.20907108449610257,0.13033771451170578,-0.010101085609753646,-0.018070995088560915,0.1889485958795267,-0.3044691960605598,-0.031082933581281558,-0.03346558291563814,0.21239952913466265,-0.7185979240698804,-0.0090218271562153,-0.07932286316220488,-0.31277534125475037,-0.03333401214646792,-0.04172835001636621,1.7943639397542233,-0.3574307058815349,0.9066069585317605,-1.415932509527325,-0.1367447289522491,-0.8208203027932078,-0.03687211083455477,2.0591092217920766
46-1_06_21,-0.6803497639608798,-0.06660910081712446,-0.3074835003233932,-0.10828470766785636,-1.0264148614557027,-0.6260459863145502,-1.8429864237742695,-2.8763451780043976,-2.2706959860024396,-0.41190897538000426,-2.0767807002446115,-2.7191533324496717,-1.250142427568517,-0.10516060289726625,-0.013541725851545117,-0.02315048944812781,-0.00901788778387247,-1.5729339129944195,-1.2851886627584908,-1.4176152012460224,-0.03872662092995116,-0.02664912120453866,-1.326644885489407,-1.1787599029003084,-0.010101085609753646,-0.018070995088560915,-0.8524440892786984,-0.3044691960605598,-0.031082933581281558,-0.8433312464764884,-1.0996126099435142,-0.7185979240698804,-1.3689476087961279,-0.9969500259323955,-0.31277534125475037,-0.03333401214646792,-0.04172835001636621,-0.3846130075389462,-0.3574307058815349,-1.6509002433738975,-1.415932509527325,-0.1367447289522491,-0.8208203027932078,-0.03687211083455477,-2.0660791623765205
46-1_07_20,0.39710466278623924,-0.06660910081712446,-0.3074835003233932,0.7187151102536042,1.5978672343799656,-0.6260459863145502,0.4380469434734582,0.7006868076216337,0.35048029577259565,0.910310319353915,0.213194909727753,0.3226339865220804,-1.250142427568517,-0.10516060289726625,-0.013541725851545117,-0.02315048944812781,-0.00901788778387247,-0.04788910595757423,-1.2851886627584908,0.10167219294476476,-0.03872662092995116,-0.02664912120453866,0.1153119521670043,-0.17413149871823747,-0.010101085609753646,-0.018070995088560915,-0.007346049264441573,-0.3044691960605598,-0.031082933581281558,0.5149497898463248,-0.24850347767734232,-0.7185979240698804,-0.2662852668989801,-0.9969500259323955,-0.31277534125475037,-0.03333401214646792,-0.04172835001636621,-0.3846130075389462,-0.3574307058815349,0.39442273541275996,0.369397325483442,-0.1367447289522491,-0.8208203027932078,-0.03687211083455477,1.5069085458216844
46-1_09_20,0.952155732284264,-0.06660910081712446,-0.3074835003233932,0.8024921079903782,1.9283099295233603,0.8653157075197224,0.7145207781313885,0.5994712350269205,0.7160757482638052,1.4965760434986455,0.24586295754143306,0.3900876361385317,0.850228117549046,1.5076232538224692,-0.013541725851545117,-0.02315048944812781,-0.00901788778387247,0.3861074793266741,-1.2851886627584908,0.9798135719556753,-0.03872662092995116,-0.02664912120453866,1.2308623164162507,0.9693577775595716,-0.010101085609753646,-0.018070995088560915,1.0108787708417575,-0.3044691960605598,-0.031082933581281558,1.0842257493466292,1.14378846006392,1.285723449712762,1.0261706791938165,1.277783980749656,1.009443953479169,-0.03333401214646792,-0.04172835001636621,-0.3846130075389462,-0.3574307058815349,0.20035810534517784,1.2185447606334066,-0.1367447289522491,-0.8208203027932078,-0.03687211083455477,1.6695995635293843
46-1_11_20,-0.6803497639608798,-0.06660910081712446,-0.3074835003233932,-0.10828470766785636,-1.0264148614557027,-0.6260459863145502,-1.8429864237742695,-2.8763451780043976,-2.2706959860024396,-0.41190897538000426,-2.022761537145627,-2.7191533324496717,-1.250142427568517,-0.10516060289726625,-0.013541725851545117,-0.02315048944812781,-0.00901788778387247,-1.5729339129944195,0.2061730310757819,-1.3470341269603152,-0.03872662092995116,-0.02664912120453866,-1.326644885489407,-1.1787599029003084,-0.010101085609753646,-0.018070995088560915,-0.8524440892786984,-0.3044691960605598,-0.031082933581281558,-0.8433312464764884,-1.0996126099435142,-0.7185979240698804,-1.3689476087961279,-0.9969500259323955,-0.31277534125475037,-0.03333401214646792,-0.04172835001636621,-0.3846130075389462,-0.3574307058815349,-1.6509002433738975,-1.415932509527325,-0.1367447289522491,-0.8208203027932078,-0.03687211083455477,-2.0660791623765205
47-0_01_21,-0.6803497639608798,-0.06660910081712446,-0.3074835003233932,-0.10828470766785636,-1.0264148614557027,-0.6260459863145502,-1.8429864237742695,-1.8349524928461725,-1.4255979459881827,-0.41190897538000426,-1.4697164372952267,-2.7191533324496717,-1.250142427568517,-0.10516060289726625,-0.013541725851545117,-0.02315048944812781,-0.00901788778387247,-1.5729339129944195,-1.2851886627584908,-1.116585205582041,-0.03872662092995116,-0.02664912120453866,-1.326644885489407,-1.1787599029003084,-0.010101085609753646,-0.018070995088560915,-0.8524440892786984,-0.3044691960605598,-0.031082933581281558,-0.8433312464764884,-1.0996126099435142,-0.7185979240698804,-1.3689476087961279,-0.9969500259323955,-0.31277534125475037,-0.03333401214646792,-0.04172835001636621,-0.3846130075389462,-0.3574307058815349,-1.6509002433738975,-1.415932509527325,-0.1367447289522491,-0.8208203027932078,-0.03687211083455477,-0.7438598676426011
47-0_03_21,-0.6803497639608798,-0.06660910081712446,-0.3074835003233932,-0.10828470766785636,-1.0264148614557027,-0.6260459863145502,-0.05765658876350244,0.029989863800693017,-0.49254473561879597,-0.41190897538000426,-0.2462642592502411,-0.2126483000447994,-1.250142427568517,-0.10516060289726625,-0.013541725851545117,-0.02315048944812781,-0.00901788778387247,-1.5729339129944195,0.5001411722522762,-0.24666358184275222,-0.03872662092995116,-0.02664912120453866,-0.2852522003311821,-0.3131061080304397,-0.010101085609753646,-0.018070995088560915,0.1889485958795267,-0.3044691960605598,-0.031082933581281558,-0.8433312464764884,-0.17964208767075188,-0.7185979240698804,-0.06688480769437882,-0.07932286316220488,-0.31277534125475037,-0.03333401214646792,-0.04172835001636621,-0.3846130075389462,-0.3574307058815349,0.35342113040874523,-1.415932509527325,-0.1367447289522491,1.8285145559189342,-0.03687211083455477,0.5976217630131277
47-0_05_20,0.2042568173370507,-0.06660910081712446,-0.3074835003233932,0.8024921079903782,2.186039099584573,0.6961733084193691,0.3359905235189,0.8330095978299985,0.4874586359649504,1.7670679719131652,0.4696720751069636,0.3003783520815839,-0.04602244491259211,-0.10516060289726625,-0.013541725851545117,-0.02315048944812781,-0.00901788778387247,0.48206194853472206,-1.2851886627584908,0.037677615977967316,-0.03872662092995116,-0.02664912120453866,0.20907108449610257,-0.07507832917674252,-0.010101085609753646,-0.018070995088560915,-0.8524440892786984,-0.3044691960605598,-0.031082933581281558,-0.8433312464764884,-0.2794271757888438,-0.7185979240698804,-0.1336597016243892,0.2426615520942712,-0.31277534125475037,-0.03333401214646792,-0.04172835001636621,-0.3846130075389462,-0.3574307058815349,0.5820958670182564,0.29163766657061135,0.9046479562059759,-0.8208203027932078,-0.03687211083455477,1.6415761611546666
47-0_05_21,0.43040023217960677,-0.06660910081712446,-0.3074835003233932,-0.10828470766785636,-1.0264148614557027,-0.6260459863145502,0.46020963364621936,0.19590471960911726,0.5188847261619858,-0.41190897538000426,-0.24119510941017097,0.4892880239888957,1.1227695754015896,-0.10516060289726625,-0.013541725851545117,-0.02315048944812781,-0.00901788778387247,0.3355511058842303,1.0390937925392019,0.7275994913365891,-0.03872662092995116,-0.02664912120453866,1.0369670944027374,0.7694958332324902,-0.010101085609753646,-0.018070995088560915,0.8103137424028757,1.0177500986733596,-0.031082933581281558,1.0079271022425869,0.9513986555561581,1.326725054716777,0.8499128642465819,0.8812142164531073,0.46537590912889326,-0.03333401214646792,-0.04172835001636621,-0.3846130075389462,1.3501394702164013,-1.6509002433738975,1.1979093123487443,-0.1367447289522491,1.6788667798251962,-0.03687211083455477,-0.7438598676426011
47-0_06_21,0.042753920091858466,-0.06660910081712446,1.3053003563963421,-0.10828470766785636,-1.0264148614557027,1.4567393840018998,0.9430547864682848,0.407182186857296,-0.05058789796238439,-0.41190897538000426,0.5301484910451426,-0.050767415759671364,-1.250142427568517,1.217058691836653,-0.013541725851545117,-0.02315048944812781,-0.00901788778387247,-0.08157221916014673,0.6738527295626027,-0.09418109598042196,-0.03872662092995116,-0.02664912120453866,-0.07949027060828054,-0.21852702977179617,-0.010101085609753646,-0.018070995088560915,0.44858590638528284,-0.3044691960605598,-0.031082933581281558,-0.8433312464764884,-0.3303794240883812,-0.7185979240698804,0.05779595772611429,-0.9969500259323955,0.46537590912889326,-0.03333401214646792,-0.04172835001636621,0.9376062871949731,-0.3574307058815349,1.3038245476051658,0.07542918430694767,-0.1367447289522491,0.5013989919407115,-0.03687211083455477,0.6590153587049485
47-0_07_20,-0.6803497639608798,-0.06660910081712446,-0.3074835003233932,-0.10828470766785636,0.7589149735550642,-0.6260459863145502,-0.5207671290403502,-0.3128640926099868,-0.33619753475887193,-0.41190897538000426,-0.9333315951318285,-0.041546379729178406,-1.250142427568517,-0.10516060289726625,-0.013541725851545117,-0.02315048944812781,-0.00901788778387247,-1.5729339129944195,-1.2851886627584908,-0.4494070356698737,-0.03872662092995116,-0.02664912120453866,-1.326644885489407,-0.41373032983856983,-0.010101085609753646,-0.018070995088560915,-0.8524440892786984,-0.3044691960605598,-0.031082933581281558,0.26449518102066655,-0.9270666316524825,0.43774927679004366,-0.48434102749819746,-0.2530303421035715,-0.31277534125475037,-0.03333401214646792,-0.04172835001636621,-0.3846130075389462,-0.3574307058815349,-1.6509002433738975,-1.415932509527325,-0.1367447289522491,-0.8208203027932078,-0.03687211083455477,0.514845813299099
47-0_09_20,-0.6803497639608798,-0.06660910081712446,-0.3074835003233932,-0.10828470766785636,-1.0264148614557027,-0.6260459863145502,-1.8429864237742695,-2.8763451780043976,-2.2706959860024396,-0.41190897538000426,-2.0767807002446115,-2.7191533324496717,-1.250142427568517,-0.10516060289726625,-0.013541725851545117,-0.02315048944812781,-0.00901788778387247,-0.7947826626107758,-1.2851886627584908,-1.30564144180209,-0.03872662092995116,-0.02664912120453866,-1.326644885489407,-1.1787599029003084,-0.010101085609753646,-0.018070995088560915,-0.8524440892786984,-0.3044691960605598,-0.031082933581281558,-0.8433312464764884,-1.0996126099435142,-0.7185979240698804,-1.3689476087961279,-0.9969500259323955,-0.31277534125475037,-0.03333401214646792,-0.04172835001636621,-0.3846130075389462,-0.3574307058815349,-1.6509002433738975,-1.415932509527325,-0.1367447289522491,-0.8208203027932078,-0.03687211083455477,-2.0660791623765205
47-0_09_21,0.554938143210859,-0.06660910081712446,1.809787795332371,-0.10828470766785636,-1.0264148614557027,1.081524189783386,1.0149488409451595,0.7893296029894956,-0.1668922650464828,-0.41190897538000426,0.4139403521281,0.22086482255799167,-1.250142427568517,0.9362320822609588,-0.013541725851545117,-0.02315048944812781,-0.00901788778387247,0.409337320045149,-1.2851886627584908,-0.25186477552855996,-0.03872662092995116,-0.02664912120453866,-1.326644885489407,-1.1787599029003084,-0.010101085609753646,-0.018070995088560915,0.1889485958795267,-0.3044691960605598,-0.031082933581281558,-0.8433312464764884,-0.5951251710074853,-0.7185979240698804,-0.27452639619176616,0.1946254230488462,0.6166435844595424,-0.03333401214646792,-0.04172835001636621,1.732658288116818,-0.3574307058815349,1.3180494376074452,-1.415932509527325,1.5708254471456873,0.5941530451776101,-0.03687211083455477,1.8991695885906004
47-0_11_20,0.08021631162165108,-0.06660910081712446,-0.3074835003233932,-0.10828470766785636,-1.0264148614557027,1.3782753874680924,1.5035621347742045,0.7986077700441676,0.3399641770874404,-0.41190897538000426,0.17530039440424416,0.7042563952834218,0.4574277485294195,-0.10516060289726625,-0.013541725851545117,-0.02315048944812781,-0.00901788778387247,-0.11808905298590922,1.1933778328353526,0.21406725668874088,-0.03872662092995116,-0.02664912120453866,-0.004425590755487874,0.03257044706648937,-0.010101085609753646,-0.018070995088560915,-0.8524440892786984,-0.3044691960605598,-0.031082933581281558,0.26449518102066655,0.18578001683442702,-0.7185979240698804,0.1873548919711594,-0.9969500259323955,0.6166435844595424,-0.03333401214646792,-0.04172835001636621,1.2281708491807892,1.3501394702164013,0.6934920303112134,0.5883888642553177,-0.1367447289522491,-0.8208203027932078,-0.03687211083455477,2.1540550871937314
47-1_01_21,-0.6803497639608798,-0.06660910081712446,1.3053003563963421,0.8024921079903782,-1.0264148614557027,0.9867378704051852,0.9136496844715787,0.29713246544859695,0.3214807713934271,-0.41190897538000426,0.261979131506332,0.45577826107877084,0.995370240245633,-0.10516060289726625,-0.013541725851545117,-0.02315048944812781,-0.00901788778387247,-0.6435149872801267,1.596195994012082,0.4393623344119891,-0.03872662092995116,-0.02664912120453866,0.9229610688175026,0.6869995468738408,-0.010101085609753646,-0.018070995088560915,0.9670998462631702,-0.3044691960605598,-0.031082933581281558,0.6080364573921241,0.6120917666444068,0.5285566908112462,0.7459491895180315,1.0150726548161246,0.7286173439034747,-0.03333401214646792,-0.04172835001636621,-0.3846130075389462,-0.3574307058815349,0.7657402639643837,1.2477684158623232,-0.1367447289522491,-0.8208203027932078,-0.03687211083455477,1.1796801935907566
47-1_03_21,-0.043527666373705365,-0.06660910081712446,-0.3074835003233932,-0.10828470766785636,-1.0264148614557027,-0.6260459863145502,1.6240293946641662,0.7407600524979805,-0.31645347656311473,-0.41190897538000426,0.48642525899479083,0.5766336078019376,0.36264142915121855,1.0989593797586585,-0.013541725851545117,-0.02315048944812781,-0.00901788778387247,0.36156453824914825,1.3179557098616916,0.4034742678910311,-0.03872662092995116,-0.02664912120453866,0.6917781973373788,0.3369247469587147,-0.010101085609753646,-0.018070995088560915,0.3780048320995756,-0.3044691960605598,-0.031082933581281558,0.6351040621410053,0.20194669045619124,0.723358913586531,0.20700957996762936,0.8010931211561445,0.6166435844595424,-0.03333401214646792,-0.04172835001636621,1.2281708491807892,-0.3574307058815349,1.4139319763646765,0.6293904692593324,-0.1367447289522491,2.2550914586895696,-0.03687211083455477,1.9808450118535146
47-1_05_20,-0.6803497639608798,-0.06660910081712446,-0.3074835003233932,-0.10828470766785636,1.85496979531487,-0.6260459863145502,0.11605496854682407,0.4491704853587506,-0.19151473995481472,1.0794527184542684,-0.040622602057519996,-0.19932533867395263,-1.250142427568517,-0.10516060289726625,-0.013541725851545117,-0.02315048944812781,-0.00901788778387247,-0.08157221916014673,-1.2851886627584908,-0.46054340178783326,-0.03872662092995116,-0.02664912120453866,-1.326644885489407,-0.7201220538746591,-0.010101085609753646,-0.018070995088560915,-0.8524440892786984,-0.3044691960605598,-0.031082933581281558,-0.8433312464764884,-1.0996126099435142,-0.7185979240698804,-1.028409071848473,-0.5469915815484784,-0.31277534125475037,-0.03333401214646792,-0.04172835001636621,-0.3846130075389462,-0.3574307058815349,0.13442959163686963,-1.415932509527325,-0.1367447289522491,-0.8208203027932078,-0.03687211083455477,1.6023999405560652
47-1_05_21,-0.6803497639608798,-0.06660910081712446,-0.3074835003233932,-0.10828470766785636,-1.0264148614557027,1.1592838486962167,0.6057198961308103,0.5831980802760155,-0.23727223051548996,-0.41190897538000426,0.2689110402605164,0.4601111318893538,0.7541789462141257,-0.10516060289726625,-0.013541725851545117,-0.02315048944812781,-0.00901788778387247,-0.04788910595757423,1.744600808073365,0.2571919261241549,-0.03872662092995116,-0.02664912120453866,0.059556719911386335,0.048943206495283886,-0.010101085609753646,-0.018070995088560915,-0.8524440892786984,-0.3044691960605598,-0.031082933581281558,-0.27194007491497796,0.20720455712086144,0.8171180459156293,0.004314772960150315,0.11085039221348296,-0.31277534125475037,-0.03333401214646792,-0.04172835001636621,1.5238720113397035,-0.3574307058815349,1.2581206108372585,-1.415932509527325,-0.1367447289522491,1.3860055732386418,-0.03687211083455477,0.11289778491664904
47-1_07_20,0.1466500539605809,-0.06660910081712446,-0.3074835003233932,-0.10828470766785636,1.4800901709491694,1.081524189783386,0.48129603152342315,0.6255353157506609,0.716970278923835,1.3734208596307629,0.44156761312900206,1.184262253319415,-1.250142427568517,-0.10516060289726625,-0.013541725851545117,-0.02315048944812781,-0.00901788778387247,0.37400935770340604,-1.2851886627584908,0.48259122639773416,-0.03872662092995116,-0.02664912120453866,0.5635897808169493,0.4570468595352239,-0.010101085609753646,-0.018070995088560915,-0.8524440892786984,-0.3044691960605598,-0.031082933581281558,0.5639823882703665,0.12075064524953562,-0.7185979240698804,0.4060904061633728,0.6060582423513907,-0.31277534125475037,-0.03333401214646792,-0.04172835001636621,-0.3846130075389462,-0.3574307058815349,1.0902513554778879,1.000707997810956,1.648585106058518,-0.8208203027932078,-0.03687211083455477,1.9514132841007545
47-1_11_20,-0.6803497639608798,-0.06660910081712446,-0.3074835003233932,-0.10828470766785636,-1.0264148614557027,-0.6260459863145502,-1.8429864237742695,-1.1281571509981974,-2.2706959860024396,-0.41190897538000426,-1.7359296537620623,-2.7191533324496717,-1.250142427568517,-0.10516060289726625,-0.013541725851545117,-0.02315048944812781,-0.00901788778387247,-1.5729339129944195,-1.2851886627584908,-1.216700358465309,-0.03872662092995116,-0.02664912120453866,-1.326644885489407,-1.1787599029003084,-0.010101085609753646,-0.018070995088560915,-0.8524440892786984,-0.3044691960605598,-0.031082933581281558,-0.8433312464764884,-1.0996126099435142,-0.7185979240698804,-1.13486440276276,-0.9969500259323955,-0.31277534125475037,-0.03333401214646792,-0.04172835001636621,-0.3846130075389462,-0.3574307058815349,-0.3286809486399781,-1.415932509527325,-0.1367447289522491,-0.8208203027932078,-0.03687211083455477,-0.061757788593877816
