index,k__Bacteria;p__Firmicutes;c__Clostridia;o__Clostridiales,k__Bacteria;p__Firmicutes;c__Bacilli;o__Lactobacillales,k__Bacteria;p__Bacteroidetes;c__Bacteroidia;o__Bacteroidales,k__Bacteria;p__Tenericutes;c__Mollicutes;o__RF39,k__Bacteria;__;__;__,k__Bacteria;p__Actinobacteria;c__Coriobacteriia;o__Coriobacteriales,k__Bacteria;p__Firmicutes;c__Erysipelotrichi;o__Erysipelotrichales,k__Bacteria;p__Firmicutes;__;__,k__Bacteria;p__Firmicutes;c__Bacilli;o__Bacillales,k__Bacteria;p__TM7;c__TM7-3;o__CW040,k__Bacteria;p__Firmicutes;c__Clostridia;__,k__Bacteria;p__Proteobacteria;c__Gammaproteobacteria;o__Pseudomonadales,k__Bacteria;p__Proteobacteria;c__Deltaproteobacteria;o__Desulfovibrionales,k__Bacteria;p__Actinobacteria;c__Actinobacteria;o__Actinomycetales,k__Bacteria;p__Proteobacteria;c__Gammaproteobacteria;o__Enterobacteriales,k__Bacteria;p__Actinobacteria;c__Actinobacteria;o__Bifidobacteriales,k__Bacteria;p__Bacteroidetes;c__[Saprospirae];o__[Saprospirales],k__Bacteria;p__Proteobacteria;__;__,k__Bacteria;p__Cyanobacteria;c__4C0d-2;o__YS2,k__Bacteria;p__Firmicutes;c__Bacilli;o__Turicibacterales,k__Bacteria;p__Tenericutes;c__Mollicutes;o__Anaeroplasmatales,k__Bacteria;p__Proteobacteria;c__Betaproteobacteria;o__Burkholderiales,k__Bacteria;p__Verrucomicrobia;c__Verrucomicrobiae;o__Verrucomicrobiales,LinkerPrimerSequence,ReversePrimer,barcode,Plate,WellPosition,mice_name,date,date_month,number,AgeWeeks,AgeMonth,group,death_age_month,death,metabolomics
14-0_01_21,733.0,5.0,3181.0,0.0,0.0,1.0,3.0,0.0,0.0,0.0,0.0,0.0,6.0,0.0,0.0,0.0,0.0,0.0,11.0,52.0,0.0,8.0,0.0,TATGGTAATTGTGTGCCAGCMGCCGCGGTAA,ATTAGAWACCCBDGTAGTCCGGCTGACTGACT,CGGTCAATTGAC,5.0,3C,Agf14-m0,100121.0,01_21,5.0,49.57142857,Month_12,group1,NA,no,no
14-0_05_20,1090.0,15.0,2877.0,0.0,0.0,0.0,0.0,0.0,0.0,0.0,0.0,0.0,3.0,0.0,0.0,0.0,0.0,0.0,0.0,0.0,0.0,13.0,2.0,TATGGTAATTGTGTGCCAGCMGCCGCGGTAA,ATTAGAWACCCBDGTAGTCCGGCTGACTGACT,CAGTCCCTGCAC,5.0,6G,Agf14-m0,130520.0,05_20,1.0,15.0,Month_04,group1,NA,no,yes
14-0_06_21,2530.0,42.0,1375.0,3.0,0.0,0.0,0.0,5.0,0.0,0.0,0.0,0.0,28.0,0.0,0.0,0.0,0.0,0.0,3.0,12.0,0.0,2.0,0.0,TATGGTAATTGTGTGCCAGCMGCCGCGGTAA,ATTAGAWACCCBDGTAGTCCGGCTGACTGACT,GGCAGTGTTAAT,6.0,12H,Agf14-m0,240621.0,06_21,8.0,73.14285714,Month_18,group1,NA,no,no
14-1_03_21,396.0,1.0,3573.0,0.0,0.0,0.0,0.0,0.0,0.0,0.0,0.0,0.0,5.0,0.0,0.0,0.0,0.0,0.0,22.0,2.0,0.0,0.0,1.0,TATGGTAATTGTGTGCCAGCMGCCGCGGTAA,ATTAGAWACCCBDGTAGTCCGGCTGACTGACT,CGGTAGTTGATC,7.0,3D,Agf14-m1,40321.0,03_21,6.0,57.14285714,Month_14,group1,17,yes,no
14-1_05_20,761.0,35.0,3182.0,0.0,0.0,0.0,0.0,0.0,0.0,0.0,0.0,0.0,13.0,0.0,0.0,0.0,0.0,0.0,5.0,0.0,0.0,4.0,0.0,TATGGTAATTGTGTGCCAGCMGCCGCGGTAA,ATTAGAWACCCBDGTAGTCCGGCTGACTGACT,GCCCTTCCCGTG,5.0,12C,Agf14-m1,130520.0,05_20,1.0,15.0,Month_04,group1,17,yes,yes
14-1_05_21,1229.0,2.0,2695.0,0.0,4.0,0.0,0.0,25.0,0.0,0.0,0.0,0.0,25.0,0.0,0.0,0.0,0.0,3.0,15.0,0.0,0.0,1.0,1.0,TATGGTAATTGTGTGCCAGCMGCCGCGGTAA,ATTAGAWACCCBDGTAGTCCGGCTGACTGACT,CGGAGAGACATG,3.0,10H,Agf14-m1,20521.0,05_21,7.0,61.71428571,Month_16,group1,17,yes,no
14-1_07_20,2378.0,0.0,1567.0,0.0,8.0,0.0,0.0,0.0,0.0,0.0,0.0,0.0,41.0,0.0,0.0,0.0,0.0,0.0,3.0,0.0,0.0,3.0,0.0,TATGGTAATTGTGTGCCAGCMGCCGCGGTAA,ATTAGAWACCCBDGTAGTCCGGCTGACTGACT,TGGTGGAGTTTC,3.0,6C,Agf14-m1,720.0,07_20,2.0,23.14285714,Month_06,group1,17,yes,no
14-2_01_21,348.0,19.0,3529.0,0.0,4.0,0.0,2.0,0.0,0.0,0.0,0.0,0.0,7.0,0.0,0.0,0.0,0.0,0.0,9.0,42.0,0.0,39.0,1.0,TATGGTAATTGTGTGCCAGCMGCCGCGGTAA,ATTAGAWACCCBDGTAGTCCGGCTGACTGACT,TATCGTTATCGT,6.0,7E,Agf14-m2,100121.0,01_21,5.0,49.57142857,Month_12,group1,NA,no,no
14-2_05_20,1568.0,3.0,2410.0,0.0,0.0,0.0,0.0,0.0,0.0,0.0,0.0,0.0,0.0,0.0,0.0,0.0,0.0,0.0,18.0,0.0,0.0,0.0,1.0,TATGGTAATTGTGTGCCAGCMGCCGCGGTAA,ATTAGAWACCCBDGTAGTCCGGCTGACTGACT,CAGACCGGACGA,7.0,2E,Agf14-m2,130520.0,05_20,1.0,15.0,Month_04,group1,NA,no,yes
14-2_05_21,1357.0,57.0,2474.0,2.0,0.0,0.0,0.0,3.0,0.0,0.0,0.0,0.0,5.0,0.0,0.0,0.0,0.0,0.0,27.0,72.0,0.0,3.0,0.0,TATGGTAATTGTGTGCCAGCMGCCGCGGTAA,ATTAGAWACCCBDGTAGTCCGGCTGACTGACT,AAGCCTCTACGA,6.0,3D,Agf14-m2,20521.0,05_21,7.0,61.71428571,Month_16,group1,NA,no,no
14-2_06_21,334.0,29.0,3539.0,0.0,2.0,0.0,9.0,0.0,0.0,0.0,0.0,0.0,0.0,0.0,0.0,2.0,0.0,0.0,32.0,34.0,0.0,15.0,4.0,TATGGTAATTGTGTGCCAGCMGCCGCGGTAA,ATTAGAWACCCBDGTAGTCCGGCTGACTGACT,CGATATCAGTAG,7.0,9B,Agf14-m2,270521.0,06_21,8.0,73.14285714,Month_18,group1,NA,no,no
14-2_09_20,2109.0,18.0,1837.0,0.0,7.0,2.0,1.0,0.0,0.0,0.0,0.0,0.0,6.0,0.0,0.0,0.0,0.0,0.0,19.0,0.0,0.0,0.0,1.0,TATGGTAATTGTGTGCCAGCMGCCGCGGTAA,ATTAGAWACCCBDGTAGTCCGGCTGACTGACT,ATGTAGGCTTAG,5.0,10F,Agf14-m2,90920.0,09_20,3.0,33.0,Month_08,group1,NA,no,no
15-0_03_21,781.0,52.0,3146.0,0.0,3.0,0.0,0.0,0.0,0.0,0.0,0.0,0.0,8.0,0.0,0.0,0.0,0.0,0.0,6.0,0.0,0.0,0.0,4.0,TATGGTAATTGTGTGCCAGCMGCCGCGGTAA,ATTAGAWACCCBDGTAGTCCGGCTGACTGACT,TACCTGTGTCTT,6.0,1G,Agf15-m0,40321.0,03_21,6.0,57.14285714,Month_14,group1,NA,no,no
15-0_06_21,1544.0,17.0,2371.0,0.0,18.0,0.0,0.0,0.0,0.0,0.0,0.0,0.0,0.0,0.0,0.0,0.0,0.0,0.0,0.0,0.0,50.0,0.0,0.0,TATGGTAATTGTGTGCCAGCMGCCGCGGTAA,ATTAGAWACCCBDGTAGTCCGGCTGACTGACT,TCTACGGCACGT,6.0,10B,Agf15-m0,270521.0,06_21,8.0,73.14285714,Month_18,group1,NA,no,no
15-0_07_20,634.0,73.0,3253.0,0.0,11.0,0.0,0.0,0.0,7.0,0.0,0.0,0.0,0.0,0.0,0.0,0.0,0.0,0.0,12.0,8.0,0.0,2.0,0.0,TATGGTAATTGTGTGCCAGCMGCCGCGGTAA,ATTAGAWACCCBDGTAGTCCGGCTGACTGACT,AGCCCGCAAAGG,6.0,11B,Agf15-m0,720.0,07_20,2.0,23.14285714,Month_06,group1,NA,no,no
15-1_01_21,3318.0,20.0,632.0,0.0,3.0,0.0,0.0,0.0,0.0,0.0,0.0,0.0,14.0,0.0,0.0,0.0,0.0,0.0,10.0,3.0,0.0,0.0,0.0,TATGGTAATTGTGTGCCAGCMGCCGCGGTAA,ATTAGAWACCCBDGTAGTCCGGCTGACTGACT,GGCCTATAAGTC,6.0,11C,Agf15-m1,100121.0,01_21,5.0,49.57142857,Month_12,group1,NA,no,no
15-1_03_21,1157.0,167.0,2546.0,0.0,16.0,0.0,7.0,0.0,0.0,0.0,0.0,0.0,6.0,0.0,0.0,10.0,0.0,0.0,6.0,40.0,40.0,5.0,0.0,TATGGTAATTGTGTGCCAGCMGCCGCGGTAA,ATTAGAWACCCBDGTAGTCCGGCTGACTGACT,TAAGAAACGTCA,6.0,5B,Agf15-m1,40321.0,03_21,6.0,57.14285714,Month_14,group1,NA,no,no
15-1_05_20,587.0,25.0,3366.0,0.0,0.0,1.0,0.0,0.0,0.0,0.0,0.0,0.0,1.0,0.0,0.0,2.0,0.0,0.0,4.0,10.0,0.0,3.0,1.0,TATGGTAATTGTGTGCCAGCMGCCGCGGTAA,ATTAGAWACCCBDGTAGTCCGGCTGACTGACT,TGAGTGGTCTGT,1.0,8F,Agf15-m1,130520.0,05_20,1.0,15.0,Month_04,group1,NA,no,yes
15-1_06_21,2174.0,6.0,1740.0,0.0,49.0,2.0,0.0,0.0,0.0,0.0,0.0,0.0,14.0,0.0,0.0,0.0,0.0,0.0,0.0,0.0,15.0,0.0,0.0,TATGGTAATTGTGTGCCAGCMGCCGCGGTAA,ATTAGAWACCCBDGTAGTCCGGCTGACTGACT,ACCCGGATTTCG,6.0,3C,Agf15-m1,270521.0,06_21,8.0,73.14285714,Month_18,group1,NA,no,no
15-1_07_20,811.0,27.0,3138.0,0.0,0.0,0.0,0.0,0.0,0.0,0.0,0.0,0.0,7.0,1.0,0.0,0.0,0.0,0.0,8.0,4.0,0.0,2.0,2.0,TATGGTAATTGTGTGCCAGCMGCCGCGGTAA,ATTAGAWACCCBDGTAGTCCGGCTGACTGACT,CACGTTTATTCC,1.0,11B,Agf15-m1,720.0,07_20,2.0,23.14285714,Month_06,group1,NA,no,no
15-1_09_20,698.0,52.0,3204.0,0.0,0.0,0.0,0.0,0.0,0.0,0.0,0.0,0.0,2.0,0.0,0.0,0.0,0.0,0.0,2.0,28.0,0.0,12.0,2.0,TATGGTAATTGTGTGCCAGCMGCCGCGGTAA,ATTAGAWACCCBDGTAGTCCGGCTGACTGACT,AGTTATTCTAGT,7.0,3E,Agf15-m1,90920.0,09_20,3.0,33.0,Month_08,group1,NA,no,no
16-0_01_21,340.0,22.0,3586.0,0.0,0.0,0.0,2.0,0.0,0.0,0.0,0.0,0.0,2.0,0.0,0.0,4.0,0.0,0.0,5.0,33.0,0.0,6.0,0.0,TATGGTAATTGTGTGCCAGCMGCCGCGGTAA,ATTAGAWACCCBDGTAGTCCGGCTGACTGACT,CGAATACTGACA,3.0,7G,Agf16-m0,100121.0,01_21,5.0,49.57142857,Month_12,group1,15,yes,no
16-0_05_21,991.0,0.0,2944.0,0.0,1.0,0.0,3.0,0.0,0.0,0.0,0.0,0.0,7.0,0.0,9.0,2.0,0.0,0.0,18.0,21.0,0.0,3.0,1.0,TATGGTAATTGTGTGCCAGCMGCCGCGGTAA,ATTAGAWACCCBDGTAGTCCGGCTGACTGACT,AATTAATATGTA,2.0,8C,Agf16-m0,20521.0,05_21,7.0,61.71428571,Month_16,group1,15,yes,no
16-0_07_20,299.0,22.0,3634.0,0.0,1.0,0.0,0.0,0.0,0.0,0.0,0.0,0.0,2.0,0.0,0.0,1.0,0.0,0.0,3.0,17.0,0.0,20.0,1.0,TATGGTAATTGTGTGCCAGCMGCCGCGGTAA,ATTAGAWACCCBDGTAGTCCGGCTGACTGACT,CTGGTGCTGAAT,5.0,8D,Agf16-m0,720.0,07_20,2.0,23.14285714,Month_06,group1,15,yes,no
16-0_11_20,1649.0,45.0,2279.0,0.0,0.0,0.0,4.0,0.0,0.0,0.0,0.0,0.0,11.0,0.0,0.0,0.0,0.0,0.0,4.0,0.0,0.0,8.0,0.0,TATGGTAATTGTGTGCCAGCMGCCGCGGTAA,ATTAGAWACCCBDGTAGTCCGGCTGACTGACT,GTTCCATCGGCC,6.0,6G,Agf16-m0,121120.0,11_20,4.0,41.14285714,Month_10,group1,15,yes,no
16-1_03_21,920.0,7.0,3039.0,0.0,0.0,0.0,5.0,0.0,0.0,0.0,0.0,0.0,7.0,0.0,0.0,0.0,0.0,0.0,10.0,0.0,0.0,12.0,0.0,TATGGTAATTGTGTGCCAGCMGCCGCGGTAA,ATTAGAWACCCBDGTAGTCCGGCTGACTGACT,ATCTAGTGGCAA,1.0,4D,Agf16-m1,40321.0,03_21,6.0,57.14285714,Month_14,group1,NA,no,no
16-1_05_21,628.0,4.0,3321.0,0.0,5.0,0.0,0.0,0.0,0.0,0.0,0.0,0.0,9.0,0.0,0.0,0.0,0.0,0.0,11.0,13.0,0.0,9.0,0.0,TATGGTAATTGTGTGCCAGCMGCCGCGGTAA,ATTAGAWACCCBDGTAGTCCGGCTGACTGACT,AGGGACTTCAAT,3.0,5E,Agf16-m1,20521.0,05_21,7.0,61.71428571,Month_16,group1,NA,no,no
16-1_07_20,900.0,37.0,2989.0,0.0,9.0,0.0,0.0,0.0,0.0,0.0,0.0,0.0,4.0,0.0,0.0,1.0,0.0,0.0,16.0,40.0,0.0,4.0,0.0,TATGGTAATTGTGTGCCAGCMGCCGCGGTAA,ATTAGAWACCCBDGTAGTCCGGCTGACTGACT,GAGCGCCGAACA,6.0,12B,Agf16-m1,720.0,07_20,2.0,23.14285714,Month_06,group1,NA,no,no
16-2_07_20,1032.0,50.0,2848.0,0.0,11.0,0.0,0.0,0.0,0.0,0.0,0.0,0.0,4.0,0.0,0.0,0.0,0.0,0.0,7.0,46.0,0.0,1.0,1.0,TATGGTAATTGTGTGCCAGCMGCCGCGGTAA,ATTAGAWACCCBDGTAGTCCGGCTGACTGACT,AACGCTTCTTAT,5.0,12H,Agf16-m2,720.0,07_20,2.0,23.14285714,Month_06,group1,NA,no,no
18-0_01_21,1870.0,44.0,1937.0,0.0,5.0,0.0,0.0,0.0,0.0,0.0,0.0,0.0,21.0,0.0,0.0,0.0,0.0,0.0,33.0,23.0,65.0,0.0,2.0,TATGGTAATTGTGTGCCAGCMGCCGCGGTAA,ATTAGAWACCCBDGTAGTCCGGCTGACTGACT,GATTCTTTAGAT,5.0,11A,Agf18-m0,100121.0,01_21,5.0,49.0,Month_12,group1,NA,no,no
18-0_03_21,1313.0,35.0,2372.0,0.0,9.0,0.0,4.0,0.0,0.0,0.0,1.0,0.0,3.0,0.0,0.0,1.0,0.0,5.0,37.0,60.0,111.0,1.0,48.0,TATGGTAATTGTGTGCCAGCMGCCGCGGTAA,ATTAGAWACCCBDGTAGTCCGGCTGACTGACT,GATGCCTAATGA,3.0,4F,Agf18-m0,40321.0,03_21,6.0,56.57142857,Month_14,group1,NA,no,no
18-0_06_21,1897.0,3.0,2026.0,0.0,44.0,0.0,0.0,10.0,0.0,0.0,0.0,0.0,7.0,0.0,0.0,0.0,0.0,0.0,2.0,1.0,4.0,0.0,6.0,TATGGTAATTGTGTGCCAGCMGCCGCGGTAA,ATTAGAWACCCBDGTAGTCCGGCTGACTGACT,GTTAGGGAGCGA,5.0,7B,Agf18-m0,270521.0,06_21,8.0,72.57142857,Month_18,group1,NA,no,no
18-0_11_20,2696.0,15.0,1241.0,0.0,5.0,0.0,0.0,0.0,0.0,0.0,0.0,0.0,23.0,0.0,0.0,0.0,0.0,0.0,6.0,0.0,11.0,0.0,3.0,TATGGTAATTGTGTGCCAGCMGCCGCGGTAA,ATTAGAWACCCBDGTAGTCCGGCTGACTGACT,CGAACGTCTATG,5.0,6F,Agf18-m0,121120.0,11_20,4.0,40.57142857,Month_10,group1,NA,no,no
18-1_01_21,446.0,10.0,2889.0,0.0,2.0,0.0,2.0,0.0,0.0,0.0,0.0,0.0,3.0,0.0,0.0,0.0,0.0,1.0,0.0,9.0,118.0,59.0,461.0,TATGGTAATTGTGTGCCAGCMGCCGCGGTAA,ATTAGAWACCCBDGTAGTCCGGCTGACTGACT,CTCACGCAATGC,6.0,5H,Agf18-m1,100121.0,01_21,5.0,49.0,Month_12,group1,NA,no,no
18-1_05_20,836.0,48.0,3047.0,0.0,0.0,0.0,0.0,0.0,0.0,0.0,0.0,0.0,4.0,0.0,0.0,0.0,0.0,0.0,22.0,7.0,36.0,0.0,0.0,TATGGTAATTGTGTGCCAGCMGCCGCGGTAA,ATTAGAWACCCBDGTAGTCCGGCTGACTGACT,GCTAGTTATGGA,5.0,2A,Agf18-m1,130520.0,05_20,1.0,14.42857143,Month_04,group1,NA,no,yes
18-1_06_21,1992.0,0.0,1885.0,0.0,70.0,0.0,0.0,4.0,0.0,0.0,0.0,0.0,19.0,0.0,0.0,0.0,0.0,0.0,17.0,0.0,0.0,0.0,13.0,TATGGTAATTGTGTGCCAGCMGCCGCGGTAA,ATTAGAWACCCBDGTAGTCCGGCTGACTGACT,CTCAGCGGGACG,3.0,2G,Agf18-m1,270521.0,06_21,8.0,72.57142857,Month_18,group1,NA,no,no
18-2_01_21,2805.0,62.0,1051.0,0.0,6.0,0.0,0.0,0.0,0.0,0.0,0.0,0.0,25.0,0.0,0.0,0.0,0.0,0.0,14.0,14.0,19.0,0.0,4.0,TATGGTAATTGTGTGCCAGCMGCCGCGGTAA,ATTAGAWACCCBDGTAGTCCGGCTGACTGACT,CTAACCTCATAT,6.0,4A,Agf18-m2,100121.0,01_21,5.0,49.0,Month_12,group1,NA,no,no
18-2_05_20,1442.0,10.0,2478.0,0.0,6.0,0.0,0.0,0.0,0.0,0.0,0.0,0.0,25.0,0.0,0.0,0.0,0.0,0.0,15.0,13.0,9.0,0.0,2.0,TATGGTAATTGTGTGCCAGCMGCCGCGGTAA,ATTAGAWACCCBDGTAGTCCGGCTGACTGACT,CTGAGGCCCTTC,5.0,7H,Agf18-m2,130520.0,05_20,1.0,14.42857143,Month_04,group1,NA,no,yes
18-2_06_21,817.0,27.0,3074.0,5.0,46.0,0.0,2.0,0.0,0.0,0.0,0.0,0.0,2.0,0.0,0.0,0.0,0.0,5.0,1.0,9.0,0.0,10.0,2.0,TATGGTAATTGTGTGCCAGCMGCCGCGGTAA,ATTAGAWACCCBDGTAGTCCGGCTGACTGACT,CTCCCACTAGAG,5.0,12F,Agf18-m2,270521.0,06_21,8.0,72.57142857,Month_18,group1,NA,no,no
18-2_07_20,766.0,10.0,2516.0,0.0,5.0,0.0,0.0,0.0,0.0,0.0,0.0,0.0,6.0,0.0,0.0,0.0,0.0,0.0,10.0,0.0,1.0,9.0,677.0,TATGGTAATTGTGTGCCAGCMGCCGCGGTAA,ATTAGAWACCCBDGTAGTCCGGCTGACTGACT,AGGACAAACTAT,5.0,11B,Agf18-m2,720.0,07_20,2.0,22.57142857,Month_06,group1,NA,no,no
18-2_09_20,2881.0,11.0,1070.0,0.0,0.0,0.0,0.0,0.0,0.0,0.0,0.0,0.0,15.0,0.0,0.0,0.0,0.0,2.0,3.0,0.0,0.0,0.0,18.0,TATGGTAATTGTGTGCCAGCMGCCGCGGTAA,ATTAGAWACCCBDGTAGTCCGGCTGACTGACT,CGTGGTGGGAAC,6.0,8B,Agf18-m2,90920.0,09_20,3.0,32.42857143,Month_08,group1,NA,no,no
19-0_01_21,641.0,47.0,3073.0,0.0,0.0,0.0,2.0,0.0,0.0,0.0,0.0,0.0,0.0,0.0,6.0,3.0,0.0,3.0,3.0,66.0,0.0,5.0,151.0,TATGGTAATTGTGTGCCAGCMGCCGCGGTAA,ATTAGAWACCCBDGTAGTCCGGCTGACTGACT,CAGTGTCATGAA,6.0,6C,Agf19-m0,100121.0,01_21,5.0,49.0,Month_12,group1,13,yes,no
19-0_07_20,713.0,26.0,2846.0,0.0,0.0,0.0,0.0,0.0,0.0,0.0,0.0,0.0,2.0,0.0,0.0,0.0,0.0,0.0,0.0,0.0,0.0,12.0,401.0,TATGGTAATTGTGTGCCAGCMGCCGCGGTAA,ATTAGAWACCCBDGTAGTCCGGCTGACTGACT,CATGATTAAGAG,6.0,3G,Agf19-m0,720.0,07_20,2.0,22.57142857,Month_06,group1,13,yes,no
19-0_11_20,991.0,45.0,2827.0,0.0,0.0,0.0,0.0,0.0,0.0,0.0,0.0,0.0,0.0,0.0,0.0,0.0,0.0,0.0,30.0,11.0,41.0,4.0,51.0,TATGGTAATTGTGTGCCAGCMGCCGCGGTAA,ATTAGAWACCCBDGTAGTCCGGCTGACTGACT,GAACCAGTACTC,1.0,9H,Agf19-m0,121120.0,11_20,4.0,40.57142857,Month_10,group1,13,yes,no
19-1_01_21,642.0,157.0,3127.0,0.0,0.0,0.0,0.0,0.0,0.0,0.0,0.0,0.0,0.0,1.0,0.0,1.0,0.0,0.0,9.0,13.0,21.0,8.0,21.0,TATGGTAATTGTGTGCCAGCMGCCGCGGTAA,ATTAGAWACCCBDGTAGTCCGGCTGACTGACT,TGACTAATGGCC,1.0,1C,Agf19-m1,100121.0,01_21,5.0,49.0,Month_12,group1,NA,no,no
19-1_03_21,1743.0,26.0,2133.0,0.0,13.0,2.0,3.0,0.0,0.0,0.0,0.0,0.0,12.0,0.0,0.0,2.0,0.0,0.0,48.0,3.0,0.0,12.0,3.0,TATGGTAATTGTGTGCCAGCMGCCGCGGTAA,ATTAGAWACCCBDGTAGTCCGGCTGACTGACT,CAACTTAATGTT,7.0,10E,Agf19-m1,40321.0,03_21,6.0,56.57142857,Month_14,group1,NA,no,no
19-1_05_20,359.0,6.0,3483.0,2.0,17.0,3.0,0.0,0.0,0.0,0.0,0.0,0.0,5.0,0.0,0.0,0.0,0.0,0.0,8.0,1.0,15.0,5.0,96.0,TATGGTAATTGTGTGCCAGCMGCCGCGGTAA,ATTAGAWACCCBDGTAGTCCGGCTGACTGACT,AGCTCTAGAAAC,2.0,3C,Agf19-m1,130520.0,05_20,1.0,14.42857143,Month_04,group1,NA,no,no
19-1_05_21,1682.0,61.0,2153.0,0.0,32.0,2.0,1.0,0.0,0.0,0.0,0.0,0.0,33.0,4.0,0.0,0.0,0.0,0.0,4.0,15.0,8.0,4.0,1.0,TATGGTAATTGTGTGCCAGCMGCCGCGGTAA,ATTAGAWACCCBDGTAGTCCGGCTGACTGACT,AATACAGACCTG,3.0,2B,Agf19-m1,20521.0,05_21,7.0,61.14285714,Month_16,group1,NA,no,no
19-1_06_21,1549.0,3.0,2374.0,0.0,9.0,0.0,0.0,0.0,0.0,0.0,0.0,0.0,30.0,0.0,0.0,0.0,0.0,0.0,11.0,2.0,0.0,21.0,1.0,TATGGTAATTGTGTGCCAGCMGCCGCGGTAA,ATTAGAWACCCBDGTAGTCCGGCTGACTGACT,CCGAGGTATAAT,3.0,7B,Agf19-m1,270521.0,06_21,8.0,72.57142857,Month_18,group1,NA,no,no
19-1_07_20,837.0,39.0,3057.0,0.0,18.0,0.0,0.0,0.0,0.0,0.0,0.0,0.0,0.0,0.0,0.0,0.0,0.0,0.0,23.0,11.0,0.0,6.0,9.0,TATGGTAATTGTGTGCCAGCMGCCGCGGTAA,ATTAGAWACCCBDGTAGTCCGGCTGACTGACT,AATCTCTATAAC,7.0,9D,Agf19-m1,720.0,07_20,2.0,22.57142857,Month_06,group1,NA,no,no
19-1_11_20,1467.0,62.0,2371.0,0.0,12.0,0.0,0.0,0.0,0.0,0.0,0.0,0.0,19.0,0.0,0.0,0.0,0.0,0.0,24.0,3.0,20.0,0.0,22.0,TATGGTAATTGTGTGCCAGCMGCCGCGGTAA,ATTAGAWACCCBDGTAGTCCGGCTGACTGACT,TCTGGCTACGAC,4.0,5A,Agf19-m1,121120.0,11_20,4.0,40.57142857,Month_10,group1,NA,no,no
19-2_03_21,458.0,17.0,3406.0,0.0,2.0,0.0,1.0,0.0,0.0,0.0,0.0,0.0,3.0,0.0,0.0,2.0,0.0,1.0,8.0,30.0,5.0,28.0,39.0,TATGGTAATTGTGTGCCAGCMGCCGCGGTAA,ATTAGAWACCCBDGTAGTCCGGCTGACTGACT,ATTCGGTAGTGC,6.0,7F,Agf19-m2,40321.0,03_21,6.0,56.57142857,Month_14,group1,NA,no,no
19-2_09_20,682.0,11.0,3251.0,0.0,0.0,0.0,0.0,0.0,0.0,0.0,0.0,0.0,8.0,0.0,0.0,0.0,0.0,0.0,0.0,0.0,0.0,7.0,41.0,TATGGTAATTGTGTGCCAGCMGCCGCGGTAA,ATTAGAWACCCBDGTAGTCCGGCTGACTGACT,ACGTGCCTTAGA,3.0,3E,Agf19-m2,90920.0,09_20,3.0,32.42857143,Month_08,group1,NA,no,no
19-2_11_20,2672.0,22.0,1279.0,0.0,0.0,0.0,0.0,0.0,0.0,0.0,0.0,0.0,9.0,0.0,0.0,0.0,0.0,0.0,2.0,0.0,0.0,0.0,16.0,TATGGTAATTGTGTGCCAGCMGCCGCGGTAA,ATTAGAWACCCBDGTAGTCCGGCTGACTGACT,CGCTAGGATGTT,4.0,10C,Agf19-m2,121120.0,11_20,4.0,40.57142857,Month_10,group1,NA,no,no
20-0_01_21,395.0,29.0,3455.0,0.0,2.0,0.0,0.0,0.0,0.0,0.0,0.0,0.0,5.0,0.0,0.0,0.0,0.0,0.0,9.0,8.0,11.0,2.0,84.0,TATGGTAATTGTGTGCCAGCMGCCGCGGTAA,ATTAGAWACCCBDGTAGTCCGGCTGACTGACT,ATAGTCCTTTAA,3.0,8F,Agf20-m0,100121.0,01_21,5.0,49.0,Month_12,group1,NA,no,no
20-0_03_21,749.0,30.0,3003.0,0.0,8.0,0.0,0.0,2.0,0.0,0.0,0.0,0.0,2.0,0.0,0.0,5.0,0.0,0.0,11.0,68.0,75.0,7.0,40.0,TATGGTAATTGTGTGCCAGCMGCCGCGGTAA,ATTAGAWACCCBDGTAGTCCGGCTGACTGACT,CCGCCAGCTTTG,4.0,11B,Agf20-m0,40321.0,03_21,6.0,56.57142857,Month_14,group1,NA,no,no
20-0_05_20,360.0,39.0,3126.0,0.0,8.0,0.0,0.0,0.0,0.0,0.0,0.0,0.0,0.0,0.0,0.0,0.0,0.0,0.0,0.0,0.0,0.0,29.0,438.0,TATGGTAATTGTGTGCCAGCMGCCGCGGTAA,ATTAGAWACCCBDGTAGTCCGGCTGACTGACT,CCTGCACCTGCA,5.0,10B,Agf20-m0,130520.0,05_20,1.0,14.42857143,Month_04,group1,NA,no,yes
20-0_05_21,361.0,33.0,3474.0,0.0,2.0,0.0,0.0,0.0,0.0,0.0,0.0,0.0,1.0,0.0,0.0,0.0,0.0,0.0,9.0,2.0,101.0,3.0,14.0,TATGGTAATTGTGTGCCAGCMGCCGCGGTAA,ATTAGAWACCCBDGTAGTCCGGCTGACTGACT,GCATGTCGAAAT,7.0,2G,Agf20-m0,20521.0,05_21,7.0,61.14285714,Month_16,group1,NA,no,no
20-0_06_21,364.0,11.0,3520.0,5.0,26.0,0.0,0.0,5.0,0.0,0.0,0.0,0.0,4.0,0.0,0.0,0.0,0.0,3.0,2.0,2.0,35.0,14.0,9.0,TATGGTAATTGTGTGCCAGCMGCCGCGGTAA,ATTAGAWACCCBDGTAGTCCGGCTGACTGACT,GCTATATCCAGG,6.0,2G,Agf20-m0,270521.0,06_21,8.0,72.57142857,Month_18,group1,NA,no,no
20-0_07_20,1174.0,32.0,2582.0,0.0,6.0,5.0,0.0,0.0,0.0,0.0,0.0,0.0,10.0,0.0,0.0,1.0,0.0,1.0,1.0,0.0,0.0,13.0,175.0,TATGGTAATTGTGTGCCAGCMGCCGCGGTAA,ATTAGAWACCCBDGTAGTCCGGCTGACTGACT,GAACAAAGAGCG,6.0,6F,Agf20-m0,720.0,07_20,2.0,22.57142857,Month_06,group1,NA,no,no
20-0_11_20,1359.0,6.0,2546.0,0.0,4.0,0.0,0.0,2.0,0.0,0.0,0.0,0.0,12.0,0.0,0.0,0.0,0.0,0.0,17.0,15.0,38.0,1.0,0.0,TATGGTAATTGTGTGCCAGCMGCCGCGGTAA,ATTAGAWACCCBDGTAGTCCGGCTGACTGACT,CAGCTGGTTCAA,6.0,9F,Agf20-m0,121120.0,11_20,4.0,40.57142857,Month_10,group1,NA,no,no
20-1_01_21,331.0,10.0,3603.0,0.0,0.0,0.0,0.0,0.0,0.0,1.0,0.0,0.0,5.0,0.0,0.0,0.0,0.0,0.0,38.0,0.0,8.0,0.0,4.0,TATGGTAATTGTGTGCCAGCMGCCGCGGTAA,ATTAGAWACCCBDGTAGTCCGGCTGACTGACT,CGTTCCTTGTTA,4.0,9C,Agf20-m1,100121.0,01_21,5.0,49.0,Month_12,group1,12,yes,no
20-1_03_21,964.0,9.0,2960.0,0.0,1.0,0.0,0.0,0.0,0.0,0.0,0.0,0.0,4.0,0.0,0.0,0.0,0.0,1.0,18.0,13.0,19.0,10.0,1.0,TATGGTAATTGTGTGCCAGCMGCCGCGGTAA,ATTAGAWACCCBDGTAGTCCGGCTGACTGACT,GGACCTGGATGG,4.0,9H,Agf20-m1,40321.0,03_21,6.0,56.57142857,Month_14,group1,12,yes,no
20-1_05_20,738.0,72.0,2913.0,0.0,53.0,0.0,0.0,2.0,0.0,0.0,0.0,0.0,2.0,0.0,0.0,2.0,0.0,0.0,11.0,0.0,0.0,8.0,199.0,TATGGTAATTGTGTGCCAGCMGCCGCGGTAA,ATTAGAWACCCBDGTAGTCCGGCTGACTGACT,TCCACAGGGTTC,2.0,7B,Agf20-m1,130520.0,05_20,1.0,14.42857143,Month_04,group1,12,yes,yes
20-1_05_21,592.0,14.0,3357.0,0.0,1.0,0.0,1.0,0.0,0.0,0.0,0.0,0.0,6.0,0.0,0.0,0.0,0.0,0.0,2.0,0.0,0.0,25.0,2.0,TATGGTAATTGTGTGCCAGCMGCCGCGGTAA,ATTAGAWACCCBDGTAGTCCGGCTGACTGACT,TTCTTAACGCCT,4.0,5H,Agf20-m1,20521.0,05_21,7.0,61.14285714,Month_16,group1,12,yes,no
20-1_09_20,683.0,42.0,3115.0,0.0,14.0,0.0,0.0,0.0,0.0,0.0,0.0,0.0,3.0,0.0,0.0,0.0,0.0,2.0,15.0,3.0,110.0,6.0,7.0,TATGGTAATTGTGTGCCAGCMGCCGCGGTAA,ATTAGAWACCCBDGTAGTCCGGCTGACTGACT,AAGCCGGGTCCG,6.0,11E,Agf20-m1,90920.0,09_20,3.0,32.42857143,Month_08,group1,12,yes,no
20-1_11_20,1473.0,20.0,2345.0,0.0,7.0,0.0,0.0,8.0,0.0,0.0,0.0,0.0,15.0,0.0,0.0,0.0,0.0,3.0,29.0,48.0,52.0,0.0,0.0,TATGGTAATTGTGTGCCAGCMGCCGCGGTAA,ATTAGAWACCCBDGTAGTCCGGCTGACTGACT,GCCTATGAGATC,1.0,9B,Agf20-m1,121120.0,11_20,4.0,40.57142857,Month_10,group1,12,yes,no
20-2_05_20,779.0,35.0,2571.0,0.0,6.0,0.0,0.0,0.0,0.0,0.0,0.0,0.0,1.0,0.0,2.0,0.0,0.0,0.0,6.0,0.0,3.0,24.0,573.0,TATGGTAATTGTGTGCCAGCMGCCGCGGTAA,ATTAGAWACCCBDGTAGTCCGGCTGACTGACT,TTCCACACGTGG,3.0,11D,Agf20-m2,130520.0,05_20,1.0,14.42857143,Month_04,group1,NA,no,no
20-2_06_21,836.0,28.0,3044.0,0.0,0.0,0.0,0.0,0.0,0.0,0.0,0.0,0.0,7.0,0.0,0.0,0.0,0.0,0.0,8.0,2.0,47.0,16.0,12.0,TATGGTAATTGTGTGCCAGCMGCCGCGGTAA,ATTAGAWACCCBDGTAGTCCGGCTGACTGACT,CTGTAAAGGTTG,6.0,11H,Agf20-m2,270521.0,06_21,8.0,72.57142857,Month_18,group1,NA,no,no
20-2_09_20,767.0,42.0,2650.0,0.0,0.0,0.0,17.0,0.0,0.0,0.0,0.0,0.0,4.0,0.0,0.0,2.0,0.0,0.0,2.0,0.0,33.0,16.0,467.0,TATGGTAATTGTGTGCCAGCMGCCGCGGTAA,ATTAGAWACCCBDGTAGTCCGGCTGACTGACT,AGTAATAACAAG,7.0,4C,Agf20-m2,90920.0,09_20,3.0,32.42857143,Month_08,group1,NA,no,no
20-2_11_20,442.0,22.0,3349.0,0.0,8.0,0.0,3.0,0.0,0.0,0.0,0.0,0.0,0.0,0.0,0.0,0.0,0.0,0.0,14.0,104.0,48.0,7.0,3.0,TATGGTAATTGTGTGCCAGCMGCCGCGGTAA,ATTAGAWACCCBDGTAGTCCGGCTGACTGACT,CCAGCGCTTCAC,7.0,12E,Agf20-m2,121120.0,11_20,4.0,40.57142857,Month_10,group1,NA,no,no
21-0_01_21,955.0,53.0,2945.0,0.0,6.0,0.0,0.0,0.0,0.0,0.0,0.0,0.0,6.0,0.0,0.0,0.0,0.0,2.0,23.0,8.0,0.0,2.0,0.0,TATGGTAATTGTGTGCCAGCMGCCGCGGTAA,ATTAGAWACCCBDGTAGTCCGGCTGACTGACT,CAGTAGCGATAT,6.0,5E,Agf21-m0,100121.0,01_21,5.0,49.0,Month_12,group1,NA,no,no
21-0_03_21,389.0,16.0,3552.0,0.0,3.0,0.0,3.0,0.0,0.0,0.0,0.0,0.0,1.0,0.0,0.0,2.0,0.0,0.0,8.0,6.0,0.0,13.0,7.0,TATGGTAATTGTGTGCCAGCMGCCGCGGTAA,ATTAGAWACCCBDGTAGTCCGGCTGACTGACT,CAGGAACCAGGA,2.0,4F,Agf21-m0,40321.0,03_21,6.0,56.57142857,Month_14,group1,NA,no,no
21-0_05_21,1311.0,18.0,2590.0,0.0,11.0,0.0,4.0,0.0,0.0,0.0,0.0,0.0,12.0,0.0,0.0,2.0,0.0,0.0,26.0,21.0,0.0,4.0,1.0,TATGGTAATTGTGTGCCAGCMGCCGCGGTAA,ATTAGAWACCCBDGTAGTCCGGCTGACTGACT,TACAATATCTGT,1.0,7A,Agf21-m0,20521.0,05_21,7.0,61.14285714,Month_16,group1,NA,no,no
21-0_06_21,263.0,9.0,3634.0,0.0,5.0,0.0,0.0,0.0,0.0,0.0,0.0,0.0,3.0,0.0,0.0,0.0,0.0,0.0,0.0,18.0,0.0,62.0,6.0,TATGGTAATTGTGTGCCAGCMGCCGCGGTAA,ATTAGAWACCCBDGTAGTCCGGCTGACTGACT,GTGGAGTCTCAT,1.0,1D,Agf21-m0,270521.0,06_21,8.0,72.57142857,Month_18,group1,NA,no,no
21-0_09_20,625.0,60.0,2849.0,0.0,0.0,0.0,0.0,0.0,0.0,0.0,0.0,0.0,2.0,0.0,0.0,0.0,0.0,0.0,0.0,0.0,9.0,17.0,438.0,TATGGTAATTGTGTGCCAGCMGCCGCGGTAA,ATTAGAWACCCBDGTAGTCCGGCTGACTGACT,TGAAAGCGGCGA,6.0,2H,Agf21-m0,90920.0,09_20,3.0,32.42857143,Month_08,group1,NA,no,no
21-1_05_20,465.0,20.0,3266.0,0.0,6.0,0.0,0.0,0.0,0.0,0.0,0.0,0.0,4.0,0.0,0.0,0.0,0.0,0.0,4.0,0.0,203.0,0.0,32.0,TATGGTAATTGTGTGCCAGCMGCCGCGGTAA,ATTAGAWACCCBDGTAGTCCGGCTGACTGACT,GGCTCGTCGGAG,5.0,1E,Agf21-m1,130520.0,05_20,1.0,14.42857143,Month_04,group1,15,yes,yes
21-1_07_20,673.0,35.0,2818.0,0.0,16.0,0.0,0.0,0.0,2.0,0.0,0.0,0.0,2.0,0.0,11.0,0.0,0.0,0.0,16.0,0.0,80.0,0.0,347.0,TATGGTAATTGTGTGCCAGCMGCCGCGGTAA,ATTAGAWACCCBDGTAGTCCGGCTGACTGACT,AGTAAAGATCGT,1.0,3E,Agf21-m1,720.0,07_20,2.0,22.57142857,Month_06,group1,15,yes,no
21-1_09_20,810.0,21.0,3130.0,0.0,13.0,0.0,0.0,0.0,0.0,0.0,0.0,0.0,6.0,0.0,5.0,0.0,0.0,0.0,5.0,0.0,0.0,7.0,3.0,TATGGTAATTGTGTGCCAGCMGCCGCGGTAA,ATTAGAWACCCBDGTAGTCCGGCTGACTGACT,TTCAGTTCGTTA,3.0,5B,Agf21-m1,90920.0,09_20,3.0,32.42857143,Month_08,group1,15,yes,no
21-2_01_21,441.0,57.0,3413.0,0.0,18.0,1.0,2.0,0.0,0.0,0.0,0.0,0.0,2.0,4.0,0.0,0.0,0.0,0.0,6.0,37.0,0.0,13.0,6.0,TATGGTAATTGTGTGCCAGCMGCCGCGGTAA,ATTAGAWACCCBDGTAGTCCGGCTGACTGACT,ACTAAGTACCCG,3.0,2F,Agf21-m2,100121.0,01_21,5.0,49.0,Month_12,group1,NA,no,no
21-2_03_21,342.0,86.0,3433.0,0.0,17.0,0.0,18.0,0.0,0.0,0.0,0.0,0.0,0.0,0.0,0.0,0.0,0.0,0.0,13.0,70.0,0.0,14.0,7.0,TATGGTAATTGTGTGCCAGCMGCCGCGGTAA,ATTAGAWACCCBDGTAGTCCGGCTGACTGACT,CGTATAAATGCG,1.0,1B,Agf21-m2,40321.0,03_21,6.0,56.57142857,Month_14,group1,NA,no,no
21-2_05_21,2288.0,22.0,1612.0,0.0,11.0,0.0,0.0,0.0,0.0,0.0,0.0,0.0,35.0,0.0,0.0,0.0,0.0,0.0,10.0,14.0,1.0,2.0,5.0,TATGGTAATTGTGTGCCAGCMGCCGCGGTAA,ATTAGAWACCCBDGTAGTCCGGCTGACTGACT,ATCGTTATATCA,6.0,6H,Agf21-m2,20521.0,05_21,7.0,61.14285714,Month_16,group1,NA,no,no
21-2_06_21,306.0,29.0,3546.0,0.0,4.0,0.0,0.0,0.0,0.0,0.0,0.0,0.0,0.0,0.0,0.0,0.0,0.0,0.0,9.0,22.0,0.0,8.0,76.0,TATGGTAATTGTGTGCCAGCMGCCGCGGTAA,ATTAGAWACCCBDGTAGTCCGGCTGACTGACT,CTCTTCTGATCA,6.0,10D,Agf21-m2,270521.0,06_21,8.0,72.57142857,Month_18,group1,NA,no,no
21-2_07_20,1620.0,2.0,2272.0,0.0,14.0,0.0,0.0,0.0,0.0,0.0,0.0,0.0,6.0,0.0,4.0,0.0,0.0,0.0,23.0,0.0,22.0,1.0,36.0,TATGGTAATTGTGTGCCAGCMGCCGCGGTAA,ATTAGAWACCCBDGTAGTCCGGCTGACTGACT,GAACGATCATGT,5.0,5E,Agf21-m2,720.0,07_20,2.0,22.57142857,Month_06,group1,NA,no,no
21-2_11_20,1134.0,22.0,2785.0,0.0,6.0,0.0,2.0,0.0,0.0,0.0,0.0,0.0,3.0,0.0,0.0,0.0,0.0,0.0,13.0,0.0,0.0,0.0,35.0,TATGGTAATTGTGTGCCAGCMGCCGCGGTAA,ATTAGAWACCCBDGTAGTCCGGCTGACTGACT,CGCGCCTTAAAC,1.0,5A,Agf21-m2,121120.0,11_20,4.0,40.57142857,Month_10,group1,NA,no,no
22-0_01_21,1163.0,57.0,2614.0,0.0,23.0,0.0,18.0,0.0,0.0,0.0,0.0,0.0,0.0,4.0,0.0,0.0,0.0,2.0,5.0,49.0,0.0,7.0,58.0,TATGGTAATTGTGTGCCAGCMGCCGCGGTAA,ATTAGAWACCCBDGTAGTCCGGCTGACTGACT,GCAAAGGCCCGC,5.0,12E,Agf22-m0,100121.0,01_21,5.0,49.0,Month_12,group1,NA,no,no
22-0_03_21,1223.0,19.0,2619.0,0.0,39.0,0.0,0.0,0.0,0.0,0.0,0.0,0.0,33.0,0.0,0.0,2.0,0.0,0.0,22.0,15.0,0.0,4.0,24.0,TATGGTAATTGTGTGCCAGCMGCCGCGGTAA,ATTAGAWACCCBDGTAGTCCGGCTGACTGACT,CACCCTTGCGAC,3.0,3F,Agf22-m0,40321.0,03_21,6.0,56.57142857,Month_14,group1,NA,no,no
22-0_05_21,1087.0,45.0,2806.0,0.0,15.0,0.0,0.0,0.0,0.0,0.0,0.0,0.0,7.0,2.0,0.0,0.0,0.0,4.0,19.0,11.0,0.0,1.0,3.0,TATGGTAATTGTGTGCCAGCMGCCGCGGTAA,ATTAGAWACCCBDGTAGTCCGGCTGACTGACT,TATGTTGACGGC,3.0,9E,Agf22-m0,20521.0,05_21,7.0,61.14285714,Month_16,group1,NA,no,no
22-0_06_21,1180.0,28.0,2677.0,0.0,0.0,0.0,1.0,10.0,0.0,0.0,0.0,0.0,8.0,0.0,0.0,0.0,0.0,0.0,14.0,0.0,75.0,1.0,6.0,TATGGTAATTGTGTGCCAGCMGCCGCGGTAA,ATTAGAWACCCBDGTAGTCCGGCTGACTGACT,CGCAATGAGGGA,3.0,1D,Agf22-m0,270521.0,06_21,8.0,72.57142857,Month_18,group1,NA,no,no
22-0_07_20,1197.0,3.0,2757.0,0.0,7.0,0.0,0.0,0.0,0.0,0.0,0.0,0.0,15.0,0.0,0.0,0.0,0.0,0.0,7.0,0.0,0.0,1.0,13.0,TATGGTAATTGTGTGCCAGCMGCCGCGGTAA,ATTAGAWACCCBDGTAGTCCGGCTGACTGACT,CAGCCCTACCCA,3.0,11H,Agf22-m0,720.0,07_20,2.0,22.57142857,Month_06,group1,NA,no,no
22-1_01_21,951.0,73.0,2820.0,0.0,11.0,2.0,25.0,0.0,0.0,0.0,0.0,0.0,7.0,0.0,0.0,2.0,0.0,1.0,40.0,64.0,0.0,0.0,4.0,TATGGTAATTGTGTGCCAGCMGCCGCGGTAA,ATTAGAWACCCBDGTAGTCCGGCTGACTGACT,ATACTGAGTGAA,7.0,6B,Agf22-m1,100121.0,01_21,5.0,49.0,Month_12,group1,NA,no,no
22-1_05_20,349.0,9.0,2932.0,0.0,15.0,0.0,0.0,0.0,0.0,0.0,0.0,0.0,2.0,1.0,0.0,0.0,0.0,0.0,8.0,3.0,192.0,9.0,480.0,TATGGTAATTGTGTGCCAGCMGCCGCGGTAA,ATTAGAWACCCBDGTAGTCCGGCTGACTGACT,GTCATTGGGCTA,6.0,9B,Agf22-m1,130520.0,05_20,1.0,14.42857143,Month_04,group1,NA,no,yes
22-1_05_21,588.0,46.0,3268.0,0.0,12.0,0.0,0.0,0.0,0.0,0.0,0.0,0.0,3.0,0.0,0.0,0.0,0.0,1.0,25.0,57.0,0.0,0.0,0.0,TATGGTAATTGTGTGCCAGCMGCCGCGGTAA,ATTAGAWACCCBDGTAGTCCGGCTGACTGACT,ACCACCGTAACC,4.0,10E,Agf22-m1,20521.0,05_21,7.0,61.14285714,Month_16,group1,NA,no,no
22-1_09_20,167.0,12.0,3763.0,0.0,0.0,0.0,7.0,0.0,0.0,0.0,0.0,0.0,2.0,1.0,0.0,1.0,0.0,0.0,0.0,0.0,0.0,44.0,3.0,TATGGTAATTGTGTGCCAGCMGCCGCGGTAA,ATTAGAWACCCBDGTAGTCCGGCTGACTGACT,CGTCCGTATGAA,1.0,5B,Agf22-m1,90920.0,09_20,3.0,32.42857143,Month_08,group1,NA,no,no
22-1_11_20,992.0,27.0,2836.0,0.0,0.0,1.0,1.0,0.0,0.0,0.0,0.0,0.0,7.0,0.0,0.0,0.0,0.0,0.0,4.0,31.0,0.0,0.0,101.0,TATGGTAATTGTGTGCCAGCMGCCGCGGTAA,ATTAGAWACCCBDGTAGTCCGGCTGACTGACT,ATTACGTATCAT,1.0,11E,Agf22-m1,121120.0,11_20,4.0,40.57142857,Month_10,group1,NA,no,no
23-0_01_21,2208.0,10.0,1715.0,0.0,6.0,0.0,3.0,0.0,0.0,0.0,0.0,0.0,25.0,0.0,0.0,0.0,0.0,1.0,6.0,24.0,0.0,1.0,1.0,TATGGTAATTGTGTGCCAGCMGCCGCGGTAA,ATTAGAWACCCBDGTAGTCCGGCTGACTGACT,AACAGTAAACAA,2.0,12A,Agf23-m0,100121.0,01_21,5.0,49.0,Month_12,group1,NA,no,no
23-0_03_21,1435.0,9.0,2453.0,0.0,19.0,0.0,2.0,0.0,0.0,0.0,0.0,0.0,7.0,0.0,0.0,3.0,0.0,1.0,22.0,44.0,0.0,0.0,5.0,TATGGTAATTGTGTGCCAGCMGCCGCGGTAA,ATTAGAWACCCBDGTAGTCCGGCTGACTGACT,ACTAAAGCAAAC,2.0,7F,Agf23-m0,40321.0,03_21,6.0,56.57142857,Month_14,group1,NA,no,no
23-0_05_20,1482.0,41.0,2009.0,0.0,0.0,0.0,0.0,0.0,0.0,0.0,0.0,0.0,1.0,0.0,0.0,0.0,0.0,0.0,12.0,0.0,0.0,5.0,450.0,TATGGTAATTGTGTGCCAGCMGCCGCGGTAA,ATTAGAWACCCBDGTAGTCCGGCTGACTGACT,CCTAAGAGCATC,6.0,12A,Agf23-m0,130520.0,05_20,1.0,14.42857143,Month_04,group1,NA,no,yes
23-0_05_21,814.0,44.0,3044.0,0.0,5.0,0.0,0.0,0.0,0.0,0.0,0.0,0.0,2.0,1.0,0.0,7.0,0.0,0.0,11.0,65.0,0.0,7.0,0.0,TATGGTAATTGTGTGCCAGCMGCCGCGGTAA,ATTAGAWACCCBDGTAGTCCGGCTGACTGACT,ATAGACACTCCG,6.0,9G,Agf23-m0,20521.0,05_21,7.0,61.14285714,Month_16,group1,NA,no,no
23-0_07_20,1548.0,12.0,2399.0,0.0,1.0,3.0,0.0,0.0,0.0,0.0,0.0,0.0,15.0,0.0,0.0,0.0,0.0,0.0,6.0,0.0,0.0,5.0,11.0,TATGGTAATTGTGTGCCAGCMGCCGCGGTAA,ATTAGAWACCCBDGTAGTCCGGCTGACTGACT,TATTTGATTGGT,1.0,11G,Agf23-m0,720.0,07_20,2.0,22.57142857,Month_06,group1,NA,no,no
23-0_11_20,391.0,14.0,3558.0,0.0,0.0,0.0,2.0,0.0,0.0,0.0,0.0,0.0,12.0,0.0,0.0,0.0,0.0,0.0,1.0,6.0,0.0,14.0,2.0,TATGGTAATTGTGTGCCAGCMGCCGCGGTAA,ATTAGAWACCCBDGTAGTCCGGCTGACTGACT,GGTTGCCCTGTA,1.0,7B,Agf23-m0,121120.0,11_20,4.0,40.57142857,Month_10,group1,NA,no,no
23-1_01_21,451.0,4.0,3420.0,0.0,4.0,0.0,11.0,0.0,0.0,0.0,0.0,0.0,4.0,0.0,0.0,4.0,0.0,0.0,14.0,42.0,0.0,39.0,7.0,TATGGTAATTGTGTGCCAGCMGCCGCGGTAA,ATTAGAWACCCBDGTAGTCCGGCTGACTGACT,TTAGTTTGTCAC,3.0,4G,Agf23-m1,100121.0,01_21,5.0,49.0,Month_12,group1,NA,no,no
23-1_03_21,784.0,31.0,3096.0,0.0,9.0,1.0,0.0,0.0,0.0,0.0,0.0,0.0,6.0,0.0,0.0,0.0,0.0,5.0,24.0,36.0,0.0,3.0,5.0,TATGGTAATTGTGTGCCAGCMGCCGCGGTAA,ATTAGAWACCCBDGTAGTCCGGCTGACTGACT,TCATACAGCCAG,6.0,8D,Agf23-m1,40321.0,03_21,6.0,56.57142857,Month_14,group1,NA,no,no
23-1_05_20,416.0,6.0,3114.0,0.0,2.0,3.0,0.0,0.0,0.0,0.0,0.0,0.0,2.0,0.0,3.0,0.0,0.0,0.0,8.0,0.0,0.0,33.0,413.0,TATGGTAATTGTGTGCCAGCMGCCGCGGTAA,ATTAGAWACCCBDGTAGTCCGGCTGACTGACT,GAATCTGACAAC,4.0,5C,Agf23-m1,130520.0,05_20,1.0,14.42857143,Month_04,group1,NA,no,yes
23-1_05_21,1010.0,16.0,2915.0,0.0,3.0,0.0,0.0,0.0,0.0,0.0,0.0,0.0,17.0,0.0,0.0,0.0,0.0,3.0,7.0,15.0,0.0,10.0,4.0,TATGGTAATTGTGTGCCAGCMGCCGCGGTAA,ATTAGAWACCCBDGTAGTCCGGCTGACTGACT,AGATGCAATGAT,4.0,2F,Agf23-m1,20521.0,05_21,7.0,61.14285714,Month_16,group1,NA,no,no
23-1_06_21,904.0,20.0,3025.0,0.0,10.0,0.0,0.0,0.0,0.0,0.0,0.0,0.0,5.0,0.0,0.0,0.0,0.0,0.0,17.0,6.0,0.0,12.0,1.0,TATGGTAATTGTGTGCCAGCMGCCGCGGTAA,ATTAGAWACCCBDGTAGTCCGGCTGACTGACT,TCCGCCTAGTCG,3.0,12A,Agf23-m1,270521.0,06_21,8.0,72.57142857,Month_18,group1,NA,no,no
23-1_07_20,2805.0,7.0,1147.0,0.0,0.0,0.0,0.0,0.0,0.0,0.0,0.0,0.0,17.0,0.0,0.0,0.0,0.0,0.0,10.0,0.0,0.0,0.0,14.0,TATGGTAATTGTGTGCCAGCMGCCGCGGTAA,ATTAGAWACCCBDGTAGTCCGGCTGACTGACT,GGTCCTTCCCGA,7.0,2D,Agf23-m1,720.0,07_20,2.0,22.57142857,Month_06,group1,NA,no,no
23-1_09_20,364.0,12.0,3523.0,0.0,0.0,0.0,3.0,0.0,0.0,0.0,0.0,0.0,5.0,0.0,0.0,0.0,0.0,0.0,1.0,0.0,0.0,85.0,7.0,TATGGTAATTGTGTGCCAGCMGCCGCGGTAA,ATTAGAWACCCBDGTAGTCCGGCTGACTGACT,TAAACCTGGACA,2.0,3H,Agf23-m1,90920.0,09_20,3.0,32.42857143,Month_08,group1,NA,no,no
23-1_11_20,375.0,4.0,3504.0,6.0,14.0,0.0,2.0,0.0,0.0,0.0,0.0,0.0,1.0,0.0,0.0,0.0,0.0,0.0,11.0,9.0,31.0,43.0,0.0,TATGGTAATTGTGTGCCAGCMGCCGCGGTAA,ATTAGAWACCCBDGTAGTCCGGCTGACTGACT,GGAGGAGCAATA,7.0,10A,Agf23-m1,121120.0,11_20,4.0,40.57142857,Month_10,group1,NA,no,no
23-2_01_21,1192.0,2.0,2709.0,0.0,4.0,0.0,5.0,0.0,0.0,0.0,0.0,0.0,28.0,0.0,0.0,1.0,0.0,0.0,4.0,17.0,0.0,37.0,1.0,TATGGTAATTGTGTGCCAGCMGCCGCGGTAA,ATTAGAWACCCBDGTAGTCCGGCTGACTGACT,CAGATCCCAACC,4.0,7A,Agf23-m2,100121.0,01_21,5.0,49.0,Month_12,group1,NA,no,no
23-2_05_20,478.0,4.0,3032.0,0.0,0.0,0.0,0.0,0.0,0.0,0.0,0.0,0.0,0.0,0.0,0.0,0.0,0.0,0.0,0.0,0.0,0.0,21.0,465.0,TATGGTAATTGTGTGCCAGCMGCCGCGGTAA,ATTAGAWACCCBDGTAGTCCGGCTGACTGACT,CAAAGGAGCCCG,2.0,4G,Agf23-m2,130520.0,05_20,1.0,14.42857143,Month_04,group1,NA,no,yes
23-2_05_21,582.0,60.0,3262.0,0.0,3.0,0.0,5.0,0.0,0.0,0.0,0.0,0.0,2.0,0.0,0.0,7.0,0.0,0.0,2.0,30.0,0.0,46.0,1.0,TATGGTAATTGTGTGCCAGCMGCCGCGGTAA,ATTAGAWACCCBDGTAGTCCGGCTGACTGACT,ATGGATAGCTAA,6.0,12D,Agf23-m2,20521.0,05_21,7.0,61.14285714,Month_16,group1,NA,no,no
23-2_07_20,1154.0,72.0,2523.0,0.0,0.0,0.0,7.0,0.0,0.0,0.0,0.0,1.0,6.0,0.0,0.0,0.0,0.0,0.0,10.0,0.0,0.0,19.0,208.0,TATGGTAATTGTGTGCCAGCMGCCGCGGTAA,ATTAGAWACCCBDGTAGTCCGGCTGACTGACT,TCGTCTGATATT,7.0,12D,Agf23-m2,720.0,07_20,2.0,22.57142857,Month_06,group1,NA,no,no
23-2_11_20,1028.0,44.0,2510.0,0.0,0.0,0.0,10.0,0.0,0.0,0.0,0.0,0.0,19.0,0.0,0.0,3.0,0.0,0.0,0.0,19.0,0.0,98.0,269.0,TATGGTAATTGTGTGCCAGCMGCCGCGGTAA,ATTAGAWACCCBDGTAGTCCGGCTGACTGACT,GTCAATTAGTGG,6.0,11A,Agf23-m2,121120.0,11_20,4.0,40.57142857,Month_10,group1,NA,no,no
24-0_01_21,1778.0,23.0,2164.0,0.0,17.0,0.0,0.0,0.0,0.0,0.0,0.0,0.0,7.0,0.0,0.0,0.0,0.0,1.0,0.0,0.0,0.0,1.0,9.0,TATGGTAATTGTGTGCCAGCMGCCGCGGTAA,ATTAGAWACCCBDGTAGTCCGGCTGACTGACT,CTATATTATCCG,2.0,4A,Agf24-m0,100121.0,01_21,5.0,48.71428571,Month_12,group1,17,yes,no
24-0_03_21,2355.0,41.0,1552.0,0.0,16.0,0.0,0.0,0.0,0.0,0.0,0.0,0.0,32.0,0.0,0.0,0.0,0.0,0.0,1.0,0.0,0.0,0.0,3.0,TATGGTAATTGTGTGCCAGCMGCCGCGGTAA,ATTAGAWACCCBDGTAGTCCGGCTGACTGACT,CCGGCTTATGTG,3.0,7F,Agf24-m0,40321.0,03_21,6.0,56.28571429,Month_14,group1,17,yes,no
24-0_05_20,535.0,72.0,3328.0,0.0,32.0,0.0,0.0,0.0,0.0,0.0,0.0,0.0,2.0,0.0,1.0,0.0,0.0,0.0,2.0,0.0,20.0,4.0,4.0,TATGGTAATTGTGTGCCAGCMGCCGCGGTAA,ATTAGAWACCCBDGTAGTCCGGCTGACTGACT,GCATTACTGGAC,5.0,10G,Agf24-m0,130520.0,05_20,1.0,14.14285714,Month_04,group1,17,yes,yes
24-0_05_21,2405.0,126.0,1410.0,0.0,6.0,0.0,0.0,0.0,0.0,0.0,0.0,0.0,8.0,0.0,0.0,0.0,0.0,0.0,3.0,2.0,1.0,7.0,32.0,TATGGTAATTGTGTGCCAGCMGCCGCGGTAA,ATTAGAWACCCBDGTAGTCCGGCTGACTGACT,GAGAAGCTTATA,3.0,1H,Agf24-m0,20521.0,05_21,7.0,60.85714286,Month_16,group1,17,yes,no
24-0_09_20,230.0,17.0,3705.0,0.0,15.0,0.0,0.0,0.0,0.0,0.0,0.0,0.0,2.0,0.0,0.0,0.0,0.0,0.0,0.0,0.0,0.0,25.0,6.0,TATGGTAATTGTGTGCCAGCMGCCGCGGTAA,ATTAGAWACCCBDGTAGTCCGGCTGACTGACT,CGTTTGGAATGA,1.0,5C,Agf24-m0,90920.0,09_20,3.0,32.14285714,Month_08,group1,17,yes,no
24-1_05_20,363.0,11.0,3341.0,0.0,24.0,0.0,0.0,0.0,0.0,0.0,0.0,0.0,1.0,0.0,0.0,0.0,0.0,0.0,3.0,0.0,222.0,5.0,30.0,TATGGTAATTGTGTGCCAGCMGCCGCGGTAA,ATTAGAWACCCBDGTAGTCCGGCTGACTGACT,CTGTCTATACTA,1.0,3C,Agf24-m1,130520.0,05_20,1.0,14.14285714,Month_04,group1,NA,no,yes
24-1_05_21,754.0,62.0,3149.0,0.0,5.0,0.0,0.0,0.0,0.0,0.0,0.0,0.0,2.0,0.0,0.0,0.0,0.0,0.0,0.0,0.0,1.0,27.0,0.0,TATGGTAATTGTGTGCCAGCMGCCGCGGTAA,ATTAGAWACCCBDGTAGTCCGGCTGACTGACT,ACACGTTTGGGT,4.0,8D,Agf24-m1,20521.0,05_21,7.0,60.85714286,Month_16,group1,NA,no,no
24-1_06_21,109.0,6.0,3849.0,0.0,0.0,0.0,0.0,0.0,0.0,0.0,0.0,0.0,0.0,0.0,0.0,0.0,0.0,0.0,0.0,2.0,0.0,30.0,4.0,TATGGTAATTGTGTGCCAGCMGCCGCGGTAA,ATTAGAWACCCBDGTAGTCCGGCTGACTGACT,GTGAATGTTCGA,3.0,8E,Agf24-m1,270521.0,06_21,8.0,72.28571429,Month_18,group1,NA,no,no
24-1_07_20,403.0,16.0,3370.0,0.0,12.0,0.0,0.0,0.0,0.0,0.0,0.0,0.0,2.0,0.0,2.0,0.0,0.0,0.0,0.0,0.0,0.0,17.0,178.0,TATGGTAATTGTGTGCCAGCMGCCGCGGTAA,ATTAGAWACCCBDGTAGTCCGGCTGACTGACT,CTTACACTGCTT,5.0,9B,Agf24-m1,720.0,07_20,2.0,22.28571429,Month_06,group1,NA,no,no
24-1_09_20,431.0,6.0,3509.0,0.0,5.0,0.0,0.0,0.0,0.0,0.0,0.0,0.0,0.0,0.0,2.0,0.0,0.0,0.0,0.0,0.0,0.0,44.0,3.0,TATGGTAATTGTGTGCCAGCMGCCGCGGTAA,ATTAGAWACCCBDGTAGTCCGGCTGACTGACT,GAGCCCAAAGAG,4.0,7C,Agf24-m1,90920.0,09_20,3.0,32.14285714,Month_08,group1,NA,no,no
24-1_11_20,670.0,16.0,3253.0,0.0,10.0,0.0,0.0,0.0,0.0,0.0,0.0,0.0,6.0,0.0,0.0,0.0,0.0,1.0,0.0,0.0,0.0,35.0,9.0,TATGGTAATTGTGTGCCAGCMGCCGCGGTAA,ATTAGAWACCCBDGTAGTCCGGCTGACTGACT,TGGCCGTTACTG,6.0,7A,Agf24-m1,121120.0,11_20,4.0,40.28571429,Month_10,group1,NA,no,no
24-2_01_21,1091.0,7.0,2852.0,0.0,5.0,0.0,0.0,0.0,0.0,0.0,0.0,0.0,11.0,0.0,0.0,0.0,0.0,0.0,0.0,0.0,0.0,10.0,24.0,TATGGTAATTGTGTGCCAGCMGCCGCGGTAA,ATTAGAWACCCBDGTAGTCCGGCTGACTGACT,AGGACGCCAGCA,6.0,12E,Agf24-m2,100121.0,01_21,5.0,48.71428571,Month_12,group1,17,yes,no
24-2_05_20,102.0,47.0,3395.0,1.0,3.0,0.0,0.0,0.0,0.0,0.0,0.0,0.0,0.0,0.0,0.0,0.0,0.0,0.0,2.0,0.0,34.0,7.0,409.0,TATGGTAATTGTGTGCCAGCMGCCGCGGTAA,ATTAGAWACCCBDGTAGTCCGGCTGACTGACT,TCCGACCCGATC,7.0,1C,Agf24-m2,130520.0,05_20,1.0,14.14285714,Month_04,group1,17,yes,yes
24-2_05_21,548.0,43.0,3378.0,0.0,2.0,0.0,0.0,0.0,0.0,0.0,0.0,0.0,11.0,0.0,0.0,0.0,0.0,0.0,0.0,5.0,0.0,10.0,3.0,TATGGTAATTGTGTGCCAGCMGCCGCGGTAA,ATTAGAWACCCBDGTAGTCCGGCTGACTGACT,TCTCGCACTGGA,4.0,2G,Agf24-m2,20521.0,05_21,7.0,60.85714286,Month_16,group1,17,yes,no
25-0_01_21,2198.0,0.0,1566.0,0.0,1.0,2.0,0.0,0.0,0.0,0.0,0.0,0.0,12.0,0.0,0.0,0.0,0.0,0.0,4.0,0.0,0.0,11.0,206.0,TATGGTAATTGTGTGCCAGCMGCCGCGGTAA,ATTAGAWACCCBDGTAGTCCGGCTGACTGACT,GAGTCCGTTGCT,7.0,10D,Agf25-m0,100121.0,01_21,5.0,48.71428571,Month_12,group1,NA,no,no
25-0_05_20,506.0,7.0,3287.0,0.0,0.0,0.0,0.0,0.0,0.0,0.0,0.0,0.0,4.0,0.0,0.0,0.0,0.0,0.0,5.0,0.0,153.0,6.0,32.0,TATGGTAATTGTGTGCCAGCMGCCGCGGTAA,ATTAGAWACCCBDGTAGTCCGGCTGACTGACT,ACACACCCTGAC,3.0,7H,Agf25-m0,130520.0,05_20,1.0,14.14285714,Month_04,group1,NA,no,yes
25-0_05_21,1755.0,14.0,2110.0,0.0,8.0,0.0,0.0,0.0,0.0,0.0,0.0,0.0,5.0,2.0,4.0,0.0,0.0,2.0,7.0,32.0,54.0,2.0,5.0,TATGGTAATTGTGTGCCAGCMGCCGCGGTAA,ATTAGAWACCCBDGTAGTCCGGCTGACTGACT,ATTGCCTTGATT,4.0,6C,Agf25-m0,20521.0,05_21,7.0,60.85714286,Month_16,group1,NA,no,no
25-0_06_21,1606.0,96.0,2164.0,0.0,12.0,0.0,1.0,0.0,0.0,0.0,0.0,0.0,8.0,0.0,1.0,0.0,0.0,0.0,13.0,1.0,93.0,2.0,3.0,TATGGTAATTGTGTGCCAGCMGCCGCGGTAA,ATTAGAWACCCBDGTAGTCCGGCTGACTGACT,GTTGTTCTGGGA,3.0,3H,Agf25-m0,270521.0,06_21,8.0,72.28571429,Month_18,group1,NA,no,no
25-0_11_20,794.0,4.0,2814.0,0.0,23.0,1.0,0.0,0.0,0.0,0.0,0.0,0.0,2.0,0.0,0.0,0.0,0.0,0.0,12.0,0.0,349.0,1.0,0.0,TATGGTAATTGTGTGCCAGCMGCCGCGGTAA,ATTAGAWACCCBDGTAGTCCGGCTGACTGACT,CACACAAAGTCA,2.0,10E,Agf25-m0,121120.0,11_20,4.0,40.28571429,Month_10,group1,NA,no,no
25-1_01_21,797.0,25.0,3068.0,0.0,29.0,0.0,0.0,0.0,0.0,0.0,0.0,0.0,2.0,0.0,0.0,2.0,0.0,0.0,7.0,15.0,2.0,11.0,42.0,TATGGTAATTGTGTGCCAGCMGCCGCGGTAA,ATTAGAWACCCBDGTAGTCCGGCTGACTGACT,GGTTCATGAACA,1.0,7G,Agf25-m1,100121.0,01_21,5.0,48.71428571,Month_12,group1,15,yes,no
25-1_03_21,2558.0,7.0,1363.0,0.0,33.0,0.0,2.0,0.0,0.0,0.0,0.0,0.0,8.0,0.0,0.0,0.0,0.0,3.0,10.0,12.0,0.0,1.0,3.0,TATGGTAATTGTGTGCCAGCMGCCGCGGTAA,ATTAGAWACCCBDGTAGTCCGGCTGACTGACT,TCTTACCCATAA,4.0,12G,Agf25-m1,40321.0,03_21,6.0,56.28571429,Month_14,group1,15,yes,no
25-1_05_20,316.0,23.0,3616.0,0.0,33.0,1.0,0.0,0.0,0.0,0.0,0.0,0.0,4.0,0.0,0.0,0.0,0.0,0.0,3.0,0.0,0.0,0.0,4.0,TATGGTAATTGTGTGCCAGCMGCCGCGGTAA,ATTAGAWACCCBDGTAGTCCGGCTGACTGACT,AGTTCTCATTAA,3.0,10C,Agf25-m1,130520.0,05_20,1.0,14.14285714,Month_04,group1,15,yes,no
25-1_05_21,680.0,30.0,3227.0,0.0,3.0,0.0,0.0,0.0,0.0,0.0,0.0,0.0,7.0,0.0,0.0,0.0,0.0,1.0,24.0,20.0,0.0,4.0,4.0,TATGGTAATTGTGTGCCAGCMGCCGCGGTAA,ATTAGAWACCCBDGTAGTCCGGCTGACTGACT,TTCCTTAGTAGT,1.0,4B,Agf25-m1,20521.0,05_21,7.0,60.85714286,Month_16,group1,15,yes,no
25-1_11_20,916.0,11.0,2983.0,0.0,12.0,0.0,0.0,0.0,0.0,0.0,0.0,0.0,1.0,0.0,0.0,0.0,0.0,3.0,66.0,8.0,0.0,0.0,0.0,TATGGTAATTGTGTGCCAGCMGCCGCGGTAA,ATTAGAWACCCBDGTAGTCCGGCTGACTGACT,AATGCGCGTATA,1.0,9C,Agf25-m1,121120.0,11_20,4.0,40.28571429,Month_10,group1,15,yes,no
25-2_01_21,840.0,53.0,3052.0,0.0,8.0,0.0,0.0,0.0,0.0,0.0,0.0,0.0,7.0,0.0,0.0,0.0,0.0,1.0,21.0,5.0,8.0,0.0,5.0,TATGGTAATTGTGTGCCAGCMGCCGCGGTAA,ATTAGAWACCCBDGTAGTCCGGCTGACTGACT,AGTACGCAGTCT,5.0,7C,Agf25-m2,100121.0,01_21,5.0,48.71428571,Month_12,group1,NA,no,no
25-2_05_20,698.0,32.0,2947.0,0.0,15.0,2.0,0.0,0.0,0.0,0.0,0.0,0.0,7.0,0.0,0.0,0.0,0.0,2.0,15.0,0.0,237.0,4.0,41.0,TATGGTAATTGTGTGCCAGCMGCCGCGGTAA,ATTAGAWACCCBDGTAGTCCGGCTGACTGACT,GAGAGGGATCAC,6.0,6A,Agf25-m2,130520.0,05_20,1.0,14.14285714,Month_04,group1,NA,no,no
25-2_06_21,2032.0,3.0,1799.0,10.0,4.0,0.0,0.0,0.0,0.0,0.0,0.0,0.0,10.0,0.0,74.0,0.0,0.0,0.0,13.0,4.0,0.0,0.0,51.0,TATGGTAATTGTGTGCCAGCMGCCGCGGTAA,ATTAGAWACCCBDGTAGTCCGGCTGACTGACT,AAGGCGCTCCTT,3.0,1C,Agf25-m2,270521.0,06_21,8.0,72.28571429,Month_18,group1,NA,no,no
25-2_07_20,1825.0,1.0,1937.0,0.0,10.0,0.0,0.0,0.0,0.0,0.0,0.0,0.0,16.0,0.0,0.0,0.0,0.0,0.0,99.0,0.0,97.0,0.0,15.0,TATGGTAATTGTGTGCCAGCMGCCGCGGTAA,ATTAGAWACCCBDGTAGTCCGGCTGACTGACT,ACTCTTACTTAG,1.0,12H,Agf25-m2,720.0,07_20,2.0,22.28571429,Month_06,group1,NA,no,no
26-0_01_21,535.0,54.0,3334.0,0.0,0.0,0.0,0.0,0.0,0.0,0.0,0.0,0.0,4.0,0.0,0.0,0.0,0.0,0.0,4.0,56.0,0.0,6.0,7.0,TATGGTAATTGTGTGCCAGCMGCCGCGGTAA,ATTAGAWACCCBDGTAGTCCGGCTGACTGACT,CCGGACAAGAAG,1.0,2F,Agf26-m0,100121.0,01_21,5.0,48.71428571,Month_12,group1,15,yes,no
26-0_05_21,1566.0,149.0,2040.0,0.0,15.0,0.0,0.0,0.0,0.0,0.0,0.0,0.0,16.0,0.0,0.0,0.0,0.0,0.0,7.0,0.0,198.0,3.0,6.0,TATGGTAATTGTGTGCCAGCMGCCGCGGTAA,ATTAGAWACCCBDGTAGTCCGGCTGACTGACT,TGATATCGTCTT,1.0,7C,Agf26-m0,20521.0,05_21,7.0,60.85714286,Month_16,group1,15,yes,no
26-0_06_21,183.0,24.0,3752.0,0.0,11.0,0.0,0.0,0.0,0.0,0.0,0.0,0.0,0.0,3.0,0.0,0.0,0.0,0.0,0.0,0.0,7.0,15.0,5.0,TATGGTAATTGTGTGCCAGCMGCCGCGGTAA,ATTAGAWACCCBDGTAGTCCGGCTGACTGACT,AACACCATCGAC,4.0,4E,Agf26-m0,270521.0,06_21,8.0,72.28571429,Month_18,group1,15,yes,no
26-0_07_20,1563.0,6.0,2025.0,0.0,9.0,0.0,0.0,0.0,0.0,0.0,0.0,0.0,20.0,0.0,0.0,0.0,0.0,0.0,5.0,0.0,0.0,4.0,368.0,TATGGTAATTGTGTGCCAGCMGCCGCGGTAA,ATTAGAWACCCBDGTAGTCCGGCTGACTGACT,CAAATGGTCGTC,6.0,9E,Agf26-m0,720.0,07_20,2.0,22.28571429,Month_06,group1,15,yes,no
26-0_09_20,224.0,5.0,3150.0,0.0,14.0,0.0,0.0,0.0,0.0,0.0,0.0,0.0,6.0,1.0,0.0,0.0,0.0,0.0,0.0,0.0,0.0,3.0,597.0,TATGGTAATTGTGTGCCAGCMGCCGCGGTAA,ATTAGAWACCCBDGTAGTCCGGCTGACTGACT,GTTGGACGAAGG,2.0,4E,Agf26-m0,90920.0,09_20,3.0,32.14285714,Month_08,group1,15,yes,no
26-1_03_21,433.0,52.0,3484.0,0.0,0.0,0.0,0.0,0.0,0.0,0.0,0.0,0.0,3.0,0.0,0.0,0.0,0.0,0.0,7.0,8.0,10.0,3.0,0.0,TATGGTAATTGTGTGCCAGCMGCCGCGGTAA,ATTAGAWACCCBDGTAGTCCGGCTGACTGACT,GATCTAATCGAG,3.0,2C,Agf26-m1,40321.0,03_21,6.0,56.28571429,Month_14,group1,17,yes,no
26-1_07_20,1204.0,34.0,2301.0,0.0,18.0,0.0,0.0,0.0,0.0,0.0,0.0,0.0,3.0,0.0,0.0,0.0,0.0,3.0,6.0,0.0,0.0,5.0,426.0,TATGGTAATTGTGTGCCAGCMGCCGCGGTAA,ATTAGAWACCCBDGTAGTCCGGCTGACTGACT,TCTTATAACGCT,3.0,8G,Agf26-m1,720.0,07_20,2.0,22.28571429,Month_06,group1,17,yes,no
26-1_09_20,525.0,66.0,3335.0,0.0,7.0,0.0,0.0,0.0,0.0,0.0,0.0,0.0,3.0,3.0,0.0,0.0,0.0,0.0,0.0,0.0,0.0,16.0,45.0,TATGGTAATTGTGTGCCAGCMGCCGCGGTAA,ATTAGAWACCCBDGTAGTCCGGCTGACTGACT,AGCCCTGCTACA,1.0,3A,Agf26-m1,90920.0,09_20,3.0,32.14285714,Month_08,group1,17,yes,no
26-1_11_20,354.0,7.0,3170.0,0.0,22.0,0.0,1.0,0.0,0.0,0.0,0.0,0.0,5.0,0.0,0.0,0.0,0.0,2.0,72.0,4.0,0.0,1.0,362.0,TATGGTAATTGTGTGCCAGCMGCCGCGGTAA,ATTAGAWACCCBDGTAGTCCGGCTGACTGACT,ATCGTAGTGGTC,2.0,6F,Agf26-m1,121120.0,11_20,4.0,40.28571429,Month_10,group1,17,yes,no
27-0_03_21,629.0,0.0,3298.0,0.0,0.0,0.0,0.0,0.0,0.0,0.0,0.0,0.0,5.0,0.0,0.0,0.0,0.0,2.0,2.0,5.0,0.0,59.0,0.0,TATGGTAATTGTGTGCCAGCMGCCGCGGTAA,ATTAGAWACCCBDGTAGTCCGGCTGACTGACT,TTAACAAGGCAA,3.0,7C,Agf27-m0,40321.0,03_21,6.0,55.57142857,Month_14,group1,NA,no,no
27-0_05_20,831.0,27.0,2660.0,0.0,14.0,0.0,0.0,0.0,0.0,0.0,0.0,0.0,3.0,0.0,0.0,0.0,0.0,0.0,0.0,0.0,0.0,14.0,451.0,TATGGTAATTGTGTGCCAGCMGCCGCGGTAA,ATTAGAWACCCBDGTAGTCCGGCTGACTGACT,GGTAGTTCATAG,2.0,7H,Agf27-m0,130520.0,05_20,1.0,13.42857143,Month_04,group1,NA,no,yes
27-0_05_21,1549.0,16.0,2350.0,0.0,2.0,0.0,0.0,0.0,0.0,0.0,0.0,0.0,3.0,9.0,4.0,0.0,0.0,0.0,3.0,15.0,0.0,39.0,10.0,TATGGTAATTGTGTGCCAGCMGCCGCGGTAA,ATTAGAWACCCBDGTAGTCCGGCTGACTGACT,TATGGTACCCAG,1.0,6A,Agf27-m0,20521.0,05_21,7.0,60.14285714,Month_16,group1,NA,no,no
27-0_06_21,1256.0,4.0,2699.0,0.0,0.0,0.0,0.0,0.0,0.0,0.0,0.0,0.0,4.0,0.0,0.0,0.0,0.0,0.0,0.0,0.0,0.0,37.0,0.0,TATGGTAATTGTGTGCCAGCMGCCGCGGTAA,ATTAGAWACCCBDGTAGTCCGGCTGACTGACT,ACGTATTCGAAG,3.0,4C,Agf27-m0,270521.0,06_21,8.0,71.57142857,Month_18,group1,NA,no,no
27-0_07_20,252.0,19.0,3180.0,0.0,10.0,0.0,0.0,0.0,0.0,0.0,0.0,0.0,3.0,0.0,0.0,0.0,0.0,0.0,0.0,0.0,0.0,24.0,512.0,TATGGTAATTGTGTGCCAGCMGCCGCGGTAA,ATTAGAWACCCBDGTAGTCCGGCTGACTGACT,TGCTACAGACGT,4.0,10A,Agf27-m0,720.0,07_20,2.0,21.57142857,Month_06,group1,NA,no,no
27-0_09_20,1476.0,5.0,2271.0,0.0,49.0,0.0,0.0,0.0,0.0,0.0,0.0,0.0,12.0,0.0,0.0,0.0,0.0,5.0,17.0,1.0,0.0,4.0,160.0,TATGGTAATTGTGTGCCAGCMGCCGCGGTAA,ATTAGAWACCCBDGTAGTCCGGCTGACTGACT,GTTTGAAACACG,2.0,11G,Agf27-m0,90920.0,09_20,3.0,31.42857143,Month_08,group1,NA,no,no
27-0_11_20,770.0,40.0,3066.0,0.0,12.0,1.0,1.0,0.0,0.0,0.0,0.0,0.0,7.0,0.0,7.0,3.0,0.0,0.0,2.0,10.0,0.0,28.0,53.0,TATGGTAATTGTGTGCCAGCMGCCGCGGTAA,ATTAGAWACCCBDGTAGTCCGGCTGACTGACT,TTGTGTCTCCCT,3.0,5A,Agf27-m0,121120.0,11_20,4.0,39.57142857,Month_10,group1,NA,no,no
27-1_01_21,444.0,8.0,3503.0,0.0,5.0,0.0,0.0,0.0,0.0,0.0,0.0,0.0,7.0,0.0,0.0,0.0,0.0,0.0,1.0,18.0,0.0,11.0,3.0,TATGGTAATTGTGTGCCAGCMGCCGCGGTAA,ATTAGAWACCCBDGTAGTCCGGCTGACTGACT,AGACTTCTCAGG,3.0,10B,Agf27-m1,100121.0,01_21,5.0,48.0,Month_12,group1,NA,no,no
27-1_03_21,204.0,6.0,3692.0,0.0,7.0,0.0,0.0,0.0,0.0,0.0,0.0,0.0,1.0,0.0,0.0,0.0,0.0,0.0,0.0,18.0,0.0,69.0,3.0,TATGGTAATTGTGTGCCAGCMGCCGCGGTAA,ATTAGAWACCCBDGTAGTCCGGCTGACTGACT,CAGTGCACGTCT,5.0,8C,Agf27-m1,40321.0,03_21,6.0,55.57142857,Month_14,group1,NA,no,no
27-1_05_20,181.0,6.0,3270.0,0.0,0.0,0.0,0.0,0.0,0.0,0.0,0.0,0.0,1.0,0.0,0.0,0.0,0.0,0.0,2.0,0.0,0.0,30.0,510.0,TATGGTAATTGTGTGCCAGCMGCCGCGGTAA,ATTAGAWACCCBDGTAGTCCGGCTGACTGACT,CATTTCGCACTT,2.0,9C,Agf27-m1,130520.0,05_20,1.0,13.42857143,Month_04,group1,NA,no,no
27-1_05_21,930.0,15.0,2965.0,0.0,11.0,0.0,0.0,0.0,0.0,0.0,0.0,0.0,3.0,3.0,18.0,0.0,0.0,0.0,6.0,15.0,0.0,4.0,30.0,TATGGTAATTGTGTGCCAGCMGCCGCGGTAA,ATTAGAWACCCBDGTAGTCCGGCTGACTGACT,TGTCAAAGTGAC,1.0,12G,Agf27-m1,20521.0,05_21,7.0,60.14285714,Month_16,group1,NA,no,no
27-1_06_21,1032.0,3.0,2875.0,0.0,4.0,0.0,0.0,0.0,0.0,0.0,0.0,0.0,6.0,0.0,3.0,0.0,0.0,0.0,10.0,5.0,0.0,62.0,0.0,TATGGTAATTGTGTGCCAGCMGCCGCGGTAA,ATTAGAWACCCBDGTAGTCCGGCTGACTGACT,TTGCGGACCCTA,1.0,3G,Agf27-m1,270521.0,06_21,8.0,71.57142857,Month_18,group1,NA,no,no
27-1_09_20,1782.0,6.0,2018.0,0.0,13.0,0.0,0.0,0.0,0.0,0.0,0.0,0.0,10.0,0.0,0.0,0.0,0.0,3.0,3.0,20.0,0.0,11.0,134.0,TATGGTAATTGTGTGCCAGCMGCCGCGGTAA,ATTAGAWACCCBDGTAGTCCGGCTGACTGACT,TAACAATAATTC,1.0,8G,Agf27-m1,90920.0,09_20,3.0,31.42857143,Month_08,group1,NA,no,no
27-1_11_20,2381.0,4.0,1536.0,0.0,22.0,0.0,0.0,0.0,0.0,0.0,0.0,0.0,14.0,0.0,1.0,0.0,0.0,1.0,7.0,15.0,0.0,4.0,15.0,TATGGTAATTGTGTGCCAGCMGCCGCGGTAA,ATTAGAWACCCBDGTAGTCCGGCTGACTGACT,ACTCTGTAATTA,2.0,1E,Agf27-m1,121120.0,11_20,4.0,39.57142857,Month_10,group1,NA,no,no
27-2_03_21,934.0,0.0,3015.0,0.0,5.0,1.0,0.0,2.0,0.0,0.0,0.0,0.0,12.0,0.0,1.0,0.0,0.0,2.0,4.0,5.0,0.0,17.0,2.0,TATGGTAATTGTGTGCCAGCMGCCGCGGTAA,ATTAGAWACCCBDGTAGTCCGGCTGACTGACT,TAGGAACTCACC,2.0,8F,Agf27-m2,40321.0,03_21,6.0,55.57142857,Month_14,group1,NA,no,no
27-2_05_20,255.0,13.0,2917.0,0.0,13.0,0.0,0.0,0.0,0.0,0.0,0.0,0.0,1.0,0.0,0.0,2.0,0.0,0.0,2.0,0.0,0.0,25.0,772.0,TATGGTAATTGTGTGCCAGCMGCCGCGGTAA,ATTAGAWACCCBDGTAGTCCGGCTGACTGACT,GTTCGAGTGAAT,4.0,7F,Agf27-m2,130520.0,05_20,1.0,13.42857143,Month_04,group1,NA,no,no
27-2_05_21,895.0,49.0,2995.0,0.0,1.0,0.0,0.0,0.0,0.0,0.0,0.0,0.0,7.0,11.0,2.0,0.0,0.0,0.0,11.0,14.0,0.0,9.0,6.0,TATGGTAATTGTGTGCCAGCMGCCGCGGTAA,ATTAGAWACCCBDGTAGTCCGGCTGACTGACT,CGACCTCGCATA,5.0,5C,Agf27-m2,20521.0,05_21,7.0,60.14285714,Month_16,group1,NA,no,no
27-2_06_21,666.0,8.0,3268.0,0.0,2.0,0.0,1.0,0.0,0.0,0.0,0.0,0.0,4.0,0.0,4.0,0.0,0.0,0.0,2.0,1.0,0.0,37.0,7.0,TATGGTAATTGTGTGCCAGCMGCCGCGGTAA,ATTAGAWACCCBDGTAGTCCGGCTGACTGACT,TAGACTTCAGAG,4.0,7H,Agf27-m2,270521.0,06_21,8.0,71.57142857,Month_18,group1,NA,no,no
27-2_07_20,197.0,37.0,2958.0,0.0,19.0,0.0,0.0,0.0,3.0,0.0,0.0,0.0,1.0,0.0,0.0,0.0,0.0,0.0,0.0,0.0,0.0,24.0,761.0,TATGGTAATTGTGTGCCAGCMGCCGCGGTAA,ATTAGAWACCCBDGTAGTCCGGCTGACTGACT,AGAGGGTGATCG,2.0,2C,Agf27-m2,720.0,07_20,2.0,21.57142857,Month_06,group1,NA,no,no
27-2_09_20,891.0,9.0,2851.0,0.0,77.0,0.0,0.0,0.0,0.0,0.0,0.0,0.0,3.0,0.0,0.0,0.0,0.0,5.0,3.0,10.0,0.0,5.0,146.0,TATGGTAATTGTGTGCCAGCMGCCGCGGTAA,ATTAGAWACCCBDGTAGTCCGGCTGACTGACT,CAGGCCACTCTC,4.0,2D,Agf27-m2,90920.0,09_20,3.0,31.42857143,Month_08,group1,NA,no,no
27-2_11_20,1182.0,24.0,2632.0,0.0,33.0,0.0,7.0,0.0,0.0,0.0,0.0,0.0,9.0,0.0,3.0,1.0,0.0,2.0,15.0,10.0,0.0,8.0,74.0,TATGGTAATTGTGTGCCAGCMGCCGCGGTAA,ATTAGAWACCCBDGTAGTCCGGCTGACTGACT,TAGTTCGGTGAC,2.0,7E,Agf27-m2,121120.0,11_20,4.0,39.57142857,Month_10,group1,NA,no,no
28-0_01_21,884.0,14.0,2967.0,0.0,23.0,0.0,2.0,0.0,0.0,0.0,0.0,0.0,2.0,0.0,0.0,0.0,0.0,1.0,23.0,24.0,0.0,9.0,51.0,TATGGTAATTGTGTGCCAGCMGCCGCGGTAA,ATTAGAWACCCBDGTAGTCCGGCTGACTGACT,TCGAGAGTTTGC,2.0,5B,Agf28-m0,100121.0,01_21,5.0,47.0,Month_12,group1,NA,no,no
28-0_05_20,151.0,28.0,2986.0,0.0,6.0,0.0,0.0,0.0,0.0,0.0,0.0,0.0,2.0,0.0,1.0,0.0,0.0,0.0,0.0,0.0,0.0,3.0,823.0,TATGGTAATTGTGTGCCAGCMGCCGCGGTAA,ATTAGAWACCCBDGTAGTCCGGCTGACTGACT,TTAAGTTAAGTT,2.0,5H,Agf28-m0,130520.0,05_20,1.0,12.42857143,Month_04,group1,NA,no,yes
28-0_07_20,438.0,19.0,2836.0,0.0,20.0,0.0,0.0,0.0,0.0,0.0,0.0,0.0,0.0,0.0,0.0,0.0,0.0,0.0,3.0,0.0,0.0,5.0,679.0,TATGGTAATTGTGTGCCAGCMGCCGCGGTAA,ATTAGAWACCCBDGTAGTCCGGCTGACTGACT,TCGCTACAGATG,3.0,6F,Agf28-m0,720.0,07_20,2.0,20.57142857,Month_06,group1,NA,no,no
28-0_11_20,557.0,13.0,3337.0,0.0,26.0,0.0,0.0,0.0,0.0,0.0,0.0,0.0,8.0,0.0,0.0,0.0,0.0,2.0,3.0,29.0,0.0,3.0,22.0,TATGGTAATTGTGTGCCAGCMGCCGCGGTAA,ATTAGAWACCCBDGTAGTCCGGCTGACTGACT,GTACTCGAACCA,3.0,11F,Agf28-m0,121120.0,11_20,4.0,38.57142857,Month_10,group1,NA,no,no
28-1_01_21,521.0,72.0,3119.0,0.0,11.0,0.0,0.0,0.0,0.0,0.0,0.0,0.0,4.0,0.0,0.0,0.0,0.0,0.0,12.0,5.0,0.0,21.0,235.0,TATGGTAATTGTGTGCCAGCMGCCGCGGTAA,ATTAGAWACCCBDGTAGTCCGGCTGACTGACT,ATGCCGGTAATA,5.0,7F,Agf28-m1,100121.0,01_21,5.0,47.0,Month_12,group1,NA,no,no
28-1_03_21,1400.0,215.0,2250.0,0.0,13.0,0.0,0.0,0.0,0.0,0.0,0.0,0.0,26.0,0.0,0.0,0.0,0.0,4.0,44.0,11.0,0.0,2.0,35.0,TATGGTAATTGTGTGCCAGCMGCCGCGGTAA,ATTAGAWACCCBDGTAGTCCGGCTGACTGACT,ATTTACAATTGA,4.0,3B,Agf28-m1,40321.0,03_21,6.0,54.57142857,Month_14,group1,NA,no,no
28-1_05_21,1014.0,72.0,2819.0,0.0,27.0,0.0,0.0,0.0,0.0,0.0,0.0,0.0,17.0,0.0,0.0,0.0,0.0,1.0,33.0,13.0,0.0,2.0,2.0,TATGGTAATTGTGTGCCAGCMGCCGCGGTAA,ATTAGAWACCCBDGTAGTCCGGCTGACTGACT,AGAATCCACCAC,3.0,12D,Agf28-m1,20521.0,05_21,7.0,59.14285714,Month_14,group1,NA,no,no
28-1_09_20,271.0,38.0,3363.0,0.0,9.0,0.0,0.0,0.0,0.0,0.0,0.0,0.0,2.0,4.0,0.0,0.0,0.0,0.0,3.0,9.0,0.0,10.0,291.0,TATGGTAATTGTGTGCCAGCMGCCGCGGTAA,ATTAGAWACCCBDGTAGTCCGGCTGACTGACT,CCGATAAAGGTT,2.0,3F,Agf28-m1,90920.0,09_20,3.0,30.42857143,Month_08,group1,NA,no,no
28-1_11_20,559.0,55.0,3177.0,0.0,12.0,0.0,0.0,0.0,0.0,0.0,0.0,0.0,9.0,0.0,0.0,0.0,2.0,0.0,0.0,0.0,0.0,2.0,184.0,TATGGTAATTGTGTGCCAGCMGCCGCGGTAA,ATTAGAWACCCBDGTAGTCCGGCTGACTGACT,AAGAACTCATGA,1.0,6C,Agf28-m1,121120.0,11_20,4.0,38.57142857,Month_10,group1,NA,no,no
29-0_01_21,378.0,47.0,2724.0,0.0,1.0,0.0,2.0,0.0,0.0,0.0,0.0,0.0,4.0,0.0,14.0,0.0,0.0,0.0,11.0,12.0,0.0,36.0,771.0,TATGGTAATTGTGTGCCAGCMGCCGCGGTAA,ATTAGAWACCCBDGTAGTCCGGCTGACTGACT,CGGTATAGCAAT,1.0,3H,Agf29-m0,100121.0,01_21,5.0,47.0,Month_12,group1,NA,no,no
29-0_03_21,379.0,0.0,2684.0,0.0,3.0,0.0,0.0,0.0,0.0,0.0,0.0,0.0,8.0,0.0,0.0,0.0,0.0,0.0,1.0,7.0,0.0,29.0,889.0,TATGGTAATTGTGTGCCAGCMGCCGCGGTAA,ATTAGAWACCCBDGTAGTCCGGCTGACTGACT,ACTGTGACGTCC,2.0,9A,Agf29-m0,40321.0,03_21,6.0,54.57142857,Month_14,group1,NA,no,no
29-0_05_20,359.0,17.0,2808.0,0.0,17.0,0.0,0.0,0.0,0.0,0.0,0.0,0.0,0.0,0.0,0.0,0.0,0.0,0.0,1.0,0.0,0.0,26.0,772.0,TATGGTAATTGTGTGCCAGCMGCCGCGGTAA,ATTAGAWACCCBDGTAGTCCGGCTGACTGACT,CCGGCCGCGTGC,3.0,5G,Agf29-m0,130520.0,05_20,1.0,12.42857143,Month_04,group1,NA,no,yes
29-0_05_21,670.0,20.0,3157.0,0.0,4.0,0.0,0.0,0.0,0.0,0.0,0.0,0.0,1.0,2.0,102.0,0.0,0.0,0.0,3.0,12.0,0.0,8.0,21.0,TATGGTAATTGTGTGCCAGCMGCCGCGGTAA,ATTAGAWACCCBDGTAGTCCGGCTGACTGACT,CAAATTCGGGAT,3.0,4A,Agf29-m0,20521.0,05_21,7.0,59.14285714,Month_14,group1,NA,no,no
29-0_06_21,1524.0,13.0,2331.0,2.0,44.0,0.0,0.0,0.0,0.0,0.0,3.0,0.0,6.0,0.0,0.0,0.0,0.0,0.0,51.0,8.0,4.0,5.0,9.0,TATGGTAATTGTGTGCCAGCMGCCGCGGTAA,ATTAGAWACCCBDGTAGTCCGGCTGACTGACT,GCAGAGAGGCTA,7.0,10C,Agf29-m0,270521.0,06_21,8.0,70.57142857,Month_18,group1,NA,no,no
29-0_11_20,225.0,24.0,3043.0,0.0,3.0,0.0,0.0,0.0,0.0,0.0,0.0,0.0,6.0,0.0,0.0,0.0,0.0,0.0,0.0,0.0,0.0,60.0,639.0,TATGGTAATTGTGTGCCAGCMGCCGCGGTAA,ATTAGAWACCCBDGTAGTCCGGCTGACTGACT,AAGATCGTACTG,6.0,9A,Agf29-m0,121120.0,11_20,4.0,38.57142857,Month_10,group1,NA,no,no
29-1_03_21,257.0,0.0,2515.0,0.0,10.0,0.0,0.0,0.0,0.0,0.0,0.0,0.0,0.0,0.0,0.0,0.0,0.0,0.0,17.0,18.0,0.0,21.0,1162.0,TATGGTAATTGTGTGCCAGCMGCCGCGGTAA,ATTAGAWACCCBDGTAGTCCGGCTGACTGACT,TATATAGTATCC,4.0,1C,Agf29-m1,40321.0,03_21,6.0,54.57142857,Month_14,group1,NA,no,no
29-1_05_20,194.0,1.0,3299.0,0.0,5.0,0.0,0.0,0.0,0.0,0.0,0.0,0.0,1.0,0.0,0.0,0.0,0.0,0.0,0.0,0.0,0.0,27.0,473.0,TATGGTAATTGTGTGCCAGCMGCCGCGGTAA,ATTAGAWACCCBDGTAGTCCGGCTGACTGACT,CTACAGGGTCTC,2.0,1A,Agf29-m1,130520.0,05_20,1.0,12.42857143,Month_04,group1,NA,no,yes
29-1_05_21,115.0,0.0,3825.0,0.0,7.0,0.0,0.0,0.0,0.0,0.0,0.0,0.0,0.0,0.0,18.0,0.0,0.0,0.0,0.0,0.0,0.0,26.0,9.0,TATGGTAATTGTGTGCCAGCMGCCGCGGTAA,ATTAGAWACCCBDGTAGTCCGGCTGACTGACT,CGTCGCAGCCTT,4.0,9D,Agf29-m1,20521.0,05_21,7.0,59.14285714,Month_14,group1,NA,no,no
29-1_07_20,204.0,6.0,3202.0,0.0,0.0,0.0,0.0,0.0,0.0,0.0,0.0,0.0,4.0,0.0,0.0,0.0,0.0,0.0,0.0,0.0,0.0,31.0,553.0,TATGGTAATTGTGTGCCAGCMGCCGCGGTAA,ATTAGAWACCCBDGTAGTCCGGCTGACTGACT,CTTGATTCTTGA,1.0,10C,Agf29-m1,720.0,07_20,2.0,20.57142857,Month_06,group1,NA,no,no
29-1_09_20,184.0,28.0,3185.0,0.0,12.0,0.0,0.0,0.0,4.0,0.0,0.0,0.0,2.0,2.0,1.0,0.0,0.0,0.0,0.0,0.0,0.0,15.0,567.0,TATGGTAATTGTGTGCCAGCMGCCGCGGTAA,ATTAGAWACCCBDGTAGTCCGGCTGACTGACT,AATCATTTGTAA,7.0,4H,Agf29-m1,90920.0,09_20,3.0,30.42857143,Month_08,group1,NA,no,no
29-1_11_20,1897.0,0.0,1856.0,0.0,3.0,0.0,0.0,0.0,0.0,0.0,0.0,0.0,1.0,0.0,0.0,0.0,0.0,0.0,0.0,0.0,0.0,11.0,232.0,TATGGTAATTGTGTGCCAGCMGCCGCGGTAA,ATTAGAWACCCBDGTAGTCCGGCTGACTGACT,GACTCAACCAGT,1.0,9A,Agf29-m1,121120.0,11_20,4.0,38.57142857,Month_10,group1,NA,no,no
29-2_01_21,271.0,19.0,3031.0,0.0,10.0,0.0,0.0,0.0,0.0,0.0,0.0,0.0,2.0,0.0,8.0,0.0,0.0,0.0,2.0,0.0,0.0,5.0,652.0,TATGGTAATTGTGTGCCAGCMGCCGCGGTAA,ATTAGAWACCCBDGTAGTCCGGCTGACTGACT,AACCGCATAAGT,3.0,8C,Agf29-m2,100121.0,01_21,5.0,47.0,Month_12,group1,15,yes,no
29-2_03_21,289.0,4.0,2761.0,0.0,6.0,1.0,0.0,0.0,0.0,0.0,0.0,0.0,9.0,0.0,0.0,0.0,0.0,0.0,4.0,0.0,0.0,46.0,880.0,TATGGTAATTGTGTGCCAGCMGCCGCGGTAA,ATTAGAWACCCBDGTAGTCCGGCTGACTGACT,GTTTGGCCACAC,4.0,1B,Agf29-m2,40321.0,03_21,6.0,54.57142857,Month_14,group1,15,yes,no
29-2_05_21,639.0,25.0,3170.0,0.0,11.0,0.0,3.0,5.0,0.0,0.0,0.0,0.0,3.0,0.0,6.0,0.0,0.0,0.0,30.0,1.0,0.0,2.0,105.0,TATGGTAATTGTGTGCCAGCMGCCGCGGTAA,ATTAGAWACCCBDGTAGTCCGGCTGACTGACT,ACGTTAATATTC,4.0,8B,Agf29-m2,20521.0,05_21,7.0,59.14285714,Month_14,group1,15,yes,no
29-2_07_20,273.0,5.0,3322.0,0.0,23.0,0.0,0.0,0.0,0.0,0.0,0.0,0.0,6.0,0.0,0.0,0.0,0.0,0.0,1.0,0.0,0.0,19.0,351.0,TATGGTAATTGTGTGCCAGCMGCCGCGGTAA,ATTAGAWACCCBDGTAGTCCGGCTGACTGACT,GCCTACTCTCGG,4.0,3H,Agf29-m2,720.0,07_20,2.0,20.57142857,Month_06,group1,15,yes,no
29-2_11_20,181.0,4.0,2616.0,0.0,0.0,0.0,0.0,0.0,0.0,0.0,0.0,0.0,1.0,0.0,0.0,0.0,0.0,0.0,9.0,0.0,0.0,11.0,1178.0,TATGGTAATTGTGTGCCAGCMGCCGCGGTAA,ATTAGAWACCCBDGTAGTCCGGCTGACTGACT,TAATCATGTAAT,7.0,6F,Agf29-m2,121120.0,11_20,4.0,38.57142857,Month_10,group1,15,yes,no
30-0_01_21,482.0,3.0,2934.0,0.0,6.0,0.0,0.0,0.0,0.0,0.0,0.0,0.0,3.0,0.0,0.0,0.0,0.0,5.0,1.0,32.0,0.0,18.0,516.0,TATGGTAATTGTGTGCCAGCMGCCGCGGTAA,ATTAGAWACCCBDGTAGTCCGGCTGACTGACT,GTGCCGGCCGAC,2.0,2B,Agf30-m0,100121.0,01_21,5.0,41.57142857,Month_10,group2,15,yes,no
30-0_05_20,110.0,4.0,3288.0,0.0,2.0,0.0,0.0,0.0,0.0,0.0,0.0,0.0,0.0,0.0,0.0,0.0,0.0,0.0,0.0,0.0,0.0,23.0,573.0,TATGGTAATTGTGTGCCAGCMGCCGCGGTAA,ATTAGAWACCCBDGTAGTCCGGCTGACTGACT,CATAAGGGAGGC,4.0,1D,Agf30-m0,130520.0,05_20,1.0,7.0,Month_02,group2,15,yes,yes
30-0_09_20,743.0,167.0,2847.0,0.0,4.0,0.0,0.0,0.0,0.0,0.0,0.0,0.0,23.0,0.0,0.0,0.0,0.0,2.0,18.0,21.0,0.0,2.0,173.0,TATGGTAATTGTGTGCCAGCMGCCGCGGTAA,ATTAGAWACCCBDGTAGTCCGGCTGACTGACT,GATAGCACTCGT,4.0,8A,Agf30-m0,90920.0,09_20,3.0,25.0,Month_06,group2,15,yes,no
30-0_11_20,401.0,152.0,3091.0,0.0,8.0,0.0,0.0,0.0,0.0,0.0,0.0,0.0,4.0,0.0,0.0,0.0,0.0,0.0,15.0,20.0,0.0,6.0,303.0,TATGGTAATTGTGTGCCAGCMGCCGCGGTAA,ATTAGAWACCCBDGTAGTCCGGCTGACTGACT,ATGCTGCAACAC,1.0,2B,Agf30-m0,121120.0,11_20,4.0,33.14285714,Month_08,group2,15,yes,no
30-1_01_21,942.0,0.0,2316.0,0.0,4.0,0.0,0.0,1.0,0.0,0.0,0.0,0.0,11.0,0.0,0.0,0.0,0.0,6.0,35.0,24.0,0.0,0.0,661.0,TATGGTAATTGTGTGCCAGCMGCCGCGGTAA,ATTAGAWACCCBDGTAGTCCGGCTGACTGACT,ACCAGTGACTCA,4.0,3G,Agf30-m1,100121.0,01_21,5.0,41.57142857,Month_10,group2,NA,no,no
30-1_05_20,215.0,15.0,3250.0,0.0,7.0,0.0,0.0,0.0,0.0,0.0,0.0,0.0,1.0,0.0,0.0,0.0,0.0,0.0,1.0,0.0,0.0,11.0,500.0,TATGGTAATTGTGTGCCAGCMGCCGCGGTAA,ATTAGAWACCCBDGTAGTCCGGCTGACTGACT,TTAATGGATCGG,2.0,8E,Agf30-m1,130520.0,05_20,1.0,7.0,Month_02,group2,NA,no,yes
30-1_05_21,2751.0,38.0,1155.0,3.0,0.0,0.0,0.0,0.0,0.0,0.0,0.0,0.0,17.0,0.0,0.0,2.0,0.0,0.0,10.0,23.0,0.0,1.0,0.0,TATGGTAATTGTGTGCCAGCMGCCGCGGTAA,ATTAGAWACCCBDGTAGTCCGGCTGACTGACT,TCAGACCAACTG,2.0,1G,Agf30-m1,20521.0,05_21,7.0,53.71428571,Month_14,group2,NA,no,no
30-1_11_20,897.0,51.0,2460.0,0.0,29.0,0.0,0.0,0.0,0.0,0.0,0.0,0.0,3.0,0.0,0.0,0.0,0.0,3.0,11.0,33.0,0.0,3.0,510.0,TATGGTAATTGTGTGCCAGCMGCCGCGGTAA,ATTAGAWACCCBDGTAGTCCGGCTGACTGACT,TACTGTACTGTT,4.0,1G,Agf30-m1,121120.0,11_20,4.0,33.14285714,Month_08,group2,NA,no,no
30-2_01_21,406.0,15.0,2990.0,0.0,20.0,0.0,0.0,2.0,0.0,0.0,0.0,0.0,5.0,0.0,0.0,0.0,0.0,3.0,4.0,17.0,0.0,12.0,526.0,TATGGTAATTGTGTGCCAGCMGCCGCGGTAA,ATTAGAWACCCBDGTAGTCCGGCTGACTGACT,CCACTGCCCACC,4.0,4B,Agf30-m2,100121.0,01_21,5.0,41.57142857,Month_10,group2,15,yes,no
30-2_03_21,968.0,6.0,2336.0,0.0,5.0,0.0,0.0,0.0,0.0,0.0,0.0,0.0,19.0,0.0,0.0,0.0,0.0,0.0,2.0,18.0,0.0,7.0,639.0,TATGGTAATTGTGTGCCAGCMGCCGCGGTAA,ATTAGAWACCCBDGTAGTCCGGCTGACTGACT,CTCCGAACAACA,4.0,4A,Agf30-m2,40321.0,03_21,6.0,49.14285714,Month_12,group2,15,yes,no
30-2_05_21,688.0,11.0,3206.0,9.0,5.0,2.0,0.0,0.0,0.0,0.0,0.0,0.0,2.0,0.0,0.0,0.0,0.0,1.0,7.0,45.0,3.0,21.0,0.0,TATGGTAATTGTGTGCCAGCMGCCGCGGTAA,ATTAGAWACCCBDGTAGTCCGGCTGACTGACT,ATAGTTAGGGCT,4.0,5B,Agf30-m2,20521.0,05_21,7.0,53.71428571,Month_14,group2,15,yes,no
30-2_07_20,927.0,21.0,2715.0,0.0,32.0,0.0,0.0,0.0,0.0,0.0,0.0,0.0,2.0,0.0,0.0,0.0,0.0,0.0,11.0,0.0,0.0,11.0,281.0,TATGGTAATTGTGTGCCAGCMGCCGCGGTAA,ATTAGAWACCCBDGTAGTCCGGCTGACTGACT,GCCTAGCCCAAT,5.0,6B,Agf30-m2,720.0,07_20,2.0,15.14285714,Month_04,group2,15,yes,yes
30-2_09_20,498.0,13.0,2882.0,0.0,41.0,1.0,4.0,0.0,0.0,0.0,0.0,0.0,1.0,0.0,0.0,3.0,0.0,1.0,12.0,34.0,0.0,9.0,501.0,TATGGTAATTGTGTGCCAGCMGCCGCGGTAA,ATTAGAWACCCBDGTAGTCCGGCTGACTGACT,CCTTGACCGATG,2.0,3B,Agf30-m2,90920.0,09_20,3.0,25.0,Month_06,group2,15,yes,no
31-0_01_21,537.0,16.0,2870.0,0.0,9.0,0.0,0.0,0.0,0.0,0.0,0.0,0.0,0.0,0.0,0.0,0.0,0.0,0.0,3.0,0.0,0.0,12.0,553.0,TATGGTAATTGTGTGCCAGCMGCCGCGGTAA,ATTAGAWACCCBDGTAGTCCGGCTGACTGACT,ACCAGAAATGTC,4.0,4D,Agf31-m0,100121.0,01_21,5.0,41.57142857,Month_10,group2,NA,no,no
31-0_03_21,1122.0,14.0,2278.0,0.0,5.0,0.0,2.0,0.0,0.0,0.0,0.0,0.0,10.0,0.0,0.0,2.0,0.0,0.0,10.0,12.0,0.0,8.0,537.0,TATGGTAATTGTGTGCCAGCMGCCGCGGTAA,ATTAGAWACCCBDGTAGTCCGGCTGACTGACT,GAATATACCTGG,4.0,4C,Agf31-m0,40321.0,03_21,6.0,49.14285714,Month_12,group2,NA,no,no
31-0_06_21,1162.0,24.0,2772.0,0.0,3.0,0.0,0.0,0.0,0.0,0.0,0.0,0.0,17.0,0.0,0.0,0.0,0.0,0.0,2.0,11.0,2.0,5.0,2.0,TATGGTAATTGTGTGCCAGCMGCCGCGGTAA,ATTAGAWACCCBDGTAGTCCGGCTGACTGACT,GACCCGTTTCGC,4.0,6B,Agf31-m0,270521.0,06_21,8.0,65.14285714,Month_16,group2,NA,no,no
31-0_09_20,661.0,32.0,2784.0,0.0,12.0,0.0,1.0,0.0,0.0,0.0,0.0,0.0,1.0,0.0,0.0,3.0,0.0,0.0,0.0,0.0,0.0,36.0,470.0,TATGGTAATTGTGTGCCAGCMGCCGCGGTAA,ATTAGAWACCCBDGTAGTCCGGCTGACTGACT,TAATCGGTGCCA,1.0,12B,Agf31-m0,90920.0,09_20,3.0,25.0,Month_06,group2,NA,no,no
31-0_11_20,420.0,7.0,2031.0,0.0,13.0,0.0,4.0,0.0,0.0,0.0,0.0,0.0,0.0,0.0,0.0,0.0,0.0,2.0,7.0,0.0,0.0,10.0,1506.0,TATGGTAATTGTGTGCCAGCMGCCGCGGTAA,ATTAGAWACCCBDGTAGTCCGGCTGACTGACT,ACCTATGGTGAA,6.0,4G,Agf31-m0,121120.0,11_20,4.0,33.14285714,Month_08,group2,NA,no,no
31-1_01_21,1884.0,17.0,1609.0,0.0,3.0,0.0,4.0,5.0,0.0,0.0,0.0,0.0,14.0,0.0,0.0,0.0,0.0,0.0,10.0,0.0,0.0,10.0,444.0,TATGGTAATTGTGTGCCAGCMGCCGCGGTAA,ATTAGAWACCCBDGTAGTCCGGCTGACTGACT,AGCTATGTATGG,7.0,1F,Agf31-m1,100121.0,01_21,5.0,41.57142857,Month_10,group2,14,yes,no
31-1_03_21,1111.0,17.0,2475.0,0.0,52.0,0.0,5.0,0.0,0.0,0.0,0.0,0.0,7.0,0.0,0.0,2.0,0.0,4.0,17.0,8.0,0.0,7.0,295.0,TATGGTAATTGTGTGCCAGCMGCCGCGGTAA,ATTAGAWACCCBDGTAGTCCGGCTGACTGACT,GATATACCAGTG,3.0,12C,Agf31-m1,40321.0,03_21,6.0,49.14285714,Month_12,group2,14,yes,no
31-1_05_20,418.0,2.0,3093.0,0.0,26.0,1.0,0.0,5.0,0.0,0.0,0.0,0.0,5.0,0.0,0.0,0.0,0.0,2.0,8.0,0.0,0.0,3.0,437.0,TATGGTAATTGTGTGCCAGCMGCCGCGGTAA,ATTAGAWACCCBDGTAGTCCGGCTGACTGACT,GCTGAGCCTTTG,4.0,8G,Agf31-m1,130520.0,05_20,1.0,7.0,Month_02,group2,14,yes,yes
31-1_05_21,2843.0,54.0,956.0,0.0,59.0,0.0,0.0,0.0,0.0,0.0,0.0,0.0,27.0,0.0,0.0,0.0,0.0,6.0,15.0,39.0,0.0,0.0,1.0,TATGGTAATTGTGTGCCAGCMGCCGCGGTAA,ATTAGAWACCCBDGTAGTCCGGCTGACTGACT,CTTAGGCATGTG,5.0,9H,Agf31-m1,20521.0,05_21,7.0,53.71428571,Month_14,group2,14,yes,no
31-2_03_21,1423.0,9.0,2127.0,0.0,16.0,1.0,3.0,0.0,0.0,0.0,0.0,0.0,14.0,0.0,0.0,0.0,0.0,1.0,30.0,27.0,0.0,2.0,347.0,TATGGTAATTGTGTGCCAGCMGCCGCGGTAA,ATTAGAWACCCBDGTAGTCCGGCTGACTGACT,ACGGCGTTATGT,3.0,1E,Agf31-m2,40321.0,03_21,6.0,49.14285714,Month_12,group2,NA,no,no
31-2_05_20,1157.0,6.0,2528.0,0.0,11.0,0.0,0.0,0.0,0.0,0.0,0.0,0.0,3.0,0.0,0.0,0.0,0.0,1.0,1.0,0.0,0.0,7.0,286.0,TATGGTAATTGTGTGCCAGCMGCCGCGGTAA,ATTAGAWACCCBDGTAGTCCGGCTGACTGACT,GCAACGAACGAG,2.0,11C,Agf31-m2,130520.0,05_20,1.0,7.0,Month_02,group2,NA,no,yes
31-2_05_21,564.0,39.0,3359.0,0.0,3.0,0.0,0.0,0.0,0.0,0.0,0.0,0.0,0.0,0.0,0.0,0.0,0.0,0.0,5.0,15.0,0.0,14.0,1.0,TATGGTAATTGTGTGCCAGCMGCCGCGGTAA,ATTAGAWACCCBDGTAGTCCGGCTGACTGACT,AGAGACGCGTAG,4.0,9G,Agf31-m2,20521.0,05_21,7.0,53.71428571,Month_14,group2,NA,no,no
31-2_06_21,1981.0,1.0,1963.0,0.0,21.0,4.0,0.0,8.0,0.0,0.0,0.0,0.0,10.0,0.0,0.0,0.0,0.0,2.0,2.0,7.0,1.0,0.0,0.0,TATGGTAATTGTGTGCCAGCMGCCGCGGTAA,ATTAGAWACCCBDGTAGTCCGGCTGACTGACT,GTCACGGACATT,4.0,3C,Agf31-m2,270521.0,06_21,8.0,65.14285714,Month_16,group2,NA,no,no
31-2_07_20,1903.0,24.0,1975.0,0.0,29.0,0.0,0.0,0.0,0.0,0.0,0.0,0.0,11.0,0.0,0.0,0.0,0.0,7.0,5.0,0.0,0.0,0.0,46.0,TATGGTAATTGTGTGCCAGCMGCCGCGGTAA,ATTAGAWACCCBDGTAGTCCGGCTGACTGACT,AACTTTCAGGAG,3.0,8A,Agf31-m2,720.0,07_20,2.0,15.14285714,Month_04,group2,NA,no,yes
31-2_09_20,2198.0,11.0,1612.0,0.0,26.0,0.0,0.0,0.0,0.0,0.0,0.0,0.0,21.0,0.0,0.0,0.0,0.0,0.0,2.0,0.0,0.0,6.0,124.0,TATGGTAATTGTGTGCCAGCMGCCGCGGTAA,ATTAGAWACCCBDGTAGTCCGGCTGACTGACT,GTAATTGTAATT,4.0,9A,Agf31-m2,90920.0,09_20,3.0,25.0,Month_06,group2,NA,no,no
31-2_09_21,1310.0,65.0,2472.0,0.0,11.0,0.0,0.0,0.0,0.0,0.0,0.0,0.0,6.0,0.0,0.0,0.0,0.0,0.0,1.0,119.0,2.0,4.0,10.0,TATGGTAATTGTGTGCCAGCMGCCGCGGTAA,ATTAGAWACCCBDGTAGTCCGGCTGACTGACT,ACTCACAGGAAT,5.0,9C,Agf31-m2,50921.0,09_21,9.0,75.57142857,Month_18,group2,NA,no,no
31-2_11_20,1496.0,21.0,2046.0,0.0,0.0,0.0,0.0,0.0,0.0,0.0,0.0,0.0,18.0,0.0,0.0,0.0,0.0,2.0,106.0,0.0,0.0,0.0,311.0,TATGGTAATTGTGTGCCAGCMGCCGCGGTAA,ATTAGAWACCCBDGTAGTCCGGCTGACTGACT,TCGATAAGTAAG,7.0,8D,Agf31-m2,121120.0,11_20,4.0,33.14285714,Month_08,group2,NA,no,no
32-0_01_21,399.0,11.0,3493.0,10.0,2.0,0.0,0.0,0.0,0.0,0.0,0.0,0.0,0.0,0.0,5.0,6.0,0.0,0.0,0.0,22.0,0.0,50.0,2.0,TATGGTAATTGTGTGCCAGCMGCCGCGGTAA,ATTAGAWACCCBDGTAGTCCGGCTGACTGACT,AGCAACATTGCA,6.0,5C,Agf32-m0,100121.0,01_21,5.0,41.0,Month_10,group2,NA,no,no
32-0_03_21,241.0,1.0,3614.0,0.0,0.0,0.0,0.0,0.0,0.0,0.0,0.0,0.0,2.0,0.0,0.0,0.0,0.0,0.0,7.0,13.0,31.0,16.0,75.0,TATGGTAATTGTGTGCCAGCMGCCGCGGTAA,ATTAGAWACCCBDGTAGTCCGGCTGACTGACT,AGTCCGAGTTGT,4.0,8F,Agf32-m0,40321.0,03_21,6.0,48.57142857,Month_12,group2,NA,no,no
32-0_05_20,89.0,23.0,2914.0,0.0,0.0,0.0,0.0,0.0,7.0,0.0,0.0,0.0,0.0,0.0,0.0,0.0,0.0,0.0,2.0,0.0,30.0,0.0,935.0,TATGGTAATTGTGTGCCAGCMGCCGCGGTAA,ATTAGAWACCCBDGTAGTCCGGCTGACTGACT,CTTATAGAGAAG,7.0,8H,Agf32-m0,130520.0,05_20,1.0,6.428571429,Month_02,group2,NA,no,yes
32-0_05_21,2344.0,6.0,1463.0,0.0,37.0,0.0,0.0,0.0,0.0,0.0,0.0,0.0,14.0,0.0,0.0,0.0,0.0,7.0,0.0,18.0,111.0,0.0,0.0,TATGGTAATTGTGTGCCAGCMGCCGCGGTAA,ATTAGAWACCCBDGTAGTCCGGCTGACTGACT,ACCGAACAATCC,2.0,5A,Agf32-m0,20521.0,05_21,7.0,53.14285714,Month_14,group2,NA,no,no
32-0_06_21,1534.0,196.0,2191.0,0.0,5.0,0.0,1.0,6.0,0.0,0.0,0.0,0.0,4.0,0.0,13.0,1.0,0.0,0.0,0.0,17.0,7.0,3.0,22.0,TATGGTAATTGTGTGCCAGCMGCCGCGGTAA,ATTAGAWACCCBDGTAGTCCGGCTGACTGACT,CCTCGCATGACC,3.0,1A,Agf32-m0,270521.0,06_21,8.0,64.57142857,Month_16,group2,NA,no,no
32-0_07_20,396.0,0.0,2537.0,0.0,43.0,0.0,0.0,0.0,0.0,0.0,0.0,0.0,3.0,0.0,0.0,0.0,0.0,0.0,2.0,0.0,148.0,0.0,871.0,TATGGTAATTGTGTGCCAGCMGCCGCGGTAA,ATTAGAWACCCBDGTAGTCCGGCTGACTGACT,CGGGACACCCGA,1.0,2C,Agf32-m0,720.0,07_20,2.0,14.57142857,Month_04,group2,NA,no,yes
32-0_09_21,235.0,198.0,3511.0,0.0,0.0,0.0,0.0,0.0,0.0,0.0,0.0,0.0,0.0,0.0,10.0,0.0,0.0,0.0,0.0,17.0,1.0,28.0,0.0,TATGGTAATTGTGTGCCAGCMGCCGCGGTAA,ATTAGAWACCCBDGTAGTCCGGCTGACTGACT,CGCTGGCTTTAG,6.0,8F,Agf32-m0,50921.0,09_21,9.0,75.0,Month_18,group2,NA,no,no
32-0_11_20,400.0,27.0,2966.0,0.0,24.0,0.0,3.0,0.0,0.0,0.0,0.0,0.0,0.0,0.0,0.0,4.0,0.0,1.0,3.0,54.0,58.0,33.0,427.0,TATGGTAATTGTGTGCCAGCMGCCGCGGTAA,ATTAGAWACCCBDGTAGTCCGGCTGACTGACT,AGGTGAGTTCTA,4.0,11A,Agf32-m0,121120.0,11_20,4.0,32.57142857,Month_08,group2,NA,no,no
32-1_03_21,884.0,0.0,2912.0,0.0,41.0,0.0,2.0,0.0,0.0,0.0,0.0,0.0,28.0,0.0,0.0,0.0,0.0,2.0,23.0,7.0,58.0,11.0,32.0,TATGGTAATTGTGTGCCAGCMGCCGCGGTAA,ATTAGAWACCCBDGTAGTCCGGCTGACTGACT,ACTGGCAAACCT,4.0,3E,Agf32-m1,40321.0,03_21,6.0,48.57142857,Month_12,group2,NA,no,no
32-1_05_20,352.0,65.0,3141.0,0.0,23.0,0.0,0.0,0.0,4.0,0.0,0.0,0.0,3.0,0.0,0.0,0.0,0.0,0.0,2.0,0.0,131.0,2.0,277.0,TATGGTAATTGTGTGCCAGCMGCCGCGGTAA,ATTAGAWACCCBDGTAGTCCGGCTGACTGACT,TTGCGACAAAGT,6.0,6B,Agf32-m1,130520.0,05_20,1.0,6.428571429,Month_02,group2,NA,no,no
32-1_05_21,1280.0,3.0,2567.0,0.0,18.0,0.0,0.0,0.0,0.0,0.0,0.0,0.0,16.0,2.0,0.0,0.0,0.0,5.0,9.0,18.0,77.0,5.0,0.0,TATGGTAATTGTGTGCCAGCMGCCGCGGTAA,ATTAGAWACCCBDGTAGTCCGGCTGACTGACT,ATGTGCTGCTCG,2.0,2F,Agf32-m1,20521.0,05_21,7.0,53.14285714,Month_14,group2,NA,no,no
32-1_07_20,325.0,58.0,2841.0,0.0,42.0,0.0,0.0,0.0,0.0,0.0,0.0,0.0,0.0,0.0,0.0,0.0,0.0,0.0,11.0,3.0,0.0,1.0,719.0,TATGGTAATTGTGTGCCAGCMGCCGCGGTAA,ATTAGAWACCCBDGTAGTCCGGCTGACTGACT,AATCTTGCGCCG,1.0,9D,Agf32-m1,720.0,07_20,2.0,14.57142857,Month_04,group2,NA,no,yes
32-1_09_20,1310.0,6.0,2271.0,0.0,26.0,0.0,0.0,0.0,0.0,0.0,0.0,0.0,6.0,0.0,0.0,0.0,0.0,1.0,4.0,20.0,1.0,12.0,343.0,TATGGTAATTGTGTGCCAGCMGCCGCGGTAA,ATTAGAWACCCBDGTAGTCCGGCTGACTGACT,ACTACTGAGGAT,1.0,11A,Agf32-m1,90920.0,09_20,3.0,24.42857143,Month_06,group2,NA,no,no
32-1_09_21,999.0,139.0,2819.0,0.0,0.0,0.0,0.0,0.0,0.0,0.0,0.0,0.0,2.0,0.0,0.0,0.0,0.0,0.0,2.0,0.0,31.0,6.0,2.0,TATGGTAATTGTGTGCCAGCMGCCGCGGTAA,ATTAGAWACCCBDGTAGTCCGGCTGACTGACT,TGAGTCATTGAG,2.0,7A,Agf32-m1,50921.0,09_21,9.0,75.0,Month_18,group2,NA,no,no
32-1_11_20,704.0,48.0,3075.0,0.0,54.0,0.0,6.0,0.0,0.0,0.0,0.0,0.0,0.0,0.0,0.0,6.0,0.0,0.0,13.0,6.0,69.0,17.0,2.0,TATGGTAATTGTGTGCCAGCMGCCGCGGTAA,ATTAGAWACCCBDGTAGTCCGGCTGACTGACT,TCATCCGTCGGC,5.0,3A,Agf32-m1,121120.0,11_20,4.0,32.57142857,Month_08,group2,NA,no,no
32-2_05_20,179.0,13.0,3210.0,0.0,13.0,0.0,0.0,0.0,3.0,0.0,0.0,0.0,0.0,0.0,0.0,0.0,0.0,0.0,2.0,0.0,77.0,16.0,487.0,TATGGTAATTGTGTGCCAGCMGCCGCGGTAA,ATTAGAWACCCBDGTAGTCCGGCTGACTGACT,ACTGTTTACTGT,4.0,2C,Agf32-m2,130520.0,05_20,1.0,6.428571429,Month_02,group2,NA,no,yes
32-2_05_21,2393.0,70.0,1510.0,0.0,2.0,0.0,0.0,0.0,0.0,0.0,0.0,0.0,8.0,0.0,0.0,0.0,0.0,0.0,4.0,0.0,0.0,9.0,4.0,TATGGTAATTGTGTGCCAGCMGCCGCGGTAA,ATTAGAWACCCBDGTAGTCCGGCTGACTGACT,TAGGACGGGAGT,4.0,1A,Agf32-m2,20521.0,05_21,7.0,53.14285714,Month_14,group2,NA,no,no
32-2_06_21,741.0,27.0,3081.0,0.0,7.0,0.0,0.0,3.0,0.0,0.0,0.0,0.0,5.0,0.0,0.0,2.0,0.0,0.0,12.0,20.0,32.0,24.0,46.0,TATGGTAATTGTGTGCCAGCMGCCGCGGTAA,ATTAGAWACCCBDGTAGTCCGGCTGACTGACT,CAAGTGAAGGGA,1.0,10B,Agf32-m2,270521.0,06_21,8.0,64.57142857,Month_16,group2,NA,no,no
32-2_07_20,1808.0,110.0,1926.0,0.0,2.0,0.0,0.0,0.0,0.0,0.0,0.0,0.0,6.0,0.0,0.0,0.0,0.0,2.0,9.0,0.0,0.0,1.0,136.0,TATGGTAATTGTGTGCCAGCMGCCGCGGTAA,ATTAGAWACCCBDGTAGTCCGGCTGACTGACT,ACATCAGGTCAC,7.0,1E,Agf32-m2,720.0,07_20,2.0,14.57142857,Month_04,group2,NA,no,no
32-2_09_20,512.0,43.0,3231.0,0.0,8.0,0.0,0.0,0.0,0.0,0.0,0.0,0.0,4.0,0.0,0.0,2.0,0.0,0.0,2.0,7.0,0.0,29.0,162.0,TATGGTAATTGTGTGCCAGCMGCCGCGGTAA,ATTAGAWACCCBDGTAGTCCGGCTGACTGACT,TCTTCGCAGCAG,5.0,5G,Agf32-m2,90920.0,09_20,3.0,24.42857143,Month_06,group2,NA,no,no
32-2_11_20,2817.0,16.0,1039.0,0.0,19.0,0.0,0.0,0.0,0.0,0.0,0.0,0.0,20.0,0.0,0.0,0.0,0.0,0.0,25.0,13.0,38.0,1.0,12.0,TATGGTAATTGTGTGCCAGCMGCCGCGGTAA,ATTAGAWACCCBDGTAGTCCGGCTGACTGACT,CTTCAAGATGGA,6.0,11G,Agf32-m2,121120.0,11_20,4.0,32.57142857,Month_08,group2,NA,no,no
33-0_01_21,1203.0,36.0,2531.0,0.0,32.0,0.0,9.0,0.0,0.0,0.0,0.0,0.0,6.0,0.0,0.0,2.0,0.0,3.0,57.0,60.0,57.0,4.0,0.0,TATGGTAATTGTGTGCCAGCMGCCGCGGTAA,ATTAGAWACCCBDGTAGTCCGGCTGACTGACT,GTCAACGCTGTC,1.0,8E,Agf33-m0,100121.0,01_21,5.0,41.0,Month_10,group2,NA,no,no
33-0_03_21,2488.0,14.0,1372.0,0.0,6.0,0.0,3.0,0.0,0.0,0.0,0.0,0.0,30.0,0.0,0.0,2.0,0.0,0.0,7.0,22.0,50.0,6.0,0.0,TATGGTAATTGTGTGCCAGCMGCCGCGGTAA,ATTAGAWACCCBDGTAGTCCGGCTGACTGACT,AATAACTAGGGT,1.0,11D,Agf33-m0,40321.0,03_21,6.0,48.57142857,Month_12,group2,NA,no,no
33-0_05_20,188.0,11.0,3373.0,0.0,9.0,0.0,0.0,0.0,0.0,0.0,0.0,0.0,1.0,0.0,0.0,0.0,0.0,0.0,0.0,0.0,89.0,7.0,322.0,TATGGTAATTGTGTGCCAGCMGCCGCGGTAA,ATTAGAWACCCBDGTAGTCCGGCTGACTGACT,CTTGGAGGCTTA,2.0,2A,Agf33-m0,130520.0,05_20,1.0,6.428571429,Month_02,group2,NA,no,yes
33-0_05_21,1685.0,48.0,2116.0,1.0,7.0,0.0,4.0,0.0,0.0,0.0,0.0,0.0,3.0,0.0,0.0,6.0,0.0,0.0,23.0,73.0,33.0,1.0,0.0,TATGGTAATTGTGTGCCAGCMGCCGCGGTAA,ATTAGAWACCCBDGTAGTCCGGCTGACTGACT,TATTGCAGCAGC,1.0,12D,Agf33-m0,20521.0,05_21,7.0,53.14285714,Month_14,group2,NA,no,no
33-0_06_21,373.0,5.0,3569.0,1.0,3.0,0.0,0.0,0.0,0.0,0.0,0.0,0.0,1.0,0.0,1.0,0.0,0.0,0.0,2.0,5.0,25.0,15.0,0.0,TATGGTAATTGTGTGCCAGCMGCCGCGGTAA,ATTAGAWACCCBDGTAGTCCGGCTGACTGACT,ATAATTGCCGAG,3.0,9H,Agf33-m0,270521.0,06_21,8.0,64.57142857,Month_16,group2,NA,no,no
33-0_07_20,1154.0,7.0,2371.0,0.0,1.0,0.0,0.0,0.0,0.0,0.0,0.0,0.0,8.0,0.0,0.0,0.0,0.0,0.0,0.0,2.0,0.0,9.0,448.0,TATGGTAATTGTGTGCCAGCMGCCGCGGTAA,ATTAGAWACCCBDGTAGTCCGGCTGACTGACT,TCATGGCCTCCG,2.0,2E,Agf33-m0,720.0,07_20,2.0,14.57142857,Month_04,group2,NA,no,yes
33-0_09_20,292.0,0.0,3632.0,0.0,0.0,0.0,0.0,0.0,0.0,0.0,0.0,0.0,5.0,0.0,0.0,0.0,0.0,0.0,8.0,8.0,31.0,23.0,1.0,TATGGTAATTGTGTGCCAGCMGCCGCGGTAA,ATTAGAWACCCBDGTAGTCCGGCTGACTGACT,AGTGCAGGAGCC,3.0,10F,Agf33-m0,90920.0,09_20,3.0,24.42857143,Month_06,group2,NA,no,no
33-0_09_21,868.0,496.0,2478.0,2.0,11.0,0.0,9.0,0.0,0.0,0.0,0.0,0.0,0.0,0.0,0.0,42.0,0.0,0.0,8.0,66.0,0.0,20.0,0.0,TATGGTAATTGTGTGCCAGCMGCCGCGGTAA,ATTAGAWACCCBDGTAGTCCGGCTGACTGACT,GTCTCCTCCCTT,5.0,11G,Agf33-m0,50921.0,09_21,9.0,75.0,Month_18,group2,NA,no,no
33-0_11_20,427.0,26.0,3492.0,0.0,0.0,0.0,0.0,0.0,0.0,0.0,0.0,0.0,1.0,0.0,0.0,2.0,0.0,0.0,5.0,14.0,18.0,15.0,0.0,TATGGTAATTGTGTGCCAGCMGCCGCGGTAA,ATTAGAWACCCBDGTAGTCCGGCTGACTGACT,GTGCAACCAATC,4.0,1E,Agf33-m0,121120.0,11_20,4.0,32.57142857,Month_08,group2,NA,no,no
33-1_01_21,553.0,43.0,3204.0,0.0,25.0,0.0,0.0,0.0,0.0,0.0,0.0,0.0,1.0,0.0,0.0,2.0,0.0,0.0,31.0,37.0,84.0,20.0,0.0,TATGGTAATTGTGTGCCAGCMGCCGCGGTAA,ATTAGAWACCCBDGTAGTCCGGCTGACTGACT,GCGTGGTCATTA,5.0,10A,Agf33-m1,100121.0,01_21,5.0,41.0,Month_10,group2,17,yes,no
33-1_05_20,248.0,15.0,3177.0,0.0,10.0,0.0,0.0,0.0,0.0,0.0,0.0,0.0,0.0,0.0,0.0,0.0,0.0,0.0,5.0,0.0,252.0,10.0,283.0,TATGGTAATTGTGTGCCAGCMGCCGCGGTAA,ATTAGAWACCCBDGTAGTCCGGCTGACTGACT,GTCAGTATGGCT,4.0,12C,Agf33-m1,130520.0,05_20,1.0,6.428571429,Month_02,group2,17,yes,no
33-1_05_21,2433.0,65.0,1480.0,0.0,11.0,0.0,0.0,0.0,0.0,0.0,0.0,0.0,6.0,0.0,0.0,0.0,0.0,0.0,3.0,2.0,0.0,0.0,0.0,TATGGTAATTGTGTGCCAGCMGCCGCGGTAA,ATTAGAWACCCBDGTAGTCCGGCTGACTGACT,AGTATCATATAT,5.0,11H,Agf33-m1,20521.0,05_21,7.0,53.14285714,Month_14,group2,17,yes,no
33-1_06_21,682.0,19.0,3113.0,0.0,19.0,0.0,0.0,4.0,0.0,0.0,0.0,0.0,0.0,0.0,0.0,0.0,0.0,0.0,21.0,10.0,121.0,11.0,0.0,TATGGTAATTGTGTGCCAGCMGCCGCGGTAA,ATTAGAWACCCBDGTAGTCCGGCTGACTGACT,GTGCGGTTCACT,5.0,10D,Agf33-m1,270521.0,06_21,8.0,64.57142857,Month_16,group2,17,yes,no
33-1_07_20,411.0,0.0,3128.0,0.0,33.0,0.0,0.0,0.0,0.0,0.0,0.0,0.0,6.0,0.0,0.0,0.0,0.0,0.0,10.0,0.0,0.0,9.0,403.0,TATGGTAATTGTGTGCCAGCMGCCGCGGTAA,ATTAGAWACCCBDGTAGTCCGGCTGACTGACT,CAGTCTAGTACG,4.0,6F,Agf33-m1,720.0,07_20,2.0,14.57142857,Month_04,group2,17,yes,yes
33-1_11_20,1025.0,77.0,2715.0,0.0,23.0,0.0,0.0,0.0,0.0,0.0,0.0,0.0,3.0,0.0,0.0,0.0,0.0,0.0,6.0,3.0,138.0,10.0,0.0,TATGGTAATTGTGTGCCAGCMGCCGCGGTAA,ATTAGAWACCCBDGTAGTCCGGCTGACTGACT,GAGATACAGTTC,1.0,12C,Agf33-m1,121120.0,11_20,4.0,32.57142857,Month_08,group2,17,yes,no
33-2_01_21,856.0,29.0,3034.0,0.0,10.0,0.0,0.0,0.0,0.0,0.0,0.0,0.0,4.0,0.0,0.0,2.0,0.0,0.0,0.0,18.0,2.0,45.0,0.0,TATGGTAATTGTGTGCCAGCMGCCGCGGTAA,ATTAGAWACCCBDGTAGTCCGGCTGACTGACT,CGCCGTACTTGC,2.0,2H,Agf33-m2,100121.0,01_21,5.0,41.0,Month_10,group2,NA,no,no
33-2_03_21,1831.0,22.0,1963.0,0.0,36.0,0.0,3.0,0.0,0.0,0.0,0.0,0.0,13.0,0.0,0.0,1.0,0.0,0.0,15.0,48.0,51.0,17.0,0.0,TATGGTAATTGTGTGCCAGCMGCCGCGGTAA,ATTAGAWACCCBDGTAGTCCGGCTGACTGACT,ACTTGGTGTAAG,1.0,10E,Agf33-m2,40321.0,03_21,6.0,48.57142857,Month_12,group2,NA,no,no
33-2_05_20,176.0,21.0,3255.0,0.0,10.0,0.0,0.0,0.0,0.0,0.0,0.0,0.0,0.0,0.0,0.0,0.0,0.0,0.0,0.0,0.0,137.0,12.0,389.0,TATGGTAATTGTGTGCCAGCMGCCGCGGTAA,ATTAGAWACCCBDGTAGTCCGGCTGACTGACT,AACCACTAACCG,3.0,7A,Agf33-m2,130520.0,05_20,1.0,6.428571429,Month_02,group2,NA,no,no
33-2_05_21,2280.0,3.0,1632.0,2.0,18.0,3.0,0.0,0.0,0.0,0.0,0.0,0.0,12.0,0.0,0.0,7.0,0.0,0.0,0.0,11.0,26.0,3.0,3.0,TATGGTAATTGTGTGCCAGCMGCCGCGGTAA,ATTAGAWACCCBDGTAGTCCGGCTGACTGACT,ATATGTTCTCAA,2.0,1F,Agf33-m2,20521.0,05_21,7.0,53.14285714,Month_14,group2,NA,no,no
33-2_06_21,421.0,48.0,3433.0,0.0,0.0,2.0,3.0,3.0,0.0,0.0,0.0,0.0,2.0,0.0,0.0,5.0,0.0,0.0,12.0,27.0,12.0,32.0,0.0,TATGGTAATTGTGTGCCAGCMGCCGCGGTAA,ATTAGAWACCCBDGTAGTCCGGCTGACTGACT,GAGGCCTCGGGT,7.0,12G,Agf33-m2,270521.0,06_21,8.0,64.57142857,Month_16,group2,NA,no,no
33-2_07_20,685.0,28.0,2668.0,0.0,37.0,1.0,0.0,0.0,0.0,0.0,0.0,0.0,1.0,0.0,0.0,0.0,0.0,0.0,4.0,13.0,165.0,18.0,380.0,TATGGTAATTGTGTGCCAGCMGCCGCGGTAA,ATTAGAWACCCBDGTAGTCCGGCTGACTGACT,ACTAGTTGGACC,5.0,2B,Agf33-m2,720.0,07_20,2.0,14.57142857,Month_04,group2,NA,no,no
33-2_09_20,521.0,68.0,3201.0,0.0,25.0,0.0,10.0,0.0,0.0,0.0,0.0,0.0,3.0,0.0,0.0,16.0,0.0,2.0,3.0,47.0,51.0,42.0,11.0,TATGGTAATTGTGTGCCAGCMGCCGCGGTAA,ATTAGAWACCCBDGTAGTCCGGCTGACTGACT,GTAAATTCAGGC,6.0,2C,Agf33-m2,90920.0,09_20,3.0,24.42857143,Month_06,group2,NA,no,no
33-2_09_21,136.0,164.0,3570.0,0.0,0.0,1.0,9.0,0.0,0.0,0.0,0.0,0.0,0.0,0.0,0.0,13.0,0.0,0.0,0.0,56.0,0.0,51.0,0.0,TATGGTAATTGTGTGCCAGCMGCCGCGGTAA,ATTAGAWACCCBDGTAGTCCGGCTGACTGACT,AGAGGAGTCGAC,5.0,11F,Agf33-m2,50921.0,09_21,9.0,75.0,Month_18,group2,NA,no,no
34-0_01_21,1745.0,27.0,2130.0,0.0,4.0,0.0,1.0,0.0,0.0,0.0,0.0,0.0,8.0,0.0,0.0,0.0,0.0,0.0,0.0,0.0,0.0,13.0,72.0,TATGGTAATTGTGTGCCAGCMGCCGCGGTAA,ATTAGAWACCCBDGTAGTCCGGCTGACTGACT,GTTCATTAAACT,2.0,1B,Agf34-m0,100121.0,01_21,5.0,41.42857143,Month_10,group2,13,yes,no
34-0_03_21,689.0,10.0,3218.0,0.0,12.0,0.0,3.0,0.0,0.0,0.0,0.0,0.0,4.0,0.0,0.0,0.0,0.0,0.0,11.0,29.0,0.0,19.0,5.0,TATGGTAATTGTGTGCCAGCMGCCGCGGTAA,ATTAGAWACCCBDGTAGTCCGGCTGACTGACT,GTAGTAGACCAT,1.0,2E,Agf34-m0,40321.0,03_21,6.0,49.0,Month_12,group2,13,yes,no
34-0_05_20,238.0,26.0,3694.0,0.0,8.0,3.0,0.0,0.0,0.0,0.0,0.0,0.0,2.0,0.0,1.0,0.0,0.0,0.0,0.0,0.0,0.0,28.0,0.0,TATGGTAATTGTGTGCCAGCMGCCGCGGTAA,ATTAGAWACCCBDGTAGTCCGGCTGACTGACT,TCCATACCGGAA,1.0,2A,Agf34-m0,130520.0,05_20,1.0,6.857142857,Month_02,group2,13,yes,yes
34-0_07_20,410.0,69.0,3471.0,0.0,25.0,0.0,0.0,0.0,0.0,0.0,0.0,0.0,0.0,0.0,0.0,0.0,0.0,0.0,6.0,0.0,10.0,9.0,0.0,TATGGTAATTGTGTGCCAGCMGCCGCGGTAA,ATTAGAWACCCBDGTAGTCCGGCTGACTGACT,CTGCGGATATAC,5.0,2F,Agf34-m0,720.0,07_20,2.0,15.0,Month_04,group2,13,yes,yes
34-0_09_20,786.0,21.0,3024.0,0.0,34.0,0.0,0.0,0.0,0.0,0.0,0.0,0.0,0.0,0.0,2.0,2.0,0.0,0.0,1.0,27.0,49.0,9.0,45.0,TATGGTAATTGTGTGCCAGCMGCCGCGGTAA,ATTAGAWACCCBDGTAGTCCGGCTGACTGACT,GCATAAACGACT,2.0,5F,Agf34-m0,90920.0,09_20,3.0,24.85714286,Month_06,group2,13,yes,no
34-0_11_20,1054.0,9.0,2898.0,0.0,4.0,0.0,0.0,0.0,0.0,0.0,0.0,0.0,8.0,0.0,0.0,0.0,0.0,0.0,0.0,18.0,5.0,4.0,0.0,TATGGTAATTGTGTGCCAGCMGCCGCGGTAA,ATTAGAWACCCBDGTAGTCCGGCTGACTGACT,ACCTACTTGTCT,2.0,8A,Agf34-m0,121120.0,11_20,4.0,33.0,Month_08,group2,13,yes,no
34-1_01_21,177.0,6.0,3076.0,0.0,0.0,0.0,0.0,0.0,0.0,0.0,0.0,0.0,0.0,0.0,0.0,0.0,0.0,0.0,0.0,0.0,0.0,32.0,709.0,TATGGTAATTGTGTGCCAGCMGCCGCGGTAA,ATTAGAWACCCBDGTAGTCCGGCTGACTGACT,CCAGGACAGGAA,3.0,9A,Agf34-m1,100121.0,01_21,5.0,41.42857143,Month_10,group2,NA,no,no
34-1_03_21,618.0,13.0,3247.0,0.0,44.0,0.0,0.0,0.0,0.0,0.0,0.0,0.0,2.0,0.0,0.0,0.0,0.0,1.0,22.0,3.0,0.0,40.0,10.0,TATGGTAATTGTGTGCCAGCMGCCGCGGTAA,ATTAGAWACCCBDGTAGTCCGGCTGACTGACT,ACTTAGACTCTT,4.0,8H,Agf34-m1,40321.0,03_21,6.0,49.0,Month_12,group2,NA,no,no
34-1_05_21,591.0,30.0,3300.0,0.0,12.0,0.0,3.0,0.0,0.0,0.0,0.0,0.0,6.0,0.0,0.0,1.0,0.0,3.0,22.0,14.0,1.0,11.0,6.0,TATGGTAATTGTGTGCCAGCMGCCGCGGTAA,ATTAGAWACCCBDGTAGTCCGGCTGACTGACT,ATTTGCTTTGCC,6.0,3B,Agf34-m1,20521.0,05_21,7.0,53.57142857,Month_14,group2,NA,no,no
34-1_06_21,132.0,20.0,3801.0,0.0,16.0,0.0,0.0,0.0,0.0,0.0,0.0,0.0,4.0,0.0,0.0,0.0,0.0,0.0,1.0,0.0,15.0,9.0,2.0,TATGGTAATTGTGTGCCAGCMGCCGCGGTAA,ATTAGAWACCCBDGTAGTCCGGCTGACTGACT,TCGAGCCGATCT,3.0,9F,Agf34-m1,270521.0,06_21,8.0,65.0,Month_16,group2,NA,no,no
34-1_07_20,386.0,32.0,3539.0,0.0,27.0,0.0,0.0,0.0,0.0,0.0,0.0,0.0,3.0,0.0,0.0,0.0,0.0,0.0,0.0,0.0,10.0,3.0,0.0,TATGGTAATTGTGTGCCAGCMGCCGCGGTAA,ATTAGAWACCCBDGTAGTCCGGCTGACTGACT,TATCATATTACG,2.0,3A,Agf34-m1,720.0,07_20,2.0,15.0,Month_04,group2,NA,no,yes
34-1_09_21,1420.0,555.0,1986.0,2.0,18.0,4.0,0.0,0.0,0.0,0.0,0.0,0.0,4.0,0.0,0.0,0.0,0.0,0.0,1.0,0.0,5.0,0.0,5.0,TATGGTAATTGTGTGCCAGCMGCCGCGGTAA,ATTAGAWACCCBDGTAGTCCGGCTGACTGACT,AACTCAATAGCG,2.0,12F,Agf34-m1,50921.0,09_21,9.0,75.42857143,Month_18,group2,NA,no,no
35-0_03_21,191.0,20.0,3650.0,0.0,0.0,0.0,0.0,0.0,0.0,0.0,0.0,0.0,0.0,0.0,0.0,0.0,0.0,0.0,8.0,99.0,0.0,29.0,3.0,TATGGTAATTGTGTGCCAGCMGCCGCGGTAA,ATTAGAWACCCBDGTAGTCCGGCTGACTGACT,GTTCGGTGTCCA,6.0,1A,Agf35-m0,40321.0,03_21,6.0,49.0,Month_12,group2,NA,no,no
35-0_06_21,928.0,21.0,2874.0,0.0,30.0,0.0,1.0,0.0,0.0,0.0,0.0,0.0,6.0,0.0,0.0,6.0,0.0,0.0,29.0,71.0,19.0,8.0,7.0,TATGGTAATTGTGTGCCAGCMGCCGCGGTAA,ATTAGAWACCCBDGTAGTCCGGCTGACTGACT,TGGTTTCGAAGA,7.0,4D,Agf35-m0,270521.0,06_21,8.0,65.0,Month_16,group2,NA,no,no
35-0_07_20,474.0,117.0,3365.0,0.0,17.0,0.0,0.0,0.0,0.0,0.0,0.0,0.0,4.0,0.0,0.0,0.0,0.0,0.0,5.0,4.0,4.0,2.0,8.0,TATGGTAATTGTGTGCCAGCMGCCGCGGTAA,ATTAGAWACCCBDGTAGTCCGGCTGACTGACT,TCAGTCAGATGA,5.0,6E,Agf35-m0,720.0,07_20,2.0,15.0,Month_04,group2,NA,no,yes
35-0_09_20,763.0,34.0,3168.0,0.0,3.0,0.0,0.0,0.0,0.0,0.0,0.0,0.0,0.0,0.0,0.0,0.0,0.0,3.0,10.0,0.0,0.0,12.0,7.0,TATGGTAATTGTGTGCCAGCMGCCGCGGTAA,ATTAGAWACCCBDGTAGTCCGGCTGACTGACT,GCCGCCAGGGTC,3.0,5H,Agf35-m0,90920.0,09_20,3.0,24.85714286,Month_06,group2,NA,no,no
35-0_09_21,410.0,231.0,3260.0,0.0,19.0,0.0,1.0,0.0,0.0,0.0,0.0,0.0,1.0,0.0,0.0,29.0,0.0,0.0,9.0,30.0,3.0,6.0,1.0,TATGGTAATTGTGTGCCAGCMGCCGCGGTAA,ATTAGAWACCCBDGTAGTCCGGCTGACTGACT,CGCAGATTAGTA,6.0,9C,Agf35-m0,50921.0,09_21,9.0,75.42857143,Month_18,group2,NA,no,no
35-0_11_20,201.0,7.0,3728.0,0.0,10.0,0.0,4.0,0.0,0.0,0.0,0.0,0.0,1.0,0.0,0.0,1.0,0.0,0.0,10.0,15.0,0.0,21.0,2.0,TATGGTAATTGTGTGCCAGCMGCCGCGGTAA,ATTAGAWACCCBDGTAGTCCGGCTGACTGACT,TCTACATACATA,4.0,4F,Agf35-m0,121120.0,11_20,4.0,33.0,Month_08,group2,NA,no,no
35-1_01_21,338.0,25.0,3561.0,0.0,0.0,0.0,11.0,0.0,0.0,0.0,0.0,0.0,4.0,0.0,0.0,6.0,0.0,0.0,4.0,22.0,0.0,26.0,3.0,TATGGTAATTGTGTGCCAGCMGCCGCGGTAA,ATTAGAWACCCBDGTAGTCCGGCTGACTGACT,AGGAACCAGACG,6.0,7B,Agf35-m1,100121.0,01_21,5.0,41.42857143,Month_10,group2,NA,no,no
35-1_03_21,1255.0,1.0,2680.0,0.0,7.0,0.0,0.0,0.0,0.0,0.0,0.0,0.0,25.0,0.0,0.0,0.0,0.0,0.0,3.0,1.0,0.0,6.0,22.0,TATGGTAATTGTGTGCCAGCMGCCGCGGTAA,ATTAGAWACCCBDGTAGTCCGGCTGACTGACT,GTGGGACTGCGC,4.0,6G,Agf35-m1,40321.0,03_21,6.0,49.0,Month_12,group2,NA,no,no
35-1_05_20,470.0,23.0,3497.0,0.0,4.0,0.0,0.0,0.0,0.0,0.0,0.0,0.0,0.0,0.0,0.0,0.0,0.0,0.0,0.0,0.0,0.0,6.0,0.0,TATGGTAATTGTGTGCCAGCMGCCGCGGTAA,ATTAGAWACCCBDGTAGTCCGGCTGACTGACT,TGACGAGGGCTG,6.0,7G,Agf35-m1,130520.0,05_20,1.0,6.857142857,Month_02,group2,NA,no,yes
35-1_06_21,431.0,0.0,3526.0,0.0,2.0,0.0,0.0,0.0,0.0,0.0,0.0,0.0,5.0,0.0,0.0,0.0,0.0,4.0,4.0,0.0,1.0,13.0,14.0,TATGGTAATTGTGTGCCAGCMGCCGCGGTAA,ATTAGAWACCCBDGTAGTCCGGCTGACTGACT,GTTGCTGAGTCC,3.0,10G,Agf35-m1,270521.0,06_21,8.0,65.0,Month_16,group2,NA,no,no
35-1_07_20,161.0,14.0,3557.0,0.0,1.0,0.0,0.0,0.0,0.0,0.0,0.0,0.0,0.0,0.0,0.0,0.0,0.0,0.0,0.0,0.0,3.0,14.0,250.0,TATGGTAATTGTGTGCCAGCMGCCGCGGTAA,ATTAGAWACCCBDGTAGTCCGGCTGACTGACT,GCGAGGAAGTCC,3.0,3A,Agf35-m1,720.0,07_20,2.0,15.0,Month_04,group2,NA,no,no
35-1_09_20,1595.0,4.0,1923.0,0.0,8.0,0.0,0.0,0.0,0.0,0.0,0.0,0.0,11.0,0.0,0.0,0.0,0.0,0.0,4.0,0.0,0.0,3.0,452.0,TATGGTAATTGTGTGCCAGCMGCCGCGGTAA,ATTAGAWACCCBDGTAGTCCGGCTGACTGACT,ATAGGAATAACC,3.0,12F,Agf35-m1,90920.0,09_20,3.0,24.85714286,Month_06,group2,NA,no,no
35-1_09_21,324.0,64.0,3568.0,0.0,5.0,3.0,0.0,0.0,0.0,0.0,0.0,0.0,2.0,0.0,0.0,0.0,0.0,0.0,0.0,0.0,18.0,11.0,5.0,TATGGTAATTGTGTGCCAGCMGCCGCGGTAA,ATTAGAWACCCBDGTAGTCCGGCTGACTGACT,TAATCCATAATC,2.0,11B,Agf35-m1,50921.0,09_21,9.0,75.42857143,Month_18,group2,NA,no,no
35-2_01_21,1305.0,111.0,2487.0,0.0,21.0,0.0,0.0,0.0,0.0,0.0,0.0,0.0,22.0,0.0,0.0,2.0,0.0,5.0,9.0,17.0,0.0,19.0,2.0,TATGGTAATTGTGTGCCAGCMGCCGCGGTAA,ATTAGAWACCCBDGTAGTCCGGCTGACTGACT,GAAATCTTGAAG,1.0,11C,Agf35-m2,100121.0,01_21,5.0,41.42857143,Month_10,group2,12,yes,no
35-2_03_21,874.0,0.0,2988.0,0.0,10.0,0.0,0.0,0.0,0.0,0.0,0.0,0.0,5.0,0.0,0.0,0.0,0.0,1.0,9.0,14.0,0.0,11.0,88.0,TATGGTAATTGTGTGCCAGCMGCCGCGGTAA,ATTAGAWACCCBDGTAGTCCGGCTGACTGACT,GTCACTCCGAAC,2.0,5E,Agf35-m2,40321.0,03_21,6.0,49.0,Month_12,group2,12,yes,no
35-2_07_20,218.0,44.0,3552.0,0.0,11.0,0.0,0.0,0.0,0.0,0.0,0.0,0.0,0.0,0.0,0.0,2.0,0.0,0.0,0.0,2.0,0.0,26.0,145.0,TATGGTAATTGTGTGCCAGCMGCCGCGGTAA,ATTAGAWACCCBDGTAGTCCGGCTGACTGACT,GGACAAGTGCGA,3.0,3B,Agf35-m2,720.0,07_20,2.0,15.0,Month_04,group2,12,yes,yes
35-2_09_20,373.0,23.0,3578.0,0.0,4.0,0.0,0.0,0.0,0.0,0.0,0.0,0.0,6.0,0.0,0.0,0.0,0.0,4.0,0.0,0.0,0.0,7.0,5.0,TATGGTAATTGTGTGCCAGCMGCCGCGGTAA,ATTAGAWACCCBDGTAGTCCGGCTGACTGACT,TTGCCGCTCTGG,3.0,9B,Agf35-m2,90920.0,09_20,3.0,24.85714286,Month_06,group2,12,yes,no
35-2_11_20,368.0,29.0,3539.0,0.0,3.0,0.0,2.0,0.0,0.0,0.0,0.0,0.0,0.0,0.0,0.0,9.0,0.0,0.0,3.0,30.0,0.0,15.0,2.0,TATGGTAATTGTGTGCCAGCMGCCGCGGTAA,ATTAGAWACCCBDGTAGTCCGGCTGACTGACT,GCACGCGAGCAC,5.0,9G,Agf35-m2,121120.0,11_20,4.0,33.0,Month_08,group2,12,yes,no
36-0_01_21,528.0,16.0,3357.0,0.0,3.0,0.0,0.0,0.0,0.0,0.0,0.0,0.0,0.0,0.0,0.0,0.0,0.0,0.0,8.0,49.0,31.0,8.0,0.0,TATGGTAATTGTGTGCCAGCMGCCGCGGTAA,ATTAGAWACCCBDGTAGTCCGGCTGACTGACT,ACGTGAGGAACG,1.0,6B,Agf36-m0,100121.0,01_21,5.0,41.0,Month_10,group2,NA,no,no
36-0_03_21,711.0,1.0,3100.0,0.0,17.0,0.0,5.0,0.0,0.0,0.0,0.0,0.0,1.0,0.0,0.0,0.0,0.0,3.0,18.0,38.0,96.0,10.0,0.0,TATGGTAATTGTGTGCCAGCMGCCGCGGTAA,ATTAGAWACCCBDGTAGTCCGGCTGACTGACT,TGGCGCACGGAC,4.0,4G,Agf36-m0,40321.0,03_21,6.0,48.57142857,Month_12,group2,NA,no,no
36-0_05_20,708.0,0.0,2692.0,0.0,6.0,0.0,0.0,0.0,0.0,0.0,0.0,0.0,1.0,0.0,0.0,0.0,0.0,0.0,0.0,0.0,0.0,1.0,592.0,TATGGTAATTGTGTGCCAGCMGCCGCGGTAA,ATTAGAWACCCBDGTAGTCCGGCTGACTGACT,AACGGGCGACGT,5.0,4F,Agf36-m0,130520.0,05_20,1.0,6.428571429,Month_02,group2,NA,no,no
36-0_05_21,406.0,5.0,3463.0,0.0,12.0,0.0,0.0,0.0,0.0,0.0,0.0,0.0,3.0,0.0,0.0,0.0,0.0,0.0,7.0,52.0,36.0,14.0,2.0,TATGGTAATTGTGTGCCAGCMGCCGCGGTAA,ATTAGAWACCCBDGTAGTCCGGCTGACTGACT,ACCTTACACCTT,1.0,2D,Agf36-m0,20521.0,05_21,7.0,53.14285714,Month_14,group2,NA,no,no
36-0_09_20,2131.0,11.0,1765.0,0.0,22.0,0.0,3.0,0.0,0.0,0.0,0.0,0.0,22.0,0.0,0.0,0.0,0.0,0.0,17.0,6.0,10.0,13.0,0.0,TATGGTAATTGTGTGCCAGCMGCCGCGGTAA,ATTAGAWACCCBDGTAGTCCGGCTGACTGACT,CCGCATGACCTA,7.0,2C,Agf36-m0,90920.0,09_20,3.0,24.42857143,Month_06,group2,NA,no,no
36-0_09_21,182.0,152.0,3573.0,0.0,0.0,6.0,0.0,0.0,0.0,0.0,0.0,0.0,0.0,0.0,0.0,45.0,0.0,0.0,0.0,12.0,0.0,30.0,0.0,TATGGTAATTGTGTGCCAGCMGCCGCGGTAA,ATTAGAWACCCBDGTAGTCCGGCTGACTGACT,CGCACGTACCTC,4.0,11D,Agf36-m0,50921.0,09_21,9.0,75.0,Month_18,group2,NA,no,no
36-1_01_21,507.0,56.0,3220.0,0.0,17.0,2.0,6.0,0.0,0.0,0.0,0.0,0.0,3.0,0.0,0.0,7.0,0.0,0.0,43.0,91.0,40.0,8.0,0.0,TATGGTAATTGTGTGCCAGCMGCCGCGGTAA,ATTAGAWACCCBDGTAGTCCGGCTGACTGACT,CTCTATTCCACC,6.0,12C,Agf36-m1,100121.0,01_21,5.0,41.0,Month_10,group2,NA,no,no
36-1_03_21,1023.0,2.0,2777.0,0.0,30.0,0.0,1.0,0.0,0.0,0.0,0.0,0.0,25.0,0.0,0.0,0.0,0.0,0.0,22.0,15.0,85.0,19.0,1.0,TATGGTAATTGTGTGCCAGCMGCCGCGGTAA,ATTAGAWACCCBDGTAGTCCGGCTGACTGACT,CCACCGGGCCGA,4.0,10G,Agf36-m1,40321.0,03_21,6.0,48.57142857,Month_12,group2,NA,no,no
36-1_05_20,856.0,2.0,2559.0,0.0,0.0,0.0,0.0,0.0,0.0,0.0,0.0,0.0,8.0,0.0,0.0,0.0,0.0,0.0,2.0,0.0,0.0,34.0,539.0,TATGGTAATTGTGTGCCAGCMGCCGCGGTAA,ATTAGAWACCCBDGTAGTCCGGCTGACTGACT,CGATTCCTTAAT,4.0,11F,Agf36-m1,130520.0,05_20,1.0,6.428571429,Month_02,group2,NA,no,no
36-1_06_21,799.0,3.0,3062.0,0.0,8.0,0.0,0.0,0.0,0.0,0.0,0.0,0.0,7.0,0.0,0.0,5.0,0.0,0.0,9.0,27.0,75.0,2.0,3.0,TATGGTAATTGTGTGCCAGCMGCCGCGGTAA,ATTAGAWACCCBDGTAGTCCGGCTGACTGACT,CTTGCTCATAAT,2.0,7G,Agf36-m1,270521.0,06_21,8.0,64.57142857,Month_16,group2,NA,no,no
36-1_09_20,579.0,10.0,3293.0,0.0,23.0,0.0,0.0,0.0,0.0,0.0,0.0,0.0,0.0,0.0,0.0,0.0,0.0,0.0,0.0,4.0,51.0,40.0,0.0,TATGGTAATTGTGTGCCAGCMGCCGCGGTAA,ATTAGAWACCCBDGTAGTCCGGCTGACTGACT,GTCCGTCCTGGT,2.0,9F,Agf36-m1,90920.0,09_20,3.0,24.42857143,Month_06,group2,NA,no,no
36-1_09_21,145.0,190.0,3603.0,1.0,0.0,2.0,6.0,0.0,0.0,0.0,0.0,0.0,0.0,0.0,0.0,9.0,0.0,0.0,0.0,5.0,8.0,30.0,1.0,TATGGTAATTGTGTGCCAGCMGCCGCGGTAA,ATTAGAWACCCBDGTAGTCCGGCTGACTGACT,CAAACCTATGGC,3.0,12E,Agf36-m1,50921.0,09_21,9.0,75.0,Month_18,group2,NA,no,no
36-1_11_20,834.0,8.0,2799.0,0.0,73.0,0.0,11.0,0.0,0.0,0.0,0.0,0.0,6.0,0.0,0.0,1.0,0.0,0.0,11.0,35.0,215.0,4.0,3.0,TATGGTAATTGTGTGCCAGCMGCCGCGGTAA,ATTAGAWACCCBDGTAGTCCGGCTGACTGACT,ATTATGATTATG,3.0,6G,Agf36-m1,121120.0,11_20,4.0,32.57142857,Month_08,group2,NA,no,no
36-2_03_21,1380.0,36.0,2375.0,5.0,20.0,1.0,3.0,0.0,0.0,0.0,0.0,0.0,29.0,0.0,0.0,0.0,0.0,0.0,3.0,30.0,106.0,9.0,3.0,TATGGTAATTGTGTGCCAGCMGCCGCGGTAA,ATTAGAWACCCBDGTAGTCCGGCTGACTGACT,AATTCACCTCCT,1.0,12A,Agf36-m2,40321.0,03_21,6.0,48.57142857,Month_12,group2,17,yes,no
36-2_05_20,287.0,15.0,3060.0,0.0,23.0,0.0,0.0,0.0,0.0,0.0,0.0,0.0,2.0,0.0,0.0,0.0,0.0,0.0,7.0,0.0,219.0,5.0,382.0,TATGGTAATTGTGTGCCAGCMGCCGCGGTAA,ATTAGAWACCCBDGTAGTCCGGCTGACTGACT,GTCCTCGCGACT,4.0,12D,Agf36-m2,130520.0,05_20,1.0,6.428571429,Month_02,group2,17,yes,no
36-2_05_21,398.0,12.0,3478.0,0.0,11.0,0.0,1.0,0.0,0.0,0.0,0.0,0.0,7.0,0.0,0.0,2.0,0.0,0.0,20.0,19.0,46.0,6.0,0.0,TATGGTAATTGTGTGCCAGCMGCCGCGGTAA,ATTAGAWACCCBDGTAGTCCGGCTGACTGACT,TGCCTGCTCGAC,4.0,12F,Agf36-m2,20521.0,05_21,7.0,53.14285714,Month_14,group2,17,yes,no
36-2_06_21,1056.0,3.0,2783.0,3.0,17.0,0.0,0.0,2.0,0.0,0.0,0.0,0.0,15.0,0.0,0.0,4.0,0.0,0.0,7.0,26.0,80.0,4.0,0.0,TATGGTAATTGTGTGCCAGCMGCCGCGGTAA,ATTAGAWACCCBDGTAGTCCGGCTGACTGACT,GTTTATCTTAAG,4.0,6E,Agf36-m2,270521.0,06_21,8.0,64.57142857,Month_16,group2,17,yes,no
36-2_07_20,1418.0,0.0,2322.0,0.0,16.0,0.0,0.0,0.0,0.0,0.0,0.0,0.0,13.0,0.0,0.0,0.0,0.0,4.0,2.0,4.0,139.0,14.0,68.0,TATGGTAATTGTGTGCCAGCMGCCGCGGTAA,ATTAGAWACCCBDGTAGTCCGGCTGACTGACT,CCACAACGATCA,3.0,9C,Agf36-m2,720.0,07_20,2.0,14.57142857,Month_04,group2,17,yes,yes
36-2_09_20,948.0,47.0,2888.0,0.0,10.0,3.0,0.0,0.0,0.0,0.0,0.0,0.0,3.0,0.0,0.0,2.0,0.0,1.0,10.0,26.0,42.0,19.0,1.0,TATGGTAATTGTGTGCCAGCMGCCGCGGTAA,ATTAGAWACCCBDGTAGTCCGGCTGACTGACT,CATTTGACGACG,3.0,1F,Agf36-m2,90920.0,09_20,3.0,24.42857143,Month_06,group2,17,yes,no
36-2_11_20,861.0,11.0,3027.0,2.0,12.0,0.0,4.0,0.0,0.0,0.0,0.0,0.0,6.0,0.0,0.0,0.0,0.0,0.0,2.0,16.0,52.0,7.0,0.0,TATGGTAATTGTGTGCCAGCMGCCGCGGTAA,ATTAGAWACCCBDGTAGTCCGGCTGACTGACT,CGTTCGCTAGCC,4.0,12E,Agf36-m2,121120.0,11_20,4.0,32.57142857,Month_08,group2,17,yes,no
37-0_09_20,2172.0,21.0,1738.0,0.0,8.0,0.0,0.0,0.0,0.0,0.0,0.0,0.0,26.0,0.0,0.0,0.0,0.0,0.0,5.0,2.0,21.0,3.0,4.0,TATGGTAATTGTGTGCCAGCMGCCGCGGTAA,ATTAGAWACCCBDGTAGTCCGGCTGACTGACT,CTCCACATTCCT,5.0,5F,Agf37-m0,90920.0,09_20,3.0,24.42857143,Month_06,group2,10,yes,no
37-1_01_21,1260.0,30.0,2529.0,0.0,10.0,0.0,0.0,0.0,0.0,0.0,0.0,0.0,11.0,0.0,0.0,0.0,0.0,2.0,21.0,77.0,53.0,6.0,1.0,TATGGTAATTGTGTGCCAGCMGCCGCGGTAA,ATTAGAWACCCBDGTAGTCCGGCTGACTGACT,TATGGGTAGCTA,5.0,8H,Agf37-m1,100121.0,01_21,5.0,41.0,Month_10,group2,NA,no,no
37-1_05_21,1129.0,6.0,2689.0,0.0,27.0,0.0,5.0,0.0,0.0,0.0,0.0,0.0,2.0,0.0,1.0,0.0,0.0,0.0,5.0,37.0,0.0,17.0,82.0,TATGGTAATTGTGTGCCAGCMGCCGCGGTAA,ATTAGAWACCCBDGTAGTCCGGCTGACTGACT,TGTGCACGCCAT,1.0,1F,Agf37-m1,20521.0,05_21,7.0,53.14285714,Month_14,group2,NA,no,no
37-1_06_21,427.0,14.0,3492.0,0.0,2.0,0.0,0.0,0.0,0.0,0.0,0.0,0.0,2.0,0.0,0.0,0.0,0.0,1.0,8.0,23.0,3.0,25.0,3.0,TATGGTAATTGTGTGCCAGCMGCCGCGGTAA,ATTAGAWACCCBDGTAGTCCGGCTGACTGACT,GGTGTGAGAAAG,6.0,4F,Agf37-m1,270521.0,06_21,8.0,64.57142857,Month_16,group2,NA,no,no
37-2_01_21,375.0,10.0,3418.0,0.0,5.0,0.0,0.0,0.0,0.0,0.0,0.0,0.0,2.0,0.0,0.0,0.0,0.0,0.0,0.0,16.0,76.0,21.0,77.0,TATGGTAATTGTGTGCCAGCMGCCGCGGTAA,ATTAGAWACCCBDGTAGTCCGGCTGACTGACT,CCAACCCAGATC,2.0,4H,Agf37-m2,100121.0,01_21,5.0,41.0,Month_10,group2,13,yes,no
37-2_03_21,1771.0,12.0,1988.0,0.0,34.0,0.0,0.0,0.0,0.0,0.0,0.0,0.0,15.0,0.0,0.0,0.0,0.0,4.0,32.0,91.0,53.0,0.0,0.0,TATGGTAATTGTGTGCCAGCMGCCGCGGTAA,ATTAGAWACCCBDGTAGTCCGGCTGACTGACT,ACTCGCTCGCTG,1.0,3B,Agf37-m2,40321.0,03_21,6.0,48.57142857,Month_12,group2,13,yes,no
37-2_05_20,318.0,13.0,3083.0,0.0,26.0,0.0,0.0,0.0,0.0,0.0,0.0,0.0,4.0,0.0,0.0,0.0,0.0,0.0,0.0,0.0,375.0,9.0,172.0,TATGGTAATTGTGTGCCAGCMGCCGCGGTAA,ATTAGAWACCCBDGTAGTCCGGCTGACTGACT,GCTGCGTATACC,3.0,1G,Agf37-m2,130520.0,05_20,1.0,6.428571429,Month_02,group2,13,yes,no
37-2_07_20,303.0,21.0,2983.0,2.0,14.0,0.0,0.0,0.0,0.0,0.0,0.0,0.0,3.0,0.0,0.0,0.0,0.0,0.0,3.0,7.0,150.0,8.0,506.0,TATGGTAATTGTGTGCCAGCMGCCGCGGTAA,ATTAGAWACCCBDGTAGTCCGGCTGACTGACT,GTTGACCATCGC,6.0,7C,Agf37-m2,720.0,07_20,2.0,14.57142857,Month_04,group2,13,yes,yes
37-2_11_20,1339.0,5.0,2514.0,0.0,27.0,1.0,0.0,0.0,0.0,0.0,0.0,0.0,9.0,0.0,0.0,0.0,0.0,0.0,14.0,17.0,73.0,1.0,0.0,TATGGTAATTGTGTGCCAGCMGCCGCGGTAA,ATTAGAWACCCBDGTAGTCCGGCTGACTGACT,CCACGAGCAGGC,2.0,2G,Agf37-m2,121120.0,11_20,4.0,32.57142857,Month_08,group2,13,yes,no
38-0_07_20,978.0,5.0,3002.0,0.0,1.0,0.0,0.0,0.0,0.0,0.0,0.0,0.0,6.0,0.0,0.0,0.0,0.0,3.0,2.0,0.0,0.0,2.0,1.0,TATGGTAATTGTGTGCCAGCMGCCGCGGTAA,ATTAGAWACCCBDGTAGTCCGGCTGACTGACT,TATGCCAGAGAT,1.0,4C,Agf38-m0,720.0,07_20,2.0,14.57142857,Month_04,group2,12,yes,no
38-0_11_20,125.0,17.0,3797.0,0.0,0.0,0.0,0.0,0.0,0.0,0.0,0.0,0.0,0.0,0.0,0.0,6.0,0.0,0.0,0.0,21.0,0.0,30.0,4.0,TATGGTAATTGTGTGCCAGCMGCCGCGGTAA,ATTAGAWACCCBDGTAGTCCGGCTGACTGACT,GAGGCGCCATAG,7.0,9C,Agf38-m0,121120.0,11_20,4.0,32.57142857,Month_08,group2,12,yes,no
38-1_03_21,1378.0,2.0,2393.0,0.0,2.0,0.0,0.0,0.0,0.0,0.0,0.0,0.0,11.0,0.0,0.0,0.0,0.0,1.0,2.0,16.0,26.0,6.0,163.0,TATGGTAATTGTGTGCCAGCMGCCGCGGTAA,ATTAGAWACCCBDGTAGTCCGGCTGACTGACT,TCTAACGAGTGC,4.0,9B,Agf38-m1,40321.0,03_21,6.0,48.57142857,Month_12,group2,NA,no,no
38-1_05_20,632.0,96.0,2894.0,0.0,44.0,0.0,0.0,0.0,0.0,0.0,0.0,0.0,0.0,0.0,0.0,0.0,0.0,0.0,8.0,0.0,115.0,0.0,211.0,TATGGTAATTGTGTGCCAGCMGCCGCGGTAA,ATTAGAWACCCBDGTAGTCCGGCTGACTGACT,ACACGCGGTTTA,6.0,10E,Agf38-m1,130520.0,05_20,1.0,6.428571429,Month_02,group2,NA,no,no
38-1_05_21,1057.0,5.0,2893.0,0.0,0.0,0.0,2.0,0.0,0.0,0.0,0.0,0.0,8.0,0.0,0.0,0.0,0.0,0.0,5.0,21.0,0.0,6.0,3.0,TATGGTAATTGTGTGCCAGCMGCCGCGGTAA,ATTAGAWACCCBDGTAGTCCGGCTGACTGACT,TGCGCGCCTTCC,5.0,3E,Agf38-m1,20521.0,05_21,7.0,53.14285714,Month_14,group2,NA,no,no
38-1_06_21,417.0,6.0,3503.0,0.0,0.0,0.0,0.0,5.0,0.0,0.0,0.0,0.0,0.0,0.0,0.0,0.0,0.0,0.0,4.0,24.0,0.0,41.0,0.0,TATGGTAATTGTGTGCCAGCMGCCGCGGTAA,ATTAGAWACCCBDGTAGTCCGGCTGACTGACT,AATCCGGTCACC,4.0,11G,Agf38-m1,270521.0,06_21,8.0,64.57142857,Month_16,group2,NA,no,no
38-1_07_20,1691.0,18.0,2095.0,1.0,74.0,1.0,0.0,0.0,0.0,0.0,0.0,0.0,8.0,0.0,0.0,0.0,0.0,2.0,13.0,15.0,74.0,2.0,6.0,TATGGTAATTGTGTGCCAGCMGCCGCGGTAA,ATTAGAWACCCBDGTAGTCCGGCTGACTGACT,TTGAACAAGCCA,2.0,12E,Agf38-m1,720.0,07_20,2.0,14.57142857,Month_04,group2,NA,no,no
38-1_09_21,191.0,201.0,3553.0,0.0,4.0,2.0,0.0,0.0,0.0,0.0,0.0,0.0,0.0,0.0,0.0,2.0,0.0,0.0,0.0,14.0,0.0,30.0,3.0,TATGGTAATTGTGTGCCAGCMGCCGCGGTAA,ATTAGAWACCCBDGTAGTCCGGCTGACTGACT,TCATCTTGATTG,4.0,12B,Agf38-m1,50921.0,09_21,9.0,75.0,Month_18,group2,NA,no,no
38-1_11_20,1885.0,16.0,1947.0,0.0,41.0,0.0,0.0,0.0,0.0,0.0,0.0,0.0,17.0,0.0,0.0,0.0,0.0,6.0,21.0,8.0,56.0,2.0,1.0,TATGGTAATTGTGTGCCAGCMGCCGCGGTAA,ATTAGAWACCCBDGTAGTCCGGCTGACTGACT,TACGGTCTGGAT,3.0,4B,Agf38-m1,121120.0,11_20,4.0,32.57142857,Month_08,group2,NA,no,no
38-2_03_21,1464.0,32.0,2379.0,0.0,0.0,0.0,0.0,0.0,2.0,0.0,0.0,0.0,48.0,0.0,0.0,0.0,0.0,0.0,31.0,22.0,22.0,0.0,0.0,TATGGTAATTGTGTGCCAGCMGCCGCGGTAA,ATTAGAWACCCBDGTAGTCCGGCTGACTGACT,TACTGAGCCTCG,5.0,4G,Agf38-m2,40321.0,03_21,6.0,48.57142857,Month_12,group2,NA,no,no
38-2_05_20,499.0,53.0,3097.0,0.0,38.0,1.0,0.0,0.0,0.0,0.0,0.0,0.0,0.0,0.0,0.0,0.0,0.0,0.0,13.0,0.0,195.0,2.0,102.0,TATGGTAATTGTGTGCCAGCMGCCGCGGTAA,ATTAGAWACCCBDGTAGTCCGGCTGACTGACT,AGATTCGCTCGA,3.0,8B,Agf38-m2,130520.0,05_20,1.0,6.428571429,Month_02,group2,NA,no,yes
38-2_05_21,2430.0,2.0,1533.0,0.0,4.0,0.0,5.0,0.0,0.0,0.0,0.0,0.0,9.0,0.0,0.0,0.0,0.0,0.0,0.0,13.0,0.0,4.0,0.0,TATGGTAATTGTGTGCCAGCMGCCGCGGTAA,ATTAGAWACCCBDGTAGTCCGGCTGACTGACT,AATAGATGCTGA,5.0,12G,Agf38-m2,20521.0,05_21,7.0,53.14285714,Month_14,group2,NA,no,no
38-2_06_21,670.0,31.0,3224.0,1.0,0.0,0.0,5.0,9.0,0.0,0.0,0.0,0.0,3.0,0.0,0.0,0.0,0.0,0.0,11.0,14.0,0.0,31.0,1.0,TATGGTAATTGTGTGCCAGCMGCCGCGGTAA,ATTAGAWACCCBDGTAGTCCGGCTGACTGACT,TCATTAGCGTGG,2.0,1H,Agf38-m2,270521.0,06_21,8.0,64.57142857,Month_16,group2,NA,no,no
38-2_07_20,158.0,7.0,3721.0,0.0,40.0,0.0,0.0,2.0,0.0,0.0,0.0,0.0,0.0,0.0,0.0,0.0,0.0,0.0,2.0,9.0,58.0,3.0,0.0,TATGGTAATTGTGTGCCAGCMGCCGCGGTAA,ATTAGAWACCCBDGTAGTCCGGCTGACTGACT,AGTTGTAGTCCG,3.0,4E,Agf38-m2,720.0,07_20,2.0,14.57142857,Month_04,group2,NA,no,yes
38-2_09_20,2239.0,16.0,1478.0,0.0,154.0,0.0,1.0,0.0,0.0,0.0,0.0,0.0,13.0,0.0,0.0,0.0,0.0,0.0,14.0,21.0,60.0,1.0,3.0,TATGGTAATTGTGTGCCAGCMGCCGCGGTAA,ATTAGAWACCCBDGTAGTCCGGCTGACTGACT,CGCGCAAGTATT,3.0,1B,Agf38-m2,90920.0,09_20,3.0,24.42857143,Month_06,group2,NA,no,no
38-2_09_21,835.0,88.0,3006.0,0.0,4.0,3.0,0.0,0.0,0.0,0.0,0.0,0.0,0.0,0.0,0.0,7.0,0.0,0.0,0.0,47.0,0.0,8.0,2.0,TATGGTAATTGTGTGCCAGCMGCCGCGGTAA,ATTAGAWACCCBDGTAGTCCGGCTGACTGACT,AGCGGTAGCGGT,4.0,11C,Agf38-m2,50921.0,09_21,9.0,75.0,Month_18,group2,NA,no,no
38-2_11_20,496.0,15.0,3337.0,0.0,8.0,0.0,0.0,0.0,0.0,0.0,0.0,0.0,0.0,0.0,0.0,0.0,0.0,0.0,6.0,6.0,126.0,5.0,1.0,TATGGTAATTGTGTGCCAGCMGCCGCGGTAA,ATTAGAWACCCBDGTAGTCCGGCTGACTGACT,CCATGTGGCTCC,4.0,8C,Agf38-m2,121120.0,11_20,4.0,32.57142857,Month_08,group2,NA,no,no
39-0_03_21,2424.0,18.0,1457.0,0.0,12.0,2.0,3.0,0.0,0.0,0.0,0.0,0.0,20.0,0.0,0.0,0.0,0.0,5.0,6.0,0.0,52.0,0.0,1.0,TATGGTAATTGTGTGCCAGCMGCCGCGGTAA,ATTAGAWACCCBDGTAGTCCGGCTGACTGACT,CTCATATGCTAT,6.0,9D,Agf39-m0,40321.0,03_21,6.0,48.57142857,Month_12,group2,NA,no,no
39-0_06_21,2050.0,7.0,1889.0,1.0,0.0,0.0,0.0,0.0,0.0,0.0,0.0,0.0,13.0,0.0,0.0,0.0,0.0,1.0,6.0,2.0,24.0,4.0,3.0,TATGGTAATTGTGTGCCAGCMGCCGCGGTAA,ATTAGAWACCCBDGTAGTCCGGCTGACTGACT,TCGTTATTCAGT,2.0,1D,Agf39-m0,270521.0,06_21,8.0,64.57142857,Month_16,group2,NA,no,no
39-0_07_20,536.0,13.0,3411.0,0.0,4.0,0.0,0.0,0.0,0.0,0.0,0.0,0.0,3.0,0.0,0.0,0.0,0.0,0.0,0.0,5.0,21.0,5.0,2.0,TATGGTAATTGTGTGCCAGCMGCCGCGGTAA,ATTAGAWACCCBDGTAGTCCGGCTGACTGACT,AATGTTCAACTT,2.0,3D,Agf39-m0,720.0,07_20,2.0,14.57142857,Month_04,group2,NA,no,yes
39-0_09_21,965.0,159.0,2854.0,0.0,0.0,2.0,0.0,0.0,0.0,0.0,0.0,0.0,2.0,0.0,4.0,0.0,0.0,0.0,0.0,0.0,13.0,1.0,0.0,TATGGTAATTGTGTGCCAGCMGCCGCGGTAA,ATTAGAWACCCBDGTAGTCCGGCTGACTGACT,CTATCTCCTGTC,3.0,12B,Agf39-m0,50921.0,09_21,9.0,75.0,Month_18,group2,NA,no,no
39-0_11_20,1181.0,147.0,2575.0,0.0,4.0,0.0,0.0,0.0,0.0,0.0,0.0,0.0,4.0,0.0,0.0,0.0,0.0,3.0,4.0,21.0,42.0,4.0,15.0,TATGGTAATTGTGTGCCAGCMGCCGCGGTAA,ATTAGAWACCCBDGTAGTCCGGCTGACTGACT,TCTTCCTAAAGT,5.0,11C,Agf39-m0,121120.0,11_20,4.0,32.57142857,Month_08,group2,NA,no,no
39-1_01_21,575.0,10.0,3339.0,0.0,3.0,0.0,4.0,0.0,0.0,0.0,0.0,0.0,7.0,1.0,0.0,0.0,0.0,1.0,0.0,27.0,8.0,22.0,3.0,TATGGTAATTGTGTGCCAGCMGCCGCGGTAA,ATTAGAWACCCBDGTAGTCCGGCTGACTGACT,CGGCCAGAAGCA,3.0,6E,Agf39-m1,100121.0,01_21,5.0,41.0,Month_10,group2,18,yes,no
39-1_03_21,1653.0,15.0,2243.0,0.0,46.0,0.0,0.0,0.0,0.0,0.0,0.0,0.0,6.0,0.0,0.0,0.0,0.0,0.0,8.0,11.0,11.0,2.0,5.0,TATGGTAATTGTGTGCCAGCMGCCGCGGTAA,ATTAGAWACCCBDGTAGTCCGGCTGACTGACT,TGGAGCCTTGTC,3.0,3D,Agf39-m1,40321.0,03_21,6.0,48.57142857,Month_12,group2,18,yes,no
39-1_05_21,1880.0,12.0,1822.0,0.0,98.0,3.0,0.0,0.0,0.0,0.0,0.0,0.0,21.0,0.0,0.0,0.0,0.0,3.0,4.0,0.0,8.0,29.0,120.0,TATGGTAATTGTGTGCCAGCMGCCGCGGTAA,ATTAGAWACCCBDGTAGTCCGGCTGACTGACT,ATAACGGTGTAC,5.0,12B,Agf39-m1,20521.0,05_21,7.0,53.14285714,Month_14,group2,18,yes,no
39-1_06_21,604.0,21.0,3247.0,2.0,1.0,0.0,3.0,0.0,0.0,1.0,0.0,0.0,1.0,3.0,2.0,0.0,0.0,1.0,1.0,31.0,4.0,72.0,6.0,TATGGTAATTGTGTGCCAGCMGCCGCGGTAA,ATTAGAWACCCBDGTAGTCCGGCTGACTGACT,GCAAGAATACAT,6.0,1B,Agf39-m1,270521.0,06_21,8.0,64.57142857,Month_16,group2,18,yes,no
39-1_09_21,1280.0,170.0,2411.0,1.0,0.0,1.0,0.0,2.0,0.0,0.0,0.0,0.0,7.0,0.0,0.0,12.0,0.0,0.0,5.0,75.0,35.0,1.0,0.0,TATGGTAATTGTGTGCCAGCMGCCGCGGTAA,ATTAGAWACCCBDGTAGTCCGGCTGACTGACT,TATAGGCTCCGC,3.0,8H,Agf39-m1,50921.0,09_21,9.0,75.0,Month_18,group2,18,yes,no
39-1_11_20,711.0,19.0,3240.0,0.0,10.0,0.0,0.0,0.0,0.0,0.0,0.0,0.0,4.0,0.0,0.0,0.0,0.0,0.0,0.0,5.0,0.0,7.0,4.0,TATGGTAATTGTGTGCCAGCMGCCGCGGTAA,ATTAGAWACCCBDGTAGTCCGGCTGACTGACT,AATAAGCAATAG,5.0,8G,Agf39-m1,121120.0,11_20,4.0,32.57142857,Month_08,group2,18,yes,no
40-0_01_21,1057.0,149.0,2737.0,0.0,7.0,0.0,0.0,0.0,0.0,0.0,0.0,0.0,6.0,0.0,0.0,0.0,0.0,5.0,24.0,8.0,0.0,3.0,4.0,TATGGTAATTGTGTGCCAGCMGCCGCGGTAA,ATTAGAWACCCBDGTAGTCCGGCTGACTGACT,TAGGAGAGACAG,6.0,4E,Agf40-m0,100121.0,01_21,5.0,40.71428571,Month_10,group2,15,yes,no
40-0_03_21,340.0,6.0,3227.0,0.0,1.0,0.0,0.0,0.0,0.0,0.0,0.0,0.0,0.0,0.0,0.0,0.0,0.0,0.0,0.0,0.0,0.0,46.0,380.0,TATGGTAATTGTGTGCCAGCMGCCGCGGTAA,ATTAGAWACCCBDGTAGTCCGGCTGACTGACT,TAAGGTCGATAA,3.0,9G,Agf40-m0,40321.0,03_21,6.0,48.28571429,Month_12,group2,15,yes,no
40-0_05_20,225.0,3.0,3300.0,0.0,0.0,0.0,0.0,0.0,0.0,0.0,0.0,0.0,1.0,0.0,0.0,0.0,0.0,0.0,3.0,0.0,0.0,8.0,460.0,TATGGTAATTGTGTGCCAGCMGCCGCGGTAA,ATTAGAWACCCBDGTAGTCCGGCTGACTGACT,GTACGTCACTGA,3.0,5F,Agf40-m0,130520.0,05_20,1.0,6.142857143,Month_02,group2,15,yes,yes
40-0_09_20,749.0,19.0,2902.0,0.0,3.0,0.0,0.0,0.0,0.0,0.0,0.0,0.0,5.0,0.0,0.0,0.0,0.0,0.0,6.0,0.0,10.0,23.0,283.0,TATGGTAATTGTGTGCCAGCMGCCGCGGTAA,ATTAGAWACCCBDGTAGTCCGGCTGACTGACT,TTATACGTTGTA,6.0,3F,Agf40-m0,90920.0,09_20,3.0,24.14285714,Month_06,group2,15,yes,no
40-0_11_20,1280.0,15.0,2699.0,0.0,0.0,2.0,0.0,0.0,0.0,0.0,0.0,0.0,2.0,0.0,0.0,0.0,0.0,0.0,0.0,0.0,0.0,2.0,0.0,TATGGTAATTGTGTGCCAGCMGCCGCGGTAA,ATTAGAWACCCBDGTAGTCCGGCTGACTGACT,GTCGCTTGCACA,3.0,11A,Agf40-m0,121120.0,11_20,4.0,32.28571429,Month_08,group2,15,yes,no
40-1_01_21,584.0,50.0,3253.0,0.0,4.0,0.0,6.0,0.0,0.0,0.0,0.0,0.0,2.0,0.0,0.0,1.0,0.0,0.0,2.0,14.0,0.0,69.0,15.0,TATGGTAATTGTGTGCCAGCMGCCGCGGTAA,ATTAGAWACCCBDGTAGTCCGGCTGACTGACT,TACTTAAACATC,6.0,7H,Agf40-m1,100121.0,01_21,5.0,40.71428571,Month_10,group2,NA,no,no
40-1_03_21,561.0,3.0,3401.0,0.0,0.0,0.0,3.0,0.0,0.0,0.0,0.0,0.0,8.0,0.0,0.0,0.0,0.0,4.0,3.0,4.0,0.0,11.0,2.0,TATGGTAATTGTGTGCCAGCMGCCGCGGTAA,ATTAGAWACCCBDGTAGTCCGGCTGACTGACT,GAAGTAGCGAGC,3.0,8D,Agf40-m1,40321.0,03_21,6.0,48.28571429,Month_12,group2,NA,no,no
40-1_05_20,192.0,24.0,3263.0,0.0,0.0,0.0,0.0,2.0,0.0,0.0,0.0,0.0,0.0,0.0,0.0,0.0,0.0,1.0,2.0,0.0,0.0,3.0,513.0,TATGGTAATTGTGTGCCAGCMGCCGCGGTAA,ATTAGAWACCCBDGTAGTCCGGCTGACTGACT,GTCCTACACAGC,4.0,2B,Agf40-m1,130520.0,05_20,1.0,6.142857143,Month_02,group2,NA,no,yes
40-1_05_21,903.0,1.0,3037.0,1.0,1.0,1.0,1.0,0.0,0.0,0.0,0.0,0.0,6.0,0.0,0.0,0.0,0.0,0.0,4.0,5.0,3.0,23.0,14.0,TATGGTAATTGTGTGCCAGCMGCCGCGGTAA,ATTAGAWACCCBDGTAGTCCGGCTGACTGACT,TAGCAGTTGCGT,2.0,12D,Agf40-m1,20521.0,05_21,7.0,52.85714286,Month_14,group2,NA,no,no
40-1_06_21,1121.0,8.0,2812.0,0.0,3.0,2.0,0.0,0.0,0.0,0.0,0.0,0.0,12.0,0.0,0.0,0.0,0.0,0.0,1.0,8.0,0.0,30.0,3.0,TATGGTAATTGTGTGCCAGCMGCCGCGGTAA,ATTAGAWACCCBDGTAGTCCGGCTGACTGACT,CAATGTAGACAC,3.0,6A,Agf40-m1,270521.0,06_21,8.0,64.28571429,Month_16,group2,NA,no,no
40-1_07_20,698.0,41.0,3066.0,0.0,9.0,0.0,0.0,5.0,0.0,0.0,0.0,0.0,4.0,0.0,0.0,0.0,0.0,0.0,5.0,0.0,0.0,3.0,169.0,TATGGTAATTGTGTGCCAGCMGCCGCGGTAA,ATTAGAWACCCBDGTAGTCCGGCTGACTGACT,CTAATCAGAGTG,2.0,8D,Agf40-m1,720.0,07_20,2.0,14.28571429,Month_04,group2,NA,no,no
40-1_09_20,1761.0,12.0,2202.0,0.0,1.0,2.0,0.0,0.0,0.0,0.0,0.0,0.0,13.0,0.0,0.0,0.0,0.0,0.0,7.0,0.0,0.0,2.0,0.0,TATGGTAATTGTGTGCCAGCMGCCGCGGTAA,ATTAGAWACCCBDGTAGTCCGGCTGACTGACT,GAATGCGTATAA,6.0,12F,Agf40-m1,90920.0,09_20,3.0,24.14285714,Month_06,group2,NA,no,no
40-1_09_21,706.0,6.0,2919.0,0.0,8.0,1.0,2.0,9.0,0.0,0.0,0.0,0.0,3.0,0.0,0.0,0.0,0.0,3.0,60.0,7.0,24.0,13.0,239.0,TATGGTAATTGTGTGCCAGCMGCCGCGGTAA,ATTAGAWACCCBDGTAGTCCGGCTGACTGACT,TTGCACCGTCGA,4.0,3A,Agf40-m1,50921.0,09_21,9.0,74.71428571,Month_18,group2,NA,no,no
40-1_11_20,755.0,3.0,3173.0,0.0,0.0,0.0,0.0,0.0,0.0,0.0,0.0,0.0,20.0,0.0,0.0,0.0,0.0,0.0,39.0,0.0,0.0,7.0,3.0,TATGGTAATTGTGTGCCAGCMGCCGCGGTAA,ATTAGAWACCCBDGTAGTCCGGCTGACTGACT,GTGTCGAGGGCA,3.0,10D,Agf40-m1,121120.0,11_20,4.0,32.28571429,Month_08,group2,NA,no,no
40-2_03_21,949.0,12.0,2938.0,0.0,58.0,0.0,0.0,0.0,0.0,0.0,0.0,0.0,3.0,0.0,0.0,0.0,0.0,0.0,9.0,9.0,0.0,2.0,20.0,TATGGTAATTGTGTGCCAGCMGCCGCGGTAA,ATTAGAWACCCBDGTAGTCCGGCTGACTGACT,ACGGTACCCTAC,2.0,6A,Agf40-m2,40321.0,03_21,6.0,48.28571429,Month_12,group2,NA,no,no
40-2_05_20,569.0,10.0,2924.0,0.0,0.0,0.0,0.0,0.0,0.0,0.0,0.0,0.0,4.0,0.0,0.0,0.0,0.0,0.0,2.0,0.0,0.0,13.0,478.0,TATGGTAATTGTGTGCCAGCMGCCGCGGTAA,ATTAGAWACCCBDGTAGTCCGGCTGACTGACT,AGCACCGGTCTT,6.0,3H,Agf40-m2,130520.0,05_20,1.0,6.142857143,Month_02,group2,NA,no,yes
40-2_05_21,904.0,9.0,3042.0,0.0,4.0,0.0,0.0,0.0,0.0,0.0,0.0,0.0,1.0,0.0,0.0,0.0,0.0,0.0,3.0,5.0,0.0,6.0,26.0,TATGGTAATTGTGTGCCAGCMGCCGCGGTAA,ATTAGAWACCCBDGTAGTCCGGCTGACTGACT,CAATCATAGGTG,2.0,3E,Agf40-m2,20521.0,05_21,7.0,52.85714286,Month_14,group2,NA,no,no
40-2_06_21,301.0,28.0,3561.0,0.0,5.0,0.0,0.0,8.0,0.0,0.0,0.0,0.0,1.0,0.0,0.0,0.0,0.0,1.0,0.0,5.0,66.0,18.0,6.0,TATGGTAATTGTGTGCCAGCMGCCGCGGTAA,ATTAGAWACCCBDGTAGTCCGGCTGACTGACT,GATCCCACGTAC,4.0,10B,Agf40-m2,270521.0,06_21,8.0,64.28571429,Month_16,group2,NA,no,no
40-2_07_20,90.0,8.0,2845.0,0.0,0.0,0.0,0.0,0.0,0.0,0.0,0.0,0.0,0.0,0.0,0.0,0.0,0.0,0.0,0.0,0.0,0.0,11.0,1046.0,TATGGTAATTGTGTGCCAGCMGCCGCGGTAA,ATTAGAWACCCBDGTAGTCCGGCTGACTGACT,GCATCGTCTGGT,7.0,10H,Agf40-m2,720.0,07_20,2.0,14.28571429,Month_04,group2,NA,no,yes
40-2_09_20,154.0,6.0,3417.0,0.0,0.0,0.0,0.0,0.0,0.0,0.0,0.0,0.0,3.0,0.0,0.0,0.0,0.0,0.0,0.0,0.0,0.0,24.0,396.0,TATGGTAATTGTGTGCCAGCMGCCGCGGTAA,ATTAGAWACCCBDGTAGTCCGGCTGACTGACT,CAAACGCACTAA,1.0,6F,Agf40-m2,90920.0,09_20,3.0,24.14285714,Month_06,group2,NA,no,no
40-2_11_20,322.0,83.0,3540.0,0.0,1.0,0.0,0.0,0.0,0.0,0.0,0.0,0.0,4.0,0.0,0.0,0.0,0.0,0.0,14.0,16.0,2.0,2.0,16.0,TATGGTAATTGTGTGCCAGCMGCCGCGGTAA,ATTAGAWACCCBDGTAGTCCGGCTGACTGACT,GAGAGTCCACTT,6.0,3A,Agf40-m2,121120.0,11_20,4.0,32.28571429,Month_08,group2,NA,no,no
41-0_03_21,1474.0,18.0,2366.0,0.0,0.0,0.0,2.0,0.0,0.0,0.0,0.0,0.0,5.0,0.0,0.0,0.0,0.0,4.0,5.0,8.0,2.0,13.0,103.0,TATGGTAATTGTGTGCCAGCMGCCGCGGTAA,ATTAGAWACCCBDGTAGTCCGGCTGACTGACT,TGAACCCTATGG,5.0,8F,Agf41-m0,40321.0,03_21,6.0,48.28571429,Month_12,group2,NA,no,no
41-0_05_20,1886.0,12.0,2049.0,0.0,6.0,0.0,0.0,0.0,0.0,0.0,0.0,0.0,10.0,0.0,0.0,0.0,0.0,0.0,0.0,0.0,0.0,1.0,36.0,TATGGTAATTGTGTGCCAGCMGCCGCGGTAA,ATTAGAWACCCBDGTAGTCCGGCTGACTGACT,CCGCGTCTCAAC,3.0,6B,Agf41-m0,130520.0,05_20,1.0,6.142857143,Month_02,group2,NA,no,yes
41-0_05_21,296.0,93.0,3549.0,0.0,0.0,0.0,0.0,0.0,0.0,0.0,0.0,0.0,1.0,0.0,0.0,1.0,0.0,4.0,0.0,2.0,0.0,54.0,0.0,TATGGTAATTGTGTGCCAGCMGCCGCGGTAA,ATTAGAWACCCBDGTAGTCCGGCTGACTGACT,AGATGTCCGTCA,2.0,12C,Agf41-m0,20521.0,05_21,7.0,52.85714286,Month_14,group2,NA,no,no
41-0_06_21,741.0,45.0,3140.0,3.0,10.0,0.0,1.0,0.0,0.0,0.0,0.0,0.0,3.0,0.0,0.0,4.0,0.0,0.0,0.0,23.0,0.0,27.0,3.0,TATGGTAATTGTGTGCCAGCMGCCGCGGTAA,ATTAGAWACCCBDGTAGTCCGGCTGACTGACT,AGCGATTCCTCG,4.0,9E,Agf41-m0,270521.0,06_21,8.0,64.28571429,Month_16,group2,NA,no,no
41-0_07_20,2464.0,34.0,1480.0,0.0,0.0,0.0,0.0,0.0,0.0,0.0,0.0,0.0,10.0,0.0,0.0,0.0,0.0,0.0,5.0,0.0,0.0,3.0,4.0,TATGGTAATTGTGTGCCAGCMGCCGCGGTAA,ATTAGAWACCCBDGTAGTCCGGCTGACTGACT,CCACTCTCTCTA,6.0,6E,Agf41-m0,720.0,07_20,2.0,14.28571429,Month_04,group2,NA,no,yes
41-0_09_20,622.0,13.0,3281.0,0.0,13.0,0.0,5.0,0.0,0.0,0.0,0.0,0.0,1.0,0.0,0.0,0.0,0.0,2.0,4.0,0.0,2.0,25.0,32.0,TATGGTAATTGTGTGCCAGCMGCCGCGGTAA,ATTAGAWACCCBDGTAGTCCGGCTGACTGACT,ACATAGCGGTTC,5.0,9A,Agf41-m0,90920.0,09_20,3.0,24.14285714,Month_06,group2,NA,no,no
41-0_11_20,2531.0,15.0,1433.0,0.0,0.0,0.0,0.0,0.0,0.0,0.0,0.0,0.0,4.0,0.0,4.0,0.0,0.0,0.0,0.0,0.0,0.0,12.0,1.0,TATGGTAATTGTGTGCCAGCMGCCGCGGTAA,ATTAGAWACCCBDGTAGTCCGGCTGACTGACT,GGTAATAGAGTT,6.0,2B,Agf41-m0,121120.0,11_20,4.0,32.28571429,Month_08,group2,NA,no,no
41-1_01_21,1478.0,6.0,2343.0,0.0,10.0,0.0,0.0,0.0,0.0,0.0,0.0,0.0,25.0,0.0,0.0,0.0,0.0,2.0,17.0,19.0,0.0,9.0,91.0,TATGGTAATTGTGTGCCAGCMGCCGCGGTAA,ATTAGAWACCCBDGTAGTCCGGCTGACTGACT,ATTTGAAGAGGT,6.0,10A,Agf41-m1,100121.0,01_21,5.0,40.71428571,Month_10,group2,16,yes,no
41-1_03_21,1287.0,18.0,2340.0,0.0,0.0,0.0,0.0,0.0,0.0,0.0,0.0,0.0,4.0,0.0,0.0,3.0,0.0,0.0,14.0,7.0,0.0,12.0,315.0,TATGGTAATTGTGTGCCAGCMGCCGCGGTAA,ATTAGAWACCCBDGTAGTCCGGCTGACTGACT,AGACAGTAGGAG,6.0,8G,Agf41-m1,40321.0,03_21,6.0,48.28571429,Month_12,group2,16,yes,no
41-1_05_20,885.0,33.0,2965.0,0.0,0.0,0.0,0.0,0.0,6.0,0.0,0.0,0.0,1.0,0.0,0.0,0.0,0.0,0.0,23.0,0.0,0.0,4.0,83.0,TATGGTAATTGTGTGCCAGCMGCCGCGGTAA,ATTAGAWACCCBDGTAGTCCGGCTGACTGACT,TCACTGCTAGGA,7.0,1D,Agf41-m1,130520.0,05_20,1.0,6.142857143,Month_02,group2,16,yes,yes
41-1_05_21,503.0,80.0,3357.0,0.0,3.0,0.0,4.0,0.0,0.0,0.0,0.0,0.0,0.0,0.0,0.0,3.0,0.0,0.0,15.0,19.0,0.0,11.0,5.0,TATGGTAATTGTGTGCCAGCMGCCGCGGTAA,ATTAGAWACCCBDGTAGTCCGGCTGACTGACT,ATGTTCCTCATC,5.0,4C,Agf41-m1,20521.0,05_21,7.0,52.85714286,Month_14,group2,16,yes,no
41-1_09_20,379.0,10.0,3556.0,3.0,3.0,2.0,0.0,0.0,0.0,0.0,0.0,0.0,0.0,0.0,3.0,0.0,0.0,0.0,10.0,12.0,2.0,15.0,5.0,TATGGTAATTGTGTGCCAGCMGCCGCGGTAA,ATTAGAWACCCBDGTAGTCCGGCTGACTGACT,GCCAAGGATAGG,6.0,5F,Agf41-m1,90920.0,09_20,3.0,24.14285714,Month_06,group2,16,yes,no
41-1_11_20,1616.0,12.0,2314.0,0.0,3.0,1.0,0.0,0.0,0.0,0.0,0.0,0.0,8.0,0.0,0.0,0.0,0.0,0.0,9.0,35.0,0.0,0.0,2.0,TATGGTAATTGTGTGCCAGCMGCCGCGGTAA,ATTAGAWACCCBDGTAGTCCGGCTGACTGACT,GCCTCTACGTCG,1.0,10A,Agf41-m1,121120.0,11_20,4.0,32.28571429,Month_08,group2,16,yes,no
42-1_03_21,2683.0,0.0,1275.0,0.0,6.0,0.0,10.0,0.0,0.0,0.0,0.0,0.0,10.0,0.0,0.0,2.0,0.0,0.0,7.0,0.0,0.0,4.0,3.0,TATGGTAATTGTGTGCCAGCMGCCGCGGTAA,ATTAGAWACCCBDGTAGTCCGGCTGACTGACT,ACGCGAACTAAT,7.0,2H,Agf42-m1,40321.0,03_21,6.0,49.14285714,Month_12,group2,4,yes,no
42-1_05_21,438.0,19.0,3449.0,0.0,7.0,0.0,7.0,0.0,0.0,0.0,0.0,0.0,1.0,0.0,0.0,16.0,0.0,0.0,4.0,21.0,0.0,37.0,1.0,TATGGTAATTGTGTGCCAGCMGCCGCGGTAA,ATTAGAWACCCBDGTAGTCCGGCTGACTGACT,TTGGACGTCCAC,5.0,9F,Agf42-m1,20521.0,05_21,7.0,53.71428571,Month_14,group2,4,yes,no
42-1_06_21,796.0,1.0,3092.0,0.0,12.0,0.0,0.0,0.0,0.0,0.0,0.0,0.0,10.0,0.0,0.0,0.0,0.0,1.0,7.0,13.0,13.0,51.0,4.0,TATGGTAATTGTGTGCCAGCMGCCGCGGTAA,ATTAGAWACCCBDGTAGTCCGGCTGACTGACT,ACCTCAGTCAAG,2.0,12G,Agf42-m1,270521.0,06_21,8.0,65.14285714,Month_16,group2,4,yes,no
42-1_07_20,927.0,19.0,2810.0,0.0,8.0,0.0,0.0,0.0,0.0,0.0,0.0,0.0,8.0,0.0,0.0,0.0,0.0,0.0,6.0,0.0,0.0,0.0,222.0,TATGGTAATTGTGTGCCAGCMGCCGCGGTAA,ATTAGAWACCCBDGTAGTCCGGCTGACTGACT,GTGCGAGGACAA,6.0,8H,Agf42-m1,720.0,07_20,2.0,15.14285714,Month_04,group2,4,yes,no
42-1_09_20,256.0,16.0,3645.0,0.0,1.0,0.0,2.0,0.0,0.0,0.0,0.0,0.0,0.0,0.0,0.0,0.0,0.0,0.0,2.0,1.0,0.0,54.0,23.0,TATGGTAATTGTGTGCCAGCMGCCGCGGTAA,ATTAGAWACCCBDGTAGTCCGGCTGACTGACT,AGAGCCAAGAGC,1.0,12F,Agf42-m1,90920.0,09_20,3.0,25.0,Month_06,group2,4,yes,no
42-1_11_20,1242.0,4.0,2690.0,0.0,0.0,1.0,5.0,0.0,0.0,0.0,0.0,0.0,18.0,0.0,0.0,0.0,0.0,0.0,1.0,0.0,0.0,37.0,2.0,TATGGTAATTGTGTGCCAGCMGCCGCGGTAA,ATTAGAWACCCBDGTAGTCCGGCTGACTGACT,TATCCAAGCGCA,1.0,11F,Agf42-m1,121120.0,11_20,4.0,33.14285714,Month_08,group2,4,yes,no
43-0_01_21,815.0,4.0,3088.0,0.0,10.0,1.0,2.0,0.0,0.0,0.0,0.0,0.0,3.0,0.0,0.0,4.0,0.0,0.0,8.0,43.0,0.0,21.0,1.0,TATGGTAATTGTGTGCCAGCMGCCGCGGTAA,ATTAGAWACCCBDGTAGTCCGGCTGACTGACT,GTTGATACGATG,1.0,7E,Agf43-m0,100121.0,01_21,5.0,41.57142857,Month_10,group2,NA,no,no
43-0_03_21,507.0,9.0,3345.0,0.0,67.0,0.0,5.0,0.0,0.0,0.0,0.0,0.0,0.0,0.0,0.0,3.0,0.0,0.0,21.0,34.0,0.0,6.0,3.0,TATGGTAATTGTGTGCCAGCMGCCGCGGTAA,ATTAGAWACCCBDGTAGTCCGGCTGACTGACT,GTTCTAAGGTGA,2.0,9H,Agf43-m0,40321.0,03_21,6.0,49.14285714,Month_12,group2,NA,no,no
43-0_05_20,98.0,22.0,2601.0,0.0,0.0,0.0,0.0,0.0,0.0,0.0,0.0,0.0,2.0,0.0,0.0,0.0,0.0,0.0,1.0,0.0,0.0,4.0,1272.0,TATGGTAATTGTGTGCCAGCMGCCGCGGTAA,ATTAGAWACCCBDGTAGTCCGGCTGACTGACT,CACGCTATTGGA,5.0,5H,Agf43-m0,130520.0,05_20,1.0,7.0,Month_02,group2,NA,no,yes
43-0_06_21,465.0,6.0,3237.0,11.0,0.0,0.0,1.0,3.0,0.0,0.0,0.0,0.0,0.0,0.0,0.0,0.0,0.0,1.0,5.0,30.0,0.0,52.0,189.0,TATGGTAATTGTGTGCCAGCMGCCGCGGTAA,ATTAGAWACCCBDGTAGTCCGGCTGACTGACT,ATGACTAAGATG,2.0,10H,Agf43-m0,270521.0,06_21,8.0,65.14285714,Month_16,group2,NA,no,no
43-0_07_20,292.0,53.0,3183.0,0.0,8.0,0.0,3.0,0.0,0.0,0.0,0.0,0.0,2.0,0.0,0.0,0.0,0.0,0.0,9.0,2.0,0.0,19.0,429.0,TATGGTAATTGTGTGCCAGCMGCCGCGGTAA,ATTAGAWACCCBDGTAGTCCGGCTGACTGACT,AGACACCAATGT,6.0,8C,Agf43-m0,720.0,07_20,2.0,15.14285714,Month_04,group2,NA,no,yes
43-0_09_21,2086.0,30.0,1779.0,6.0,13.0,6.0,1.0,0.0,0.0,0.0,0.0,0.0,15.0,0.0,0.0,11.0,0.0,0.0,0.0,32.0,8.0,3.0,10.0,TATGGTAATTGTGTGCCAGCMGCCGCGGTAA,ATTAGAWACCCBDGTAGTCCGGCTGACTGACT,TGGTGTTTATAT,5.0,10C,Agf43-m0,50921.0,09_21,9.0,75.57142857,Month_18,group2,NA,no,no
43-0_11_20,2166.0,9.0,1605.0,0.0,23.0,0.0,0.0,0.0,0.0,0.0,0.0,0.0,20.0,0.0,0.0,1.0,0.0,3.0,79.0,14.0,0.0,1.0,79.0,TATGGTAATTGTGTGCCAGCMGCCGCGGTAA,ATTAGAWACCCBDGTAGTCCGGCTGACTGACT,ACATGATATTCT,2.0,10C,Agf43-m0,121120.0,11_20,4.0,33.14285714,Month_08,group2,NA,no,no
43-1_01_21,700.0,3.0,3190.0,0.0,17.0,0.0,0.0,0.0,0.0,0.0,0.0,0.0,4.0,0.0,0.0,0.0,0.0,0.0,4.0,3.0,0.0,9.0,70.0,TATGGTAATTGTGTGCCAGCMGCCGCGGTAA,ATTAGAWACCCBDGTAGTCCGGCTGACTGACT,CTGGTCTTACGG,5.0,7E,Agf43-m1,100121.0,01_21,5.0,41.57142857,Month_10,group2,NA,no,no
43-1_05_21,2757.0,8.0,1166.0,0.0,3.0,0.0,1.0,9.0,0.0,0.0,2.0,0.0,12.0,0.0,0.0,2.0,0.0,0.0,18.0,16.0,0.0,6.0,0.0,TATGGTAATTGTGTGCCAGCMGCCGCGGTAA,ATTAGAWACCCBDGTAGTCCGGCTGACTGACT,CAATAGAATAAG,5.0,8A,Agf43-m1,20521.0,05_21,7.0,53.71428571,Month_14,group2,NA,no,no
43-1_06_21,1352.0,13.0,2557.0,2.0,12.0,0.0,2.0,0.0,0.0,0.0,0.0,0.0,9.0,0.0,1.0,2.0,0.0,2.0,7.0,23.0,0.0,9.0,9.0,TATGGTAATTGTGTGCCAGCMGCCGCGGTAA,ATTAGAWACCCBDGTAGTCCGGCTGACTGACT,CGGTGACCTACT,1.0,8C,Agf43-m1,270521.0,06_21,8.0,65.14285714,Month_16,group2,NA,no,no
43-1_07_20,993.0,31.0,2457.0,0.0,21.0,0.0,0.0,0.0,0.0,0.0,0.0,0.0,2.0,0.0,0.0,0.0,0.0,4.0,17.0,4.0,0.0,2.0,469.0,TATGGTAATTGTGTGCCAGCMGCCGCGGTAA,ATTAGAWACCCBDGTAGTCCGGCTGACTGACT,CGGATCTAGTGT,5.0,12A,Agf43-m1,720.0,07_20,2.0,15.14285714,Month_04,group2,NA,no,yes
44-0_01_21,410.0,50.0,3225.0,0.0,0.0,0.0,3.0,0.0,0.0,0.0,0.0,0.0,1.0,0.0,0.0,0.0,0.0,0.0,0.0,24.0,0.0,70.0,217.0,TATGGTAATTGTGTGCCAGCMGCCGCGGTAA,ATTAGAWACCCBDGTAGTCCGGCTGACTGACT,CTATGTATTAGT,1.0,1H,Agf44-m0,100121.0,01_21,5.0,41.42857143,Month_10,group2,NA,no,no
44-0_03_21,1745.0,5.0,2181.0,0.0,6.0,0.0,0.0,0.0,0.0,0.0,0.0,0.0,14.0,0.0,0.0,0.0,0.0,0.0,11.0,13.0,0.0,15.0,10.0,TATGGTAATTGTGTGCCAGCMGCCGCGGTAA,ATTAGAWACCCBDGTAGTCCGGCTGACTGACT,CTTCCAACTCAT,5.0,5B,Agf44-m0,40321.0,03_21,6.0,49.0,Month_12,group2,NA,no,no
44-0_05_20,362.0,3.0,3254.0,0.0,5.0,0.0,0.0,0.0,0.0,0.0,0.0,0.0,4.0,0.0,0.0,0.0,0.0,0.0,0.0,0.0,0.0,17.0,355.0,TATGGTAATTGTGTGCCAGCMGCCGCGGTAA,ATTAGAWACCCBDGTAGTCCGGCTGACTGACT,GAACCGTGCAGG,3.0,2E,Agf44-m0,130520.0,05_20,1.0,6.857142857,Month_02,group2,NA,no,yes
44-0_05_21,905.0,24.0,2994.0,0.0,12.0,3.0,2.0,0.0,2.0,0.0,0.0,0.0,6.0,23.0,0.0,0.0,0.0,0.0,9.0,4.0,0.0,16.0,0.0,TATGGTAATTGTGTGCCAGCMGCCGCGGTAA,ATTAGAWACCCBDGTAGTCCGGCTGACTGACT,TCCTAGGTCCGA,6.0,10C,Agf44-m0,20521.0,05_21,7.0,53.57142857,Month_14,group2,NA,no,no
44-0_06_21,2400.0,69.0,1430.0,0.0,36.0,0.0,0.0,0.0,0.0,0.0,0.0,0.0,12.0,0.0,0.0,0.0,0.0,0.0,1.0,51.0,0.0,1.0,0.0,TATGGTAATTGTGTGCCAGCMGCCGCGGTAA,ATTAGAWACCCBDGTAGTCCGGCTGACTGACT,AATTTAGGTAGG,1.0,8A,Agf44-m0,270521.0,06_21,8.0,65.0,Month_16,group2,NA,no,no
44-0_11_20,932.0,26.0,2929.0,0.0,3.0,0.0,1.0,0.0,0.0,0.0,0.0,0.0,3.0,0.0,0.0,0.0,0.0,2.0,3.0,58.0,0.0,4.0,39.0,TATGGTAATTGTGTGCCAGCMGCCGCGGTAA,ATTAGAWACCCBDGTAGTCCGGCTGACTGACT,TTGGAACGGCTT,6.0,1F,Agf44-m0,121120.0,11_20,4.0,33.0,Month_08,group2,NA,no,no
44-1_01_21,1004.0,18.0,2890.0,0.0,2.0,0.0,0.0,0.0,0.0,0.0,0.0,0.0,9.0,0.0,0.0,0.0,0.0,1.0,2.0,10.0,0.0,2.0,62.0,TATGGTAATTGTGTGCCAGCMGCCGCGGTAA,ATTAGAWACCCBDGTAGTCCGGCTGACTGACT,CTTGTGCGACAA,5.0,11D,Agf44-m1,100121.0,01_21,5.0,41.42857143,Month_10,group2,NA,no,no
44-1_05_20,148.0,1.0,3360.0,0.0,0.0,1.0,0.0,0.0,0.0,0.0,0.0,0.0,0.0,0.0,1.0,0.0,0.0,0.0,0.0,0.0,0.0,6.0,483.0,TATGGTAATTGTGTGCCAGCMGCCGCGGTAA,ATTAGAWACCCBDGTAGTCCGGCTGACTGACT,CTACTCCACGAG,2.0,9D,Agf44-m1,130520.0,05_20,1.0,6.857142857,Month_02,group2,NA,no,no
44-1_06_21,1000.0,25.0,2925.0,4.0,12.0,0.0,0.0,0.0,0.0,0.0,0.0,0.0,11.0,0.0,0.0,0.0,0.0,0.0,3.0,2.0,0.0,18.0,0.0,TATGGTAATTGTGTGCCAGCMGCCGCGGTAA,ATTAGAWACCCBDGTAGTCCGGCTGACTGACT,AGAAGGCCTTAT,6.0,1E,Agf44-m1,270521.0,06_21,8.0,65.0,Month_16,group2,NA,no,no
44-1_07_20,134.0,11.0,3043.0,0.0,3.0,0.0,0.0,0.0,0.0,0.0,0.0,0.0,0.0,0.0,0.0,0.0,0.0,0.0,4.0,5.0,0.0,9.0,791.0,TATGGTAATTGTGTGCCAGCMGCCGCGGTAA,ATTAGAWACCCBDGTAGTCCGGCTGACTGACT,GTAAACGACTTG,5.0,9E,Agf44-m1,720.0,07_20,2.0,15.0,Month_04,group2,NA,no,yes
44-1_09_20,1259.0,5.0,2309.0,0.0,11.0,0.0,0.0,0.0,0.0,0.0,0.0,0.0,6.0,0.0,0.0,0.0,0.0,0.0,1.0,0.0,0.0,0.0,409.0,TATGGTAATTGTGTGCCAGCMGCCGCGGTAA,ATTAGAWACCCBDGTAGTCCGGCTGACTGACT,CTTTGATAATAA,6.0,9H,Agf44-m1,90920.0,09_20,3.0,24.85714286,Month_06,group2,NA,no,no
44-1_09_21,1550.0,225.0,2125.0,0.0,9.0,2.0,0.0,0.0,0.0,0.0,0.0,0.0,12.0,0.0,0.0,0.0,0.0,0.0,6.0,3.0,62.0,3.0,3.0,TATGGTAATTGTGTGCCAGCMGCCGCGGTAA,ATTAGAWACCCBDGTAGTCCGGCTGACTGACT,TCCGGACTCCTG,5.0,10H,Agf44-m1,50921.0,09_21,9.0,75.42857143,Month_18,group2,NA,no,no
44-1_11_20,2075.0,4.0,1879.0,0.0,0.0,0.0,0.0,0.0,0.0,0.0,0.0,0.0,14.0,0.0,0.0,0.0,0.0,6.0,2.0,6.0,0.0,0.0,14.0,TATGGTAATTGTGTGCCAGCMGCCGCGGTAA,ATTAGAWACCCBDGTAGTCCGGCTGACTGACT,ACAAAGGTATCA,5.0,8E,Agf44-m1,121120.0,11_20,4.0,33.0,Month_08,group2,NA,no,no
45-0_05_20,115.0,15.0,3374.0,0.0,14.0,0.0,0.0,0.0,0.0,0.0,0.0,0.0,2.0,0.0,0.0,0.0,0.0,0.0,0.0,0.0,61.0,9.0,410.0,TATGGTAATTGTGTGCCAGCMGCCGCGGTAA,ATTAGAWACCCBDGTAGTCCGGCTGACTGACT,ACCCAAGCGTTA,4.0,2E,Agf45-m0,130520.0,05_20,1.0,6.428571429,Month_02,group2,12,yes,yes
45-0_07_20,1131.0,11.0,2826.0,0.0,16.0,0.0,0.0,0.0,0.0,0.0,0.0,0.0,4.0,0.0,0.0,0.0,0.0,0.0,4.0,0.0,0.0,7.0,1.0,TATGGTAATTGTGTGCCAGCMGCCGCGGTAA,ATTAGAWACCCBDGTAGTCCGGCTGACTGACT,CTCACCTAGGAA,4.0,1F,Agf45-m0,720.0,07_20,2.0,14.57142857,Month_04,group2,12,yes,yes
45-1_03_21,776.0,17.0,3021.0,0.0,28.0,0.0,5.0,0.0,0.0,0.0,0.0,0.0,4.0,0.0,0.0,0.0,0.0,2.0,26.0,19.0,49.0,9.0,44.0,TATGGTAATTGTGTGCCAGCMGCCGCGGTAA,ATTAGAWACCCBDGTAGTCCGGCTGACTGACT,CATTCGTGGCGT,5.0,6C,Agf45-m1,40321.0,03_21,6.0,48.57142857,Month_12,group2,17,yes,no
45-1_05_20,242.0,13.0,3339.0,0.0,9.0,0.0,0.0,0.0,0.0,0.0,0.0,0.0,3.0,0.0,0.0,0.0,0.0,0.0,0.0,0.0,163.0,3.0,228.0,TATGGTAATTGTGTGCCAGCMGCCGCGGTAA,ATTAGAWACCCBDGTAGTCCGGCTGACTGACT,CATGTCTTCCAT,2.0,11A,Agf45-m1,130520.0,05_20,1.0,6.428571429,Month_02,group2,17,yes,no
45-1_05_21,1769.0,21.0,2044.0,0.0,18.0,0.0,1.0,0.0,0.0,0.0,0.0,0.0,0.0,0.0,0.0,0.0,0.0,2.0,6.0,2.0,0.0,5.0,132.0,TATGGTAATTGTGTGCCAGCMGCCGCGGTAA,ATTAGAWACCCBDGTAGTCCGGCTGACTGACT,TGGCAGCGAGCC,3.0,7E,Agf45-m1,20521.0,05_21,7.0,53.14285714,Month_14,group2,17,yes,no
45-1_06_21,1051.0,29.0,2800.0,0.0,18.0,0.0,0.0,0.0,0.0,0.0,0.0,0.0,4.0,0.0,0.0,0.0,0.0,0.0,2.0,16.0,40.0,21.0,19.0,TATGGTAATTGTGTGCCAGCMGCCGCGGTAA,ATTAGAWACCCBDGTAGTCCGGCTGACTGACT,CTTGAGAAATCG,6.0,10F,Agf45-m1,270521.0,06_21,8.0,64.57142857,Month_16,group2,17,yes,no
45-2_01_21,2158.0,44.0,1700.0,0.0,6.0,2.0,0.0,0.0,0.0,0.0,0.0,0.0,31.0,2.0,0.0,0.0,0.0,4.0,8.0,13.0,31.0,0.0,1.0,TATGGTAATTGTGTGCCAGCMGCCGCGGTAA,ATTAGAWACCCBDGTAGTCCGGCTGACTGACT,CATAAATTCTTG,6.0,10H,Agf45-m2,100121.0,01_21,5.0,41.0,Month_10,group2,NA,no,no
45-2_03_21,1958.0,9.0,1926.0,0.0,29.0,0.0,0.0,0.0,0.0,0.0,0.0,0.0,12.0,0.0,0.0,0.0,0.0,0.0,14.0,17.0,35.0,0.0,0.0,TATGGTAATTGTGTGCCAGCMGCCGCGGTAA,ATTAGAWACCCBDGTAGTCCGGCTGACTGACT,CACGAAAGCAGG,5.0,3G,Agf45-m2,40321.0,03_21,6.0,48.57142857,Month_12,group2,NA,no,no
45-2_05_21,205.0,10.0,3396.0,0.0,21.0,0.0,1.0,0.0,0.0,0.0,0.0,0.0,1.0,0.0,0.0,2.0,0.0,0.0,2.0,0.0,0.0,33.0,329.0,TATGGTAATTGTGTGCCAGCMGCCGCGGTAA,ATTAGAWACCCBDGTAGTCCGGCTGACTGACT,AGTGTTTCGGAC,3.0,10E,Agf45-m2,20521.0,05_21,7.0,53.14285714,Month_14,group2,NA,no,no
45-2_07_20,505.0,6.0,3250.0,0.0,18.0,0.0,0.0,0.0,0.0,0.0,0.0,0.0,0.0,0.0,0.0,0.0,0.0,0.0,5.0,6.0,195.0,4.0,11.0,TATGGTAATTGTGTGCCAGCMGCCGCGGTAA,ATTAGAWACCCBDGTAGTCCGGCTGACTGACT,GCATTCGGCGTT,4.0,3F,Agf45-m2,720.0,07_20,2.0,14.57142857,Month_04,group2,NA,no,yes
45-2_11_20,410.0,42.0,3373.0,0.0,14.0,0.0,0.0,0.0,0.0,0.0,0.0,0.0,1.0,0.0,0.0,2.0,0.0,0.0,8.0,13.0,96.0,1.0,40.0,TATGGTAATTGTGTGCCAGCMGCCGCGGTAA,ATTAGAWACCCBDGTAGTCCGGCTGACTGACT,TGTTGCGTTTCT,6.0,2F,Agf45-m2,121120.0,11_20,4.0,32.57142857,Month_08,group2,NA,no,no
46-0_01_21,672.0,16.0,3036.0,0.0,21.0,1.0,11.0,4.0,0.0,0.0,0.0,0.0,5.0,0.0,0.0,7.0,0.0,2.0,9.0,56.0,0.0,25.0,135.0,TATGGTAATTGTGTGCCAGCMGCCGCGGTAA,ATTAGAWACCCBDGTAGTCCGGCTGACTGACT,CTACTTACATCC,4.0,10D,Agf46-m0,100121.0,01_21,5.0,41.57142857,Month_10,group2,NA,no,no
46-0_03_21,250.0,12.0,3552.0,0.0,7.0,0.0,6.0,0.0,0.0,0.0,0.0,0.0,1.0,0.0,0.0,1.0,0.0,5.0,0.0,105.0,1.0,54.0,6.0,TATGGTAATTGTGTGCCAGCMGCCGCGGTAA,ATTAGAWACCCBDGTAGTCCGGCTGACTGACT,CTAGTCGCTGGT,6.0,1D,Agf46-m0,40321.0,03_21,6.0,49.14285714,Month_12,group2,NA,no,no
46-0_05_20,90.0,7.0,3143.0,0.0,4.0,0.0,0.0,0.0,0.0,0.0,0.0,0.0,0.0,0.0,1.0,0.0,0.0,0.0,2.0,0.0,0.0,25.0,728.0,TATGGTAATTGTGTGCCAGCMGCCGCGGTAA,ATTAGAWACCCBDGTAGTCCGGCTGACTGACT,CTGATGTACACG,3.0,3C,Agf46-m0,130520.0,05_20,1.0,7.0,Month_02,group2,NA,no,yes
46-0_05_21,826.0,1.0,2950.0,0.0,1.0,0.0,3.0,0.0,0.0,0.0,0.0,0.0,7.0,0.0,0.0,0.0,0.0,0.0,4.0,5.0,0.0,11.0,192.0,TATGGTAATTGTGTGCCAGCMGCCGCGGTAA,ATTAGAWACCCBDGTAGTCCGGCTGACTGACT,TTACTTATCCGA,3.0,4D,Agf46-m0,20521.0,05_21,7.0,53.71428571,Month_14,group2,NA,no,no
46-0_07_20,2992.0,0.0,937.0,0.0,0.0,0.0,0.0,0.0,0.0,0.0,0.0,0.0,12.0,0.0,0.0,0.0,0.0,0.0,5.0,0.0,0.0,0.0,54.0,TATGGTAATTGTGTGCCAGCMGCCGCGGTAA,ATTAGAWACCCBDGTAGTCCGGCTGACTGACT,AATGGTTCAGCA,1.0,8H,Agf46-m0,720.0,07_20,2.0,15.14285714,Month_04,group2,NA,no,yes
46-0_11_20,2096.0,11.0,1683.0,0.0,38.0,0.0,0.0,0.0,0.0,0.0,0.0,0.0,3.0,0.0,0.0,1.0,0.0,0.0,1.0,7.0,0.0,12.0,148.0,TATGGTAATTGTGTGCCAGCMGCCGCGGTAA,ATTAGAWACCCBDGTAGTCCGGCTGACTGACT,TTCCAATACTCA,2.0,11F,Agf46-m0,121120.0,11_20,4.0,33.14285714,Month_08,group2,NA,no,no
46-1_05_20,299.0,41.0,2937.0,0.0,7.0,0.0,1.0,0.0,0.0,0.0,0.0,0.0,3.0,0.0,0.0,0.0,0.0,0.0,5.0,0.0,0.0,12.0,695.0,TATGGTAATTGTGTGCCAGCMGCCGCGGTAA,ATTAGAWACCCBDGTAGTCCGGCTGACTGACT,GGAATCCGATTA,7.0,1B,Agf46-m1,130520.0,05_20,1.0,7.0,Month_02,group2,17,yes,no
46-1_05_21,818.0,0.0,2297.0,0.0,0.0,0.0,12.0,0.0,0.0,0.0,0.0,0.0,0.0,0.0,0.0,0.0,0.0,0.0,5.0,10.0,0.0,25.0,833.0,TATGGTAATTGTGTGCCAGCMGCCGCGGTAA,ATTAGAWACCCBDGTAGTCCGGCTGACTGACT,GTGCCATAATCG,1.0,11H,Agf46-m1,20521.0,05_21,7.0,53.71428571,Month_14,group2,17,yes,no
46-1_07_20,520.0,11.0,3176.0,0.0,16.0,2.0,0.0,0.0,0.0,0.0,0.0,0.0,5.0,0.0,0.0,0.0,0.0,0.0,0.0,0.0,0.0,10.0,260.0,TATGGTAATTGTGTGCCAGCMGCCGCGGTAA,ATTAGAWACCCBDGTAGTCCGGCTGACTGACT,CTCTGAGGTAAC,2.0,10A,Agf46-m1,720.0,07_20,2.0,15.14285714,Month_04,group2,17,yes,no
46-1_09_20,2356.0,6.0,1422.0,0.0,28.0,1.0,0.0,3.0,0.0,0.0,0.0,0.0,8.0,0.0,0.0,0.0,0.0,0.0,8.0,0.0,0.0,3.0,165.0,TATGGTAATTGTGTGCCAGCMGCCGCGGTAA,ATTAGAWACCCBDGTAGTCCGGCTGACTGACT,CCTAACGGTCCA,1.0,4A,Agf46-m1,90920.0,09_20,3.0,25.0,Month_06,group2,17,yes,no
47-0_05_20,334.0,16.0,3392.0,0.0,7.0,3.0,0.0,0.0,0.0,0.0,0.0,0.0,3.0,0.0,1.0,0.0,0.0,0.0,0.0,0.0,0.0,9.0,235.0,TATGGTAATTGTGTGCCAGCMGCCGCGGTAA,ATTAGAWACCCBDGTAGTCCGGCTGACTGACT,CGAGGCGAGTCA,2.0,10F,Agf47-m0,130520.0,05_20,1.0,7.0,Month_02,group2,NA,no,no
47-0_05_21,2646.0,19.0,1224.0,0.0,17.0,0.0,0.0,0.0,0.0,0.0,0.0,0.0,30.0,0.0,0.0,0.0,0.0,3.0,18.0,11.0,30.0,0.0,2.0,TATGGTAATTGTGTGCCAGCMGCCGCGGTAA,ATTAGAWACCCBDGTAGTCCGGCTGACTGACT,AGCTTCGACAGT,6.0,5A,Agf47-m0,20521.0,05_21,7.0,53.71428571,Month_14,group2,NA,no,no
47-0_06_21,330.0,6.0,3570.0,0.0,6.0,0.0,1.0,1.0,0.0,0.0,0.0,0.0,1.0,0.0,0.0,2.0,0.0,0.0,0.0,5.0,2.0,50.0,26.0,TATGGTAATTGTGTGCCAGCMGCCGCGGTAA,ATTAGAWACCCBDGTAGTCCGGCTGACTGACT,AGGATCAGGGAA,1.0,10D,Agf47-m0,270521.0,06_21,8.0,65.14285714,Month_16,group2,NA,no,no
47-0_09_21,172.0,20.0,3217.0,0.0,19.0,0.0,9.0,0.0,0.0,0.0,0.0,0.0,0.0,0.0,7.0,7.0,0.0,0.0,0.0,0.0,0.0,48.0,501.0,TATGGTAATTGTGTGCCAGCMGCCGCGGTAA,ATTAGAWACCCBDGTAGTCCGGCTGACTGACT,TGAGTATGAGTA,1.0,7H,Agf47-m0,50921.0,09_21,9.0,75.57142857,Month_18,group2,NA,no,no
47-0_11_20,585.0,3.0,2528.0,0.0,8.0,0.0,2.0,0.0,0.0,0.0,0.0,0.0,5.0,0.0,0.0,0.0,0.0,3.0,6.0,17.0,0.0,7.0,836.0,TATGGTAATTGTGTGCCAGCMGCCGCGGTAA,ATTAGAWACCCBDGTAGTCCGGCTGACTGACT,CATTTACATCAC,4.0,5G,Agf47-m0,121120.0,11_20,4.0,33.14285714,Month_08,group2,NA,no,no
47-1_01_21,1576.0,2.0,2237.0,0.0,0.0,4.0,0.0,0.0,0.0,0.0,0.0,0.0,29.0,0.0,0.0,1.0,0.0,0.0,19.0,39.0,0.0,12.0,81.0,TATGGTAATTGTGTGCCAGCMGCCGCGGTAA,ATTAGAWACCCBDGTAGTCCGGCTGACTGACT,GTTGAAGCACCT,5.0,9D,Agf47-m1,100121.0,01_21,5.0,41.57142857,Month_10,group2,13,yes,no
47-1_03_21,692.0,14.0,2706.0,0.0,4.0,0.0,0.0,2.0,0.0,0.0,0.0,0.0,6.0,0.0,0.0,0.0,0.0,0.0,4.0,12.0,98.0,38.0,424.0,TATGGTAATTGTGTGCCAGCMGCCGCGGTAA,ATTAGAWACCCBDGTAGTCCGGCTGACTGACT,ACGCCGAGGTAG,6.0,4H,Agf47-m1,40321.0,03_21,6.0,49.14285714,Month_12,group2,13,yes,no
47-1_05_21,798.0,10.0,3014.0,0.0,0.0,0.0,4.0,0.0,1.0,0.0,0.0,0.0,0.0,0.0,0.0,0.0,0.0,0.0,14.0,69.0,20.0,58.0,12.0,TATGGTAATTGTGTGCCAGCMGCCGCGGTAA,ATTAGAWACCCBDGTAGTCCGGCTGACTGACT,CAGGGTAGGGTA,6.0,1C,Agf47-m1,20521.0,05_21,7.0,53.71428571,Month_14,group2,13,yes,no
47-1_07_20,762.0,13.0,2812.0,0.0,5.0,0.0,0.0,0.0,0.0,0.0,0.0,0.0,6.0,0.0,5.0,0.0,0.0,0.0,0.0,0.0,0.0,21.0,376.0,TATGGTAATTGTGTGCCAGCMGCCGCGGTAA,ATTAGAWACCCBDGTAGTCCGGCTGACTGACT,TGACTGCGTTAG,4.0,7B,Agf47-m1,720.0,07_20,2.0,15.14285714,Month_04,group2,13,yes,yes
