index,k__Bacteria;p__Firmicutes;c__Clostridia;o__Clostridiales;__,k__Bacteria;p__Firmicutes;c__Clostridia;o__Clostridiales;f__Ruminococcaceae,k__Bacteria;p__Firmicutes;c__Bacilli;o__Lactobacillales;f__Lactobacillaceae,k__Bacteria;p__Firmicutes;c__Clostridia;o__Clostridiales;f__Lachnospiraceae,k__Bacteria;p__Firmicutes;c__Clostridia;o__Clostridiales;f__,k__Bacteria;p__Firmicutes;c__Clostridia;o__Clostridiales;f__[Mogibacteriaceae],k__Bacteria;p__Bacteroidetes;c__Bacteroidia;o__Bacteroidales;f__Rikenellaceae,k__Bacteria;p__Bacteroidetes;c__Bacteroidia;o__Bacteroidales;f__S24-7,k__Bacteria;p__Tenericutes;c__Mollicutes;o__RF39;f__,k__Bacteria;__;__;__;__,k__Bacteria;p__Actinobacteria;c__Coriobacteriia;o__Coriobacteriales;f__Coriobacteriaceae,k__Bacteria;p__Firmicutes;c__Erysipelotrichi;o__Erysipelotrichales;f__Erysipelotrichaceae,k__Bacteria;p__Firmicutes;__;__;__,k__Bacteria;p__Bacteroidetes;c__Bacteroidia;o__Bacteroidales;f__Prevotellaceae,k__Bacteria;p__Firmicutes;c__Bacilli;o__Bacillales;f__Staphylococcaceae,k__Bacteria;p__Firmicutes;c__Bacilli;o__Bacillales;f__Planococcaceae,k__Bacteria;p__TM7;c__TM7-3;o__CW040;f__F16,k__Bacteria;p__Bacteroidetes;c__Bacteroidia;o__Bacteroidales;f__[Barnesiellaceae],k__Bacteria;p__Firmicutes;c__Clostridia;__;__,k__Bacteria;p__Bacteroidetes;c__Bacteroidia;o__Bacteroidales;f__Bacteroidaceae,k__Bacteria;p__Proteobacteria;c__Gammaproteobacteria;o__Pseudomonadales;f__Moraxellaceae,k__Bacteria;p__Proteobacteria;c__Deltaproteobacteria;o__Desulfovibrionales;f__Desulfovibrionaceae,k__Bacteria;p__Bacteroidetes;c__Bacteroidia;o__Bacteroidales;__,k__Bacteria;p__Actinobacteria;c__Actinobacteria;o__Actinomycetales;f__Micrococcaceae,k__Bacteria;p__Proteobacteria;c__Gammaproteobacteria;o__Enterobacteriales;f__Enterobacteriaceae,k__Bacteria;p__Actinobacteria;c__Actinobacteria;o__Bifidobacteriales;f__Bifidobacteriaceae,k__Bacteria;p__Bacteroidetes;c__[Saprospirae];o__[Saprospirales];f__Chitinophagaceae,k__Bacteria;p__Bacteroidetes;c__Bacteroidia;o__Bacteroidales;f__[Odoribacteraceae],k__Bacteria;p__Firmicutes;c__Clostridia;o__Clostridiales;f__Dehalobacteriaceae,k__Bacteria;p__Firmicutes;c__Clostridia;o__Clostridiales;f__Clostridiaceae,k__Bacteria;p__Proteobacteria;__;__;__,k__Bacteria;p__Cyanobacteria;c__4C0d-2;o__YS2;f__,k__Bacteria;p__Actinobacteria;c__Actinobacteria;o__Actinomycetales;f__Corynebacteriaceae,k__Bacteria;p__Firmicutes;c__Clostridia;o__Clostridiales;f__Veillonellaceae,k__Bacteria;p__Firmicutes;c__Bacilli;o__Lactobacillales;f__Aerococcaceae,k__Bacteria;p__Firmicutes;c__Bacilli;o__Turicibacterales;f__Turicibacteraceae,k__Bacteria;p__Bacteroidetes;c__Bacteroidia;o__Bacteroidales;f__Porphyromonadaceae,k__Bacteria;p__Bacteroidetes;c__Bacteroidia;o__Bacteroidales;f__[Paraprevotellaceae],k__Bacteria;p__Bacteroidetes;c__Bacteroidia;o__Bacteroidales;f__,k__Bacteria;p__Tenericutes;c__Mollicutes;o__Anaeroplasmatales;f__Anaeroplasmataceae,k__Bacteria;p__Proteobacteria;c__Betaproteobacteria;o__Burkholderiales;f__Alcaligenaceae,k__Bacteria;p__Verrucomicrobia;c__Verrucomicrobiae;o__Verrucomicrobiales;f__Verrucomicrobiaceae,LinkerPrimerSequence,ReversePrimer,barcode,Plate,WellPosition,mice_name,date,date_month,number,AgeWeeks,AgeMonth,group,death_age_month,death,metabolomics
14-0_01_21,337.0,176.0,5.0,116.0,87.0,0.0,195.0,2759.0,0.0,0.0,1.0,3.0,0.0,0.0,0.0,0.0,0.0,0.0,0.0,0.0,0.0,6.0,0.0,0.0,0.0,0.0,0.0,138.0,17.0,0.0,0.0,11.0,0.0,0.0,0.0,52.0,13.0,0.0,76.0,0.0,8.0,0.0,TATGGTAATTGTGTGCCAGCMGCCGCGGTAA,ATTAGAWACCCBDGTAGTCCGGCTGACTGACT,CGGTCAATTGAC,5.0,3C,Agf14-m0,100121.0,01_21,5.0,49.57142857,Month_12,group1,NA,no,no
14-0_05_20,761.0,99.0,15.0,138.0,89.0,0.0,292.0,2268.0,0.0,0.0,0.0,0.0,0.0,0.0,0.0,0.0,0.0,0.0,0.0,0.0,0.0,3.0,0.0,0.0,0.0,0.0,0.0,270.0,3.0,0.0,0.0,0.0,0.0,0.0,0.0,0.0,4.0,0.0,43.0,0.0,13.0,2.0,TATGGTAATTGTGTGCCAGCMGCCGCGGTAA,ATTAGAWACCCBDGTAGTCCGGCTGACTGACT,CAGTCCCTGCAC,5.0,6G,Agf14-m0,130520.0,05_20,1.0,15.0,Month_04,group1,NA,no,yes
14-0_06_21,1138.0,456.0,42.0,463.0,449.0,1.0,248.0,987.0,3.0,0.0,0.0,0.0,5.0,0.0,0.0,0.0,0.0,0.0,0.0,0.0,0.0,28.0,0.0,0.0,0.0,0.0,0.0,129.0,21.0,2.0,0.0,3.0,0.0,0.0,0.0,12.0,2.0,0.0,9.0,0.0,2.0,0.0,TATGGTAATTGTGTGCCAGCMGCCGCGGTAA,ATTAGAWACCCBDGTAGTCCGGCTGACTGACT,GGCAGTGTTAAT,6.0,12H,Agf14-m0,240621.0,06_21,8.0,73.14285714,Month_18,group1,NA,no,no
14-1_03_21,97.0,96.0,1.0,110.0,83.0,0.0,318.0,2990.0,0.0,0.0,0.0,0.0,0.0,1.0,0.0,0.0,0.0,0.0,0.0,0.0,0.0,5.0,0.0,0.0,0.0,0.0,0.0,209.0,9.0,0.0,0.0,22.0,0.0,1.0,0.0,2.0,10.0,0.0,45.0,0.0,0.0,1.0,TATGGTAATTGTGTGCCAGCMGCCGCGGTAA,ATTAGAWACCCBDGTAGTCCGGCTGACTGACT,CGGTAGTTGATC,7.0,3D,Agf14-m1,40321.0,03_21,6.0,57.14285714,Month_14,group1,17,yes,no
14-1_05_20,531.0,95.0,35.0,96.0,33.0,0.0,330.0,2528.0,0.0,0.0,0.0,0.0,0.0,0.0,0.0,0.0,0.0,0.0,0.0,0.0,0.0,13.0,0.0,0.0,0.0,0.0,0.0,279.0,6.0,0.0,0.0,5.0,0.0,0.0,0.0,0.0,0.0,0.0,45.0,0.0,4.0,0.0,TATGGTAATTGTGTGCCAGCMGCCGCGGTAA,ATTAGAWACCCBDGTAGTCCGGCTGACTGACT,GCCCTTCCCGTG,5.0,12C,Agf14-m1,130520.0,05_20,1.0,15.0,Month_04,group1,17,yes,yes
14-1_05_21,628.0,338.0,2.0,207.0,47.0,0.0,281.0,2072.0,0.0,4.0,0.0,0.0,25.0,0.0,0.0,0.0,0.0,0.0,0.0,0.0,0.0,25.0,0.0,0.0,0.0,0.0,0.0,289.0,9.0,0.0,3.0,15.0,0.0,0.0,0.0,0.0,3.0,0.0,50.0,0.0,1.0,1.0,TATGGTAATTGTGTGCCAGCMGCCGCGGTAA,ATTAGAWACCCBDGTAGTCCGGCTGACTGACT,CGGAGAGACATG,3.0,10H,Agf14-m1,20521.0,05_21,7.0,61.71428571,Month_16,group1,17,yes,no
14-1_07_20,1392.0,359.0,0.0,547.0,42.0,0.0,281.0,1262.0,0.0,8.0,0.0,0.0,0.0,2.0,0.0,0.0,0.0,0.0,0.0,0.0,0.0,41.0,0.0,0.0,0.0,0.0,0.0,6.0,38.0,0.0,0.0,3.0,0.0,0.0,0.0,0.0,6.0,0.0,10.0,0.0,3.0,0.0,TATGGTAATTGTGTGCCAGCMGCCGCGGTAA,ATTAGAWACCCBDGTAGTCCGGCTGACTGACT,TGGTGGAGTTTC,3.0,6C,Agf14-m1,720.0,07_20,2.0,23.14285714,Month_06,group1,17,yes,no
14-2_01_21,61.0,103.0,19.0,121.0,61.0,0.0,93.0,3332.0,0.0,4.0,0.0,2.0,0.0,5.0,0.0,0.0,0.0,0.0,0.0,0.0,0.0,7.0,0.0,0.0,0.0,0.0,0.0,43.0,2.0,0.0,0.0,9.0,0.0,0.0,0.0,42.0,23.0,0.0,33.0,0.0,39.0,1.0,TATGGTAATTGTGTGCCAGCMGCCGCGGTAA,ATTAGAWACCCBDGTAGTCCGGCTGACTGACT,TATCGTTATCGT,6.0,7E,Agf14-m2,100121.0,01_21,5.0,49.57142857,Month_12,group1,NA,no,no
14-2_05_20,1066.0,148.0,3.0,213.0,135.0,0.0,314.0,1662.0,0.0,0.0,0.0,0.0,0.0,0.0,0.0,0.0,0.0,0.0,0.0,0.0,0.0,0.0,0.0,0.0,0.0,0.0,0.0,420.0,6.0,0.0,0.0,18.0,0.0,0.0,0.0,0.0,9.0,0.0,5.0,0.0,0.0,1.0,TATGGTAATTGTGTGCCAGCMGCCGCGGTAA,ATTAGAWACCCBDGTAGTCCGGCTGACTGACT,CAGACCGGACGA,7.0,2E,Agf14-m2,130520.0,05_20,1.0,15.0,Month_04,group1,NA,no,yes
14-2_05_21,495.0,246.0,57.0,525.0,91.0,0.0,581.0,1616.0,2.0,0.0,0.0,0.0,3.0,0.0,0.0,0.0,0.0,0.0,0.0,0.0,0.0,5.0,0.0,0.0,0.0,0.0,0.0,208.0,0.0,0.0,0.0,27.0,0.0,0.0,0.0,72.0,9.0,0.0,60.0,0.0,3.0,0.0,TATGGTAATTGTGTGCCAGCMGCCGCGGTAA,ATTAGAWACCCBDGTAGTCCGGCTGACTGACT,AAGCCTCTACGA,6.0,3D,Agf14-m2,20521.0,05_21,7.0,61.71428571,Month_16,group1,NA,no,no
14-2_06_21,71.0,88.0,29.0,124.0,47.0,3.0,215.0,3114.0,0.0,2.0,0.0,9.0,0.0,0.0,0.0,0.0,0.0,0.0,0.0,0.0,0.0,0.0,0.0,0.0,0.0,2.0,0.0,130.0,1.0,0.0,0.0,32.0,0.0,0.0,0.0,34.0,13.0,0.0,67.0,0.0,15.0,4.0,TATGGTAATTGTGTGCCAGCMGCCGCGGTAA,ATTAGAWACCCBDGTAGTCCGGCTGACTGACT,CGATATCAGTAG,7.0,9B,Agf14-m2,270521.0,06_21,8.0,73.14285714,Month_18,group1,NA,no,no
14-2_09_20,708.0,544.0,18.0,620.0,220.0,0.0,789.0,758.0,0.0,7.0,2.0,1.0,0.0,0.0,0.0,0.0,0.0,0.0,0.0,0.0,0.0,6.0,0.0,0.0,0.0,0.0,0.0,264.0,17.0,0.0,0.0,19.0,0.0,0.0,0.0,0.0,7.0,0.0,19.0,0.0,0.0,1.0,TATGGTAATTGTGTGCCAGCMGCCGCGGTAA,ATTAGAWACCCBDGTAGTCCGGCTGACTGACT,ATGTAGGCTTAG,5.0,10F,Agf14-m2,90920.0,09_20,3.0,33.0,Month_08,group1,NA,no,no
15-0_03_21,165.0,229.0,52.0,294.0,80.0,1.0,445.0,2490.0,0.0,3.0,0.0,0.0,0.0,6.0,0.0,0.0,0.0,0.0,0.0,0.0,0.0,8.0,0.0,0.0,0.0,0.0,0.0,188.0,12.0,0.0,0.0,6.0,0.0,0.0,0.0,0.0,17.0,0.0,0.0,0.0,0.0,4.0,TATGGTAATTGTGTGCCAGCMGCCGCGGTAA,ATTAGAWACCCBDGTAGTCCGGCTGACTGACT,TACCTGTGTCTT,6.0,1G,Agf15-m0,40321.0,03_21,6.0,57.14285714,Month_14,group1,NA,no,no
15-0_06_21,1096.0,131.0,17.0,145.0,167.0,2.0,82.0,2180.0,0.0,18.0,0.0,0.0,0.0,0.0,0.0,0.0,0.0,0.0,0.0,0.0,0.0,0.0,0.0,0.0,0.0,0.0,0.0,73.0,3.0,0.0,0.0,0.0,0.0,0.0,0.0,0.0,36.0,0.0,0.0,50.0,0.0,0.0,TATGGTAATTGTGTGCCAGCMGCCGCGGTAA,ATTAGAWACCCBDGTAGTCCGGCTGACTGACT,TCTACGGCACGT,6.0,10B,Agf15-m0,270521.0,06_21,8.0,73.14285714,Month_18,group1,NA,no,no
15-0_07_20,161.0,151.0,73.0,250.0,55.0,0.0,575.0,2461.0,0.0,11.0,0.0,0.0,0.0,2.0,7.0,0.0,0.0,0.0,0.0,0.0,0.0,0.0,0.0,0.0,0.0,0.0,0.0,137.0,17.0,0.0,0.0,12.0,0.0,0.0,0.0,8.0,11.0,0.0,67.0,0.0,2.0,0.0,TATGGTAATTGTGTGCCAGCMGCCGCGGTAA,ATTAGAWACCCBDGTAGTCCGGCTGACTGACT,AGCCCGCAAAGG,6.0,11B,Agf15-m0,720.0,07_20,2.0,23.14285714,Month_06,group1,NA,no,no
15-1_01_21,1128.0,735.0,20.0,814.0,624.0,3.0,253.0,308.0,0.0,3.0,0.0,0.0,0.0,2.0,0.0,0.0,0.0,0.0,0.0,0.0,0.0,14.0,0.0,0.0,0.0,0.0,0.0,69.0,14.0,0.0,0.0,10.0,0.0,0.0,0.0,3.0,0.0,0.0,0.0,0.0,0.0,0.0,TATGGTAATTGTGTGCCAGCMGCCGCGGTAA,ATTAGAWACCCBDGTAGTCCGGCTGACTGACT,GGCCTATAAGTC,6.0,11C,Agf15-m1,100121.0,01_21,5.0,49.57142857,Month_12,group1,NA,no,no
15-1_03_21,612.0,177.0,167.0,211.0,151.0,0.0,153.0,1744.0,0.0,16.0,0.0,7.0,0.0,517.0,0.0,0.0,0.0,0.0,0.0,0.0,0.0,6.0,0.0,0.0,0.0,10.0,0.0,123.0,6.0,0.0,0.0,6.0,0.0,0.0,0.0,40.0,9.0,0.0,0.0,40.0,5.0,0.0,TATGGTAATTGTGTGCCAGCMGCCGCGGTAA,ATTAGAWACCCBDGTAGTCCGGCTGACTGACT,TAAGAAACGTCA,6.0,5B,Agf15-m1,40321.0,03_21,6.0,57.14285714,Month_14,group1,NA,no,no
15-1_05_20,117.0,129.0,25.0,243.0,93.0,0.0,539.0,2752.0,0.0,0.0,1.0,0.0,0.0,3.0,0.0,0.0,0.0,0.0,0.0,0.0,0.0,1.0,0.0,0.0,0.0,2.0,0.0,19.0,5.0,0.0,0.0,4.0,0.0,0.0,0.0,10.0,13.0,0.0,40.0,0.0,3.0,1.0,TATGGTAATTGTGTGCCAGCMGCCGCGGTAA,ATTAGAWACCCBDGTAGTCCGGCTGACTGACT,TGAGTGGTCTGT,1.0,8F,Agf15-m1,130520.0,05_20,1.0,15.0,Month_04,group1,NA,no,yes
15-1_06_21,1670.0,166.0,6.0,181.0,149.0,0.0,17.0,1445.0,0.0,49.0,2.0,0.0,0.0,2.0,0.0,0.0,0.0,0.0,0.0,0.0,0.0,14.0,0.0,0.0,0.0,0.0,0.0,266.0,8.0,0.0,0.0,0.0,0.0,0.0,0.0,0.0,10.0,0.0,0.0,15.0,0.0,0.0,TATGGTAATTGTGTGCCAGCMGCCGCGGTAA,ATTAGAWACCCBDGTAGTCCGGCTGACTGACT,ACCCGGATTTCG,6.0,3C,Agf15-m1,270521.0,06_21,8.0,73.14285714,Month_18,group1,NA,no,no
15-1_07_20,141.0,249.0,27.0,295.0,118.0,1.0,534.0,2549.0,0.0,0.0,0.0,0.0,0.0,5.0,0.0,0.0,0.0,0.0,0.0,0.0,0.0,7.0,0.0,1.0,0.0,0.0,0.0,5.0,7.0,0.0,0.0,8.0,0.0,0.0,0.0,4.0,12.0,0.0,33.0,0.0,2.0,2.0,TATGGTAATTGTGTGCCAGCMGCCGCGGTAA,ATTAGAWACCCBDGTAGTCCGGCTGACTGACT,CACGTTTATTCC,1.0,11B,Agf15-m1,720.0,07_20,2.0,23.14285714,Month_06,group1,NA,no,no
15-1_09_20,349.0,107.0,52.0,121.0,115.0,0.0,117.0,3029.0,0.0,0.0,0.0,0.0,0.0,2.0,0.0,0.0,0.0,0.0,0.0,0.0,0.0,2.0,0.0,0.0,0.0,0.0,0.0,13.0,6.0,0.0,0.0,2.0,0.0,0.0,0.0,28.0,19.0,0.0,24.0,0.0,12.0,2.0,TATGGTAATTGTGTGCCAGCMGCCGCGGTAA,ATTAGAWACCCBDGTAGTCCGGCTGACTGACT,AGTTATTCTAGT,7.0,3E,Agf15-m1,90920.0,09_20,3.0,33.0,Month_08,group1,NA,no,no
16-0_01_21,240.0,30.0,22.0,36.0,34.0,0.0,192.0,3154.0,0.0,0.0,0.0,2.0,0.0,0.0,0.0,0.0,0.0,0.0,0.0,0.0,0.0,2.0,0.0,0.0,0.0,4.0,0.0,189.0,0.0,0.0,0.0,5.0,0.0,0.0,0.0,33.0,3.0,0.0,48.0,0.0,6.0,0.0,TATGGTAATTGTGTGCCAGCMGCCGCGGTAA,ATTAGAWACCCBDGTAGTCCGGCTGACTGACT,CGAATACTGACA,3.0,7G,Agf16-m0,100121.0,01_21,5.0,49.57142857,Month_12,group1,15,yes,no
16-0_05_21,218.0,275.0,0.0,312.0,185.0,0.0,167.0,2418.0,0.0,1.0,0.0,3.0,0.0,3.0,0.0,0.0,0.0,0.0,0.0,0.0,0.0,7.0,0.0,0.0,9.0,2.0,0.0,175.0,1.0,0.0,0.0,18.0,0.0,0.0,0.0,21.0,37.0,0.0,144.0,0.0,3.0,1.0,TATGGTAATTGTGTGCCAGCMGCCGCGGTAA,ATTAGAWACCCBDGTAGTCCGGCTGACTGACT,AATTAATATGTA,2.0,8C,Agf16-m0,20521.0,05_21,7.0,61.71428571,Month_16,group1,15,yes,no
16-0_07_20,75.0,69.0,22.0,101.0,44.0,0.0,250.0,3231.0,0.0,1.0,0.0,0.0,0.0,2.0,0.0,0.0,0.0,0.0,0.0,0.0,0.0,2.0,0.0,0.0,0.0,1.0,0.0,128.0,10.0,0.0,0.0,3.0,0.0,0.0,0.0,17.0,6.0,0.0,17.0,0.0,20.0,1.0,TATGGTAATTGTGTGCCAGCMGCCGCGGTAA,ATTAGAWACCCBDGTAGTCCGGCTGACTGACT,CTGGTGCTGAAT,5.0,8D,Agf16-m0,720.0,07_20,2.0,23.14285714,Month_06,group1,15,yes,no
16-0_11_20,1151.0,190.0,45.0,153.0,155.0,0.0,213.0,1756.0,0.0,0.0,0.0,4.0,0.0,0.0,0.0,0.0,0.0,0.0,0.0,0.0,0.0,11.0,0.0,0.0,0.0,0.0,0.0,257.0,0.0,0.0,0.0,4.0,0.0,0.0,0.0,0.0,3.0,0.0,50.0,0.0,8.0,0.0,TATGGTAATTGTGTGCCAGCMGCCGCGGTAA,ATTAGAWACCCBDGTAGTCCGGCTGACTGACT,GTTCCATCGGCC,6.0,6G,Agf16-m0,121120.0,11_20,4.0,41.14285714,Month_10,group1,15,yes,no
16-1_03_21,557.0,103.0,7.0,117.0,138.0,0.0,284.0,2248.0,0.0,0.0,0.0,5.0,0.0,0.0,0.0,0.0,0.0,0.0,0.0,0.0,0.0,7.0,0.0,0.0,0.0,0.0,0.0,368.0,5.0,0.0,0.0,10.0,0.0,0.0,0.0,0.0,16.0,0.0,123.0,0.0,12.0,0.0,TATGGTAATTGTGTGCCAGCMGCCGCGGTAA,ATTAGAWACCCBDGTAGTCCGGCTGACTGACT,ATCTAGTGGCAA,1.0,4D,Agf16-m1,40321.0,03_21,6.0,57.14285714,Month_14,group1,NA,no,no
16-1_05_21,126.0,140.0,4.0,125.0,229.0,0.0,141.0,2844.0,0.0,5.0,0.0,0.0,0.0,0.0,0.0,0.0,0.0,0.0,0.0,0.0,0.0,9.0,0.0,0.0,0.0,0.0,0.0,185.0,6.0,2.0,0.0,11.0,0.0,0.0,0.0,13.0,2.0,0.0,149.0,0.0,9.0,0.0,TATGGTAATTGTGTGCCAGCMGCCGCGGTAA,ATTAGAWACCCBDGTAGTCCGGCTGACTGACT,AGGGACTTCAAT,3.0,5E,Agf16-m1,20521.0,05_21,7.0,61.71428571,Month_16,group1,NA,no,no
16-1_07_20,416.0,132.0,37.0,249.0,95.0,2.0,193.0,2565.0,0.0,9.0,0.0,0.0,0.0,1.0,0.0,0.0,0.0,0.0,0.0,0.0,0.0,4.0,0.0,0.0,0.0,1.0,0.0,169.0,6.0,0.0,0.0,16.0,0.0,0.0,0.0,40.0,23.0,0.0,38.0,0.0,4.0,0.0,TATGGTAATTGTGTGCCAGCMGCCGCGGTAA,ATTAGAWACCCBDGTAGTCCGGCTGACTGACT,GAGCGCCGAACA,6.0,12B,Agf16-m1,720.0,07_20,2.0,23.14285714,Month_06,group1,NA,no,no
16-2_07_20,161.0,237.0,50.0,408.0,217.0,0.0,327.0,2141.0,0.0,11.0,0.0,0.0,0.0,0.0,0.0,0.0,0.0,0.0,0.0,0.0,0.0,4.0,0.0,0.0,0.0,0.0,0.0,316.0,9.0,0.0,0.0,7.0,0.0,0.0,0.0,46.0,10.0,0.0,54.0,0.0,1.0,1.0,TATGGTAATTGTGTGCCAGCMGCCGCGGTAA,ATTAGAWACCCBDGTAGTCCGGCTGACTGACT,AACGCTTCTTAT,5.0,12H,Agf16-m2,720.0,07_20,2.0,23.14285714,Month_06,group1,NA,no,no
18-0_01_21,843.0,451.0,44.0,289.0,271.0,0.0,214.0,1148.0,0.0,5.0,0.0,0.0,0.0,286.0,0.0,0.0,0.0,0.0,0.0,2.0,0.0,21.0,0.0,0.0,0.0,0.0,0.0,282.0,16.0,0.0,0.0,33.0,0.0,0.0,0.0,23.0,5.0,0.0,0.0,65.0,0.0,2.0,TATGGTAATTGTGTGCCAGCMGCCGCGGTAA,ATTAGAWACCCBDGTAGTCCGGCTGACTGACT,GATTCTTTAGAT,5.0,11A,Agf18-m0,100121.0,01_21,5.0,49.0,Month_12,group1,NA,no,no
18-0_03_21,714.0,272.0,35.0,162.0,160.0,0.0,173.0,1250.0,0.0,9.0,0.0,4.0,0.0,338.0,0.0,0.0,0.0,0.0,1.0,7.0,0.0,3.0,0.0,0.0,0.0,1.0,0.0,583.0,5.0,0.0,5.0,37.0,0.0,0.0,0.0,60.0,21.0,0.0,0.0,111.0,1.0,48.0,TATGGTAATTGTGTGCCAGCMGCCGCGGTAA,ATTAGAWACCCBDGTAGTCCGGCTGACTGACT,GATGCCTAATGA,3.0,4F,Agf18-m0,40321.0,03_21,6.0,56.57142857,Month_14,group1,NA,no,no
18-0_06_21,838.0,382.0,3.0,362.0,299.0,1.0,111.0,1318.0,0.0,44.0,0.0,0.0,10.0,489.0,0.0,0.0,0.0,0.0,0.0,0.0,0.0,7.0,0.0,0.0,0.0,0.0,0.0,104.0,15.0,0.0,0.0,2.0,0.0,0.0,0.0,1.0,4.0,0.0,0.0,4.0,0.0,6.0,TATGGTAATTGTGTGCCAGCMGCCGCGGTAA,ATTAGAWACCCBDGTAGTCCGGCTGACTGACT,GTTAGGGAGCGA,5.0,7B,Agf18-m0,270521.0,06_21,8.0,72.57142857,Month_18,group1,NA,no,no
18-0_11_20,984.0,678.0,15.0,566.0,441.0,0.0,120.0,914.0,0.0,5.0,0.0,0.0,0.0,90.0,0.0,0.0,0.0,0.0,0.0,0.0,0.0,23.0,0.0,0.0,0.0,0.0,0.0,117.0,27.0,0.0,0.0,6.0,0.0,0.0,0.0,0.0,0.0,0.0,0.0,11.0,0.0,3.0,TATGGTAATTGTGTGCCAGCMGCCGCGGTAA,ATTAGAWACCCBDGTAGTCCGGCTGACTGACT,CGAACGTCTATG,5.0,6F,Agf18-m0,121120.0,11_20,4.0,40.57142857,Month_10,group1,NA,no,no
18-1_01_21,166.0,94.0,10.0,105.0,70.0,0.0,27.0,2257.0,0.0,2.0,0.0,2.0,0.0,321.0,0.0,0.0,0.0,0.0,0.0,4.0,0.0,3.0,0.0,0.0,0.0,0.0,0.0,145.0,11.0,0.0,1.0,0.0,0.0,0.0,0.0,9.0,135.0,0.0,0.0,118.0,59.0,461.0,TATGGTAATTGTGTGCCAGCMGCCGCGGTAA,ATTAGAWACCCBDGTAGTCCGGCTGACTGACT,CTCACGCAATGC,6.0,5H,Agf18-m1,100121.0,01_21,5.0,49.0,Month_12,group1,NA,no,no
18-1_05_20,261.0,248.0,48.0,257.0,62.0,0.0,875.0,1347.0,0.0,0.0,0.0,0.0,0.0,433.0,0.0,0.0,0.0,0.0,0.0,0.0,0.0,4.0,0.0,0.0,0.0,0.0,0.0,385.0,8.0,0.0,0.0,22.0,0.0,0.0,0.0,7.0,0.0,0.0,7.0,36.0,0.0,0.0,TATGGTAATTGTGTGCCAGCMGCCGCGGTAA,ATTAGAWACCCBDGTAGTCCGGCTGACTGACT,GCTAGTTATGGA,5.0,2A,Agf18-m1,130520.0,05_20,1.0,14.42857143,Month_04,group1,NA,no,yes
18-1_06_21,758.0,406.0,0.0,765.0,46.0,2.0,122.0,1214.0,0.0,70.0,0.0,0.0,4.0,227.0,0.0,0.0,0.0,0.0,0.0,0.0,0.0,19.0,0.0,0.0,0.0,0.0,0.0,322.0,15.0,0.0,0.0,17.0,0.0,0.0,0.0,0.0,0.0,0.0,0.0,0.0,0.0,13.0,TATGGTAATTGTGTGCCAGCMGCCGCGGTAA,ATTAGAWACCCBDGTAGTCCGGCTGACTGACT,CTCAGCGGGACG,3.0,2G,Agf18-m1,270521.0,06_21,8.0,72.57142857,Month_18,group1,NA,no,no
18-2_01_21,790.0,630.0,62.0,861.0,505.0,0.0,221.0,533.0,0.0,6.0,0.0,0.0,0.0,128.0,0.0,0.0,0.0,0.0,0.0,0.0,0.0,25.0,0.0,0.0,0.0,0.0,0.0,161.0,19.0,0.0,0.0,14.0,0.0,0.0,0.0,14.0,8.0,0.0,0.0,19.0,0.0,4.0,TATGGTAATTGTGTGCCAGCMGCCGCGGTAA,ATTAGAWACCCBDGTAGTCCGGCTGACTGACT,CTAACCTCATAT,6.0,4A,Agf18-m2,100121.0,01_21,5.0,49.0,Month_12,group1,NA,no,no
18-2_05_20,407.0,304.0,10.0,442.0,255.0,0.0,451.0,1275.0,0.0,6.0,0.0,0.0,0.0,600.0,0.0,0.0,0.0,0.0,0.0,0.0,0.0,25.0,0.0,0.0,0.0,0.0,0.0,142.0,34.0,0.0,0.0,15.0,0.0,0.0,0.0,13.0,0.0,0.0,10.0,9.0,0.0,2.0,TATGGTAATTGTGTGCCAGCMGCCGCGGTAA,ATTAGAWACCCBDGTAGTCCGGCTGACTGACT,CTGAGGCCCTTC,5.0,7H,Agf18-m2,130520.0,05_20,1.0,14.42857143,Month_04,group1,NA,no,yes
18-2_06_21,312.0,141.0,27.0,176.0,177.0,2.0,182.0,1617.0,5.0,46.0,0.0,2.0,0.0,1096.0,0.0,0.0,0.0,0.0,0.0,2.0,0.0,2.0,0.0,0.0,0.0,0.0,0.0,166.0,5.0,4.0,5.0,1.0,0.0,0.0,0.0,9.0,11.0,0.0,0.0,0.0,10.0,2.0,TATGGTAATTGTGTGCCAGCMGCCGCGGTAA,ATTAGAWACCCBDGTAGTCCGGCTGACTGACT,CTCCCACTAGAG,5.0,12F,Agf18-m2,270521.0,06_21,8.0,72.57142857,Month_18,group1,NA,no,no
18-2_07_20,401.0,108.0,10.0,139.0,115.0,0.0,224.0,1579.0,0.0,5.0,0.0,0.0,0.0,409.0,0.0,0.0,0.0,0.0,0.0,2.0,0.0,6.0,0.0,0.0,0.0,0.0,0.0,271.0,3.0,0.0,0.0,10.0,0.0,0.0,0.0,0.0,29.0,0.0,2.0,1.0,9.0,677.0,TATGGTAATTGTGTGCCAGCMGCCGCGGTAA,ATTAGAWACCCBDGTAGTCCGGCTGACTGACT,AGGACAAACTAT,5.0,11B,Agf18-m2,720.0,07_20,2.0,22.57142857,Month_06,group1,NA,no,no
18-2_09_20,2148.0,296.0,11.0,210.0,216.0,3.0,126.0,518.0,0.0,0.0,0.0,0.0,0.0,234.0,0.0,0.0,0.0,0.0,0.0,0.0,0.0,15.0,0.0,0.0,0.0,0.0,0.0,178.0,8.0,0.0,2.0,3.0,0.0,0.0,0.0,0.0,0.0,0.0,14.0,0.0,0.0,18.0,TATGGTAATTGTGTGCCAGCMGCCGCGGTAA,ATTAGAWACCCBDGTAGTCCGGCTGACTGACT,CGTGGTGGGAAC,6.0,8B,Agf18-m2,90920.0,09_20,3.0,32.42857143,Month_08,group1,NA,no,no
19-0_01_21,183.0,148.0,47.0,205.0,83.0,0.0,444.0,2191.0,0.0,0.0,0.0,2.0,0.0,214.0,0.0,0.0,0.0,0.0,0.0,2.0,0.0,0.0,0.0,0.0,6.0,3.0,0.0,209.0,22.0,0.0,3.0,3.0,0.0,0.0,0.0,66.0,13.0,0.0,0.0,0.0,5.0,151.0,TATGGTAATTGTGTGCCAGCMGCCGCGGTAA,ATTAGAWACCCBDGTAGTCCGGCTGACTGACT,CAGTGTCATGAA,6.0,6C,Agf19-m0,100121.0,01_21,5.0,49.0,Month_12,group1,13,yes,no
19-0_07_20,504.0,72.0,26.0,68.0,58.0,3.0,254.0,1889.0,0.0,0.0,0.0,0.0,0.0,386.0,0.0,0.0,0.0,0.0,0.0,0.0,0.0,2.0,0.0,0.0,0.0,0.0,0.0,294.0,8.0,0.0,0.0,0.0,0.0,0.0,0.0,0.0,21.0,0.0,2.0,0.0,12.0,401.0,TATGGTAATTGTGTGCCAGCMGCCGCGGTAA,ATTAGAWACCCBDGTAGTCCGGCTGACTGACT,CATGATTAAGAG,6.0,3G,Agf19-m0,720.0,07_20,2.0,22.57142857,Month_06,group1,13,yes,no
19-0_11_20,178.0,222.0,45.0,460.0,122.0,0.0,531.0,1847.0,0.0,0.0,0.0,0.0,0.0,244.0,0.0,0.0,0.0,0.0,0.0,0.0,0.0,0.0,0.0,0.0,0.0,0.0,0.0,205.0,9.0,0.0,0.0,30.0,0.0,0.0,0.0,11.0,0.0,0.0,0.0,41.0,4.0,51.0,TATGGTAATTGTGTGCCAGCMGCCGCGGTAA,ATTAGAWACCCBDGTAGTCCGGCTGACTGACT,GAACCAGTACTC,1.0,9H,Agf19-m0,121120.0,11_20,4.0,40.57142857,Month_10,group1,13,yes,no
19-1_01_21,170.0,125.0,157.0,221.0,118.0,1.0,210.0,2190.0,0.0,0.0,0.0,0.0,0.0,561.0,0.0,0.0,0.0,0.0,0.0,3.0,0.0,0.0,0.0,0.0,0.0,1.0,0.0,158.0,7.0,0.0,0.0,9.0,1.0,0.0,0.0,13.0,5.0,0.0,0.0,21.0,8.0,21.0,TATGGTAATTGTGTGCCAGCMGCCGCGGTAA,ATTAGAWACCCBDGTAGTCCGGCTGACTGACT,TGACTAATGGCC,1.0,1C,Agf19-m1,100121.0,01_21,5.0,49.0,Month_12,group1,NA,no,no
19-1_03_21,286.0,429.0,26.0,483.0,517.0,4.0,322.0,1361.0,0.0,13.0,2.0,3.0,0.0,358.0,0.0,0.0,0.0,0.0,0.0,1.0,0.0,12.0,0.0,0.0,0.0,2.0,0.0,62.0,24.0,0.0,0.0,48.0,0.0,0.0,0.0,3.0,8.0,0.0,21.0,0.0,12.0,3.0,TATGGTAATTGTGTGCCAGCMGCCGCGGTAA,ATTAGAWACCCBDGTAGTCCGGCTGACTGACT,CAACTTAATGTT,7.0,10E,Agf19-m1,40321.0,03_21,6.0,56.57142857,Month_14,group1,NA,no,no
19-1_05_20,83.0,126.0,6.0,110.0,21.0,0.0,375.0,2338.0,2.0,17.0,3.0,0.0,0.0,615.0,0.0,0.0,0.0,0.0,0.0,4.0,0.0,5.0,0.0,0.0,0.0,0.0,0.0,135.0,19.0,0.0,0.0,8.0,0.0,0.0,0.0,1.0,3.0,0.0,13.0,15.0,5.0,96.0,TATGGTAATTGTGTGCCAGCMGCCGCGGTAA,ATTAGAWACCCBDGTAGTCCGGCTGACTGACT,AGCTCTAGAAAC,2.0,3C,Agf19-m1,130520.0,05_20,1.0,14.42857143,Month_04,group1,NA,no,no
19-1_05_21,755.0,410.0,61.0,190.0,301.0,3.0,242.0,1446.0,0.0,32.0,2.0,1.0,0.0,321.0,0.0,0.0,0.0,0.0,0.0,1.0,0.0,33.0,0.0,0.0,0.0,0.0,0.0,137.0,23.0,0.0,0.0,4.0,4.0,0.0,0.0,15.0,6.0,0.0,0.0,8.0,4.0,1.0,TATGGTAATTGTGTGCCAGCMGCCGCGGTAA,ATTAGAWACCCBDGTAGTCCGGCTGACTGACT,AATACAGACCTG,3.0,2B,Agf19-m1,20521.0,05_21,7.0,61.14285714,Month_16,group1,NA,no,no
19-1_06_21,351.0,637.0,3.0,348.0,204.0,1.0,187.0,1539.0,0.0,9.0,0.0,0.0,0.0,428.0,0.0,0.0,0.0,0.0,0.0,0.0,0.0,30.0,0.0,0.0,0.0,0.0,0.0,218.0,8.0,0.0,0.0,11.0,0.0,0.0,0.0,2.0,2.0,0.0,0.0,0.0,21.0,1.0,TATGGTAATTGTGTGCCAGCMGCCGCGGTAA,ATTAGAWACCCBDGTAGTCCGGCTGACTGACT,CCGAGGTATAAT,3.0,7B,Agf19-m1,270521.0,06_21,8.0,72.57142857,Month_18,group1,NA,no,no
19-1_07_20,577.0,100.0,39.0,113.0,41.0,1.0,140.0,2177.0,0.0,18.0,0.0,0.0,0.0,552.0,0.0,0.0,0.0,0.0,0.0,5.0,0.0,0.0,0.0,0.0,0.0,0.0,0.0,174.0,5.0,0.0,0.0,23.0,0.0,0.0,0.0,11.0,9.0,0.0,0.0,0.0,6.0,9.0,TATGGTAATTGTGTGCCAGCMGCCGCGGTAA,ATTAGAWACCCBDGTAGTCCGGCTGACTGACT,AATCTCTATAAC,7.0,9D,Agf19-m1,720.0,07_20,2.0,22.57142857,Month_06,group1,NA,no,no
19-1_11_20,288.0,516.0,62.0,539.0,94.0,2.0,267.0,1574.0,0.0,12.0,0.0,0.0,0.0,441.0,0.0,0.0,0.0,0.0,0.0,0.0,0.0,19.0,0.0,0.0,0.0,0.0,0.0,89.0,28.0,0.0,0.0,24.0,0.0,0.0,0.0,3.0,0.0,0.0,0.0,20.0,0.0,22.0,TATGGTAATTGTGTGCCAGCMGCCGCGGTAA,ATTAGAWACCCBDGTAGTCCGGCTGACTGACT,TCTGGCTACGAC,4.0,5A,Agf19-m1,121120.0,11_20,4.0,40.57142857,Month_10,group1,NA,no,no
19-2_03_21,150.0,107.0,17.0,150.0,43.0,1.0,174.0,3019.0,0.0,2.0,0.0,1.0,0.0,51.0,0.0,0.0,0.0,0.0,0.0,3.0,0.0,3.0,0.0,0.0,0.0,2.0,0.0,158.0,7.0,0.0,1.0,8.0,0.0,0.0,0.0,30.0,1.0,0.0,0.0,5.0,28.0,39.0,TATGGTAATTGTGTGCCAGCMGCCGCGGTAA,ATTAGAWACCCBDGTAGTCCGGCTGACTGACT,ATTCGGTAGTGC,6.0,7F,Agf19-m2,40321.0,03_21,6.0,56.57142857,Month_14,group1,NA,no,no
19-2_09_20,442.0,83.0,11.0,82.0,65.0,0.0,93.0,2677.0,0.0,0.0,0.0,0.0,0.0,225.0,0.0,0.0,0.0,0.0,0.0,0.0,0.0,8.0,0.0,0.0,0.0,0.0,0.0,240.0,10.0,0.0,0.0,0.0,0.0,0.0,0.0,0.0,0.0,0.0,16.0,0.0,7.0,41.0,TATGGTAATTGTGTGCCAGCMGCCGCGGTAA,ATTAGAWACCCBDGTAGTCCGGCTGACTGACT,ACGTGCCTTAGA,3.0,3E,Agf19-m2,90920.0,09_20,3.0,32.42857143,Month_08,group1,NA,no,no
19-2_11_20,2105.0,180.0,22.0,255.0,114.0,1.0,175.0,727.0,0.0,0.0,0.0,0.0,0.0,37.0,0.0,0.0,0.0,0.0,0.0,0.0,0.0,9.0,0.0,0.0,0.0,0.0,0.0,335.0,17.0,0.0,0.0,2.0,0.0,0.0,0.0,0.0,1.0,0.0,4.0,0.0,0.0,16.0,TATGGTAATTGTGTGCCAGCMGCCGCGGTAA,ATTAGAWACCCBDGTAGTCCGGCTGACTGACT,CGCTAGGATGTT,4.0,10C,Agf19-m2,121120.0,11_20,4.0,40.57142857,Month_10,group1,NA,no,no
20-0_01_21,110.0,114.0,29.0,150.0,10.0,0.0,519.0,2452.0,0.0,2.0,0.0,0.0,0.0,222.0,0.0,0.0,0.0,0.0,0.0,2.0,0.0,5.0,0.0,0.0,0.0,0.0,0.0,250.0,11.0,0.0,0.0,9.0,0.0,0.0,0.0,8.0,10.0,0.0,0.0,11.0,2.0,84.0,TATGGTAATTGTGTGCCAGCMGCCGCGGTAA,ATTAGAWACCCBDGTAGTCCGGCTGACTGACT,ATAGTCCTTTAA,3.0,8F,Agf20-m0,100121.0,01_21,5.0,49.0,Month_12,group1,NA,no,no
20-0_03_21,249.0,211.0,30.0,224.0,59.0,1.0,465.0,1897.0,0.0,8.0,0.0,0.0,2.0,419.0,0.0,0.0,0.0,0.0,0.0,6.0,0.0,2.0,0.0,0.0,0.0,5.0,0.0,190.0,5.0,0.0,0.0,11.0,0.0,0.0,0.0,68.0,26.0,0.0,0.0,75.0,7.0,40.0,TATGGTAATTGTGTGCCAGCMGCCGCGGTAA,ATTAGAWACCCBDGTAGTCCGGCTGACTGACT,CCGCCAGCTTTG,4.0,11B,Agf20-m0,40321.0,03_21,6.0,56.57142857,Month_14,group1,NA,no,no
20-0_05_20,231.0,64.0,39.0,49.0,10.0,0.0,129.0,2145.0,0.0,8.0,0.0,0.0,0.0,591.0,0.0,0.0,0.0,0.0,0.0,0.0,0.0,0.0,0.0,0.0,0.0,0.0,0.0,216.0,6.0,0.0,0.0,0.0,0.0,0.0,0.0,0.0,45.0,0.0,0.0,0.0,29.0,438.0,TATGGTAATTGTGTGCCAGCMGCCGCGGTAA,ATTAGAWACCCBDGTAGTCCGGCTGACTGACT,CCTGCACCTGCA,5.0,10B,Agf20-m0,130520.0,05_20,1.0,14.42857143,Month_04,group1,NA,no,yes
20-0_05_21,93.0,77.0,33.0,82.0,108.0,0.0,133.0,2634.0,0.0,2.0,0.0,0.0,0.0,577.0,0.0,0.0,0.0,0.0,0.0,2.0,0.0,1.0,0.0,0.0,0.0,0.0,0.0,125.0,1.0,0.0,0.0,9.0,0.0,0.0,0.0,2.0,3.0,0.0,0.0,101.0,3.0,14.0,TATGGTAATTGTGTGCCAGCMGCCGCGGTAA,ATTAGAWACCCBDGTAGTCCGGCTGACTGACT,GCATGTCGAAAT,7.0,2G,Agf20-m0,20521.0,05_21,7.0,61.14285714,Month_16,group1,NA,no,no
20-0_06_21,116.0,83.0,11.0,55.0,103.0,2.0,132.0,2351.0,5.0,26.0,0.0,0.0,5.0,923.0,0.0,0.0,0.0,0.0,0.0,4.0,0.0,4.0,0.0,0.0,0.0,0.0,0.0,87.0,5.0,0.0,3.0,2.0,0.0,0.0,0.0,2.0,23.0,0.0,0.0,35.0,14.0,9.0,TATGGTAATTGTGTGCCAGCMGCCGCGGTAA,ATTAGAWACCCBDGTAGTCCGGCTGACTGACT,GCTATATCCAGG,6.0,2G,Agf20-m0,270521.0,06_21,8.0,72.57142857,Month_18,group1,NA,no,no
20-0_07_20,810.0,138.0,32.0,126.0,88.0,2.0,192.0,1674.0,0.0,6.0,5.0,0.0,0.0,297.0,0.0,0.0,0.0,0.0,0.0,2.0,0.0,10.0,0.0,0.0,0.0,1.0,0.0,357.0,10.0,0.0,1.0,1.0,0.0,0.0,0.0,0.0,14.0,0.0,46.0,0.0,13.0,175.0,TATGGTAATTGTGTGCCAGCMGCCGCGGTAA,ATTAGAWACCCBDGTAGTCCGGCTGACTGACT,GAACAAAGAGCG,6.0,6F,Agf20-m0,720.0,07_20,2.0,22.57142857,Month_06,group1,NA,no,no
20-0_11_20,185.0,417.0,6.0,395.0,329.0,0.0,105.0,2014.0,0.0,4.0,0.0,0.0,2.0,231.0,0.0,0.0,0.0,0.0,0.0,1.0,0.0,12.0,0.0,0.0,0.0,0.0,0.0,180.0,33.0,0.0,0.0,17.0,0.0,0.0,0.0,15.0,15.0,0.0,0.0,38.0,1.0,0.0,TATGGTAATTGTGTGCCAGCMGCCGCGGTAA,ATTAGAWACCCBDGTAGTCCGGCTGACTGACT,CAGCTGGTTCAA,6.0,9F,Agf20-m0,121120.0,11_20,4.0,40.57142857,Month_10,group1,NA,no,no
20-1_01_21,57.0,93.0,10.0,106.0,72.0,0.0,134.0,1845.0,0.0,0.0,0.0,0.0,0.0,1528.0,0.0,0.0,1.0,0.0,0.0,1.0,0.0,5.0,0.0,0.0,0.0,0.0,0.0,86.0,3.0,0.0,0.0,38.0,0.0,0.0,0.0,0.0,9.0,0.0,0.0,8.0,0.0,4.0,TATGGTAATTGTGTGCCAGCMGCCGCGGTAA,ATTAGAWACCCBDGTAGTCCGGCTGACTGACT,CGTTCCTTGTTA,4.0,9C,Agf20-m1,100121.0,01_21,5.0,49.0,Month_12,group1,12,yes,no
20-1_03_21,321.0,176.0,9.0,236.0,222.0,0.0,134.0,2287.0,0.0,1.0,0.0,0.0,0.0,329.0,0.0,0.0,0.0,0.0,0.0,6.0,0.0,4.0,0.0,0.0,0.0,0.0,0.0,183.0,9.0,0.0,1.0,18.0,0.0,0.0,0.0,13.0,21.0,0.0,0.0,19.0,10.0,1.0,TATGGTAATTGTGTGCCAGCMGCCGCGGTAA,ATTAGAWACCCBDGTAGTCCGGCTGACTGACT,GGACCTGGATGG,4.0,9H,Agf20-m1,40321.0,03_21,6.0,56.57142857,Month_14,group1,12,yes,no
20-1_05_20,226.0,182.0,72.0,245.0,79.0,2.0,267.0,2238.0,0.0,53.0,0.0,0.0,2.0,318.0,0.0,0.0,0.0,0.0,0.0,0.0,0.0,2.0,0.0,0.0,0.0,2.0,0.0,88.0,4.0,0.0,0.0,11.0,0.0,0.0,0.0,0.0,2.0,0.0,0.0,0.0,8.0,199.0,TATGGTAATTGTGTGCCAGCMGCCGCGGTAA,ATTAGAWACCCBDGTAGTCCGGCTGACTGACT,TCCACAGGGTTC,2.0,7B,Agf20-m1,130520.0,05_20,1.0,14.42857143,Month_04,group1,12,yes,yes
20-1_05_21,410.0,83.0,14.0,27.0,49.0,0.0,75.0,2696.0,0.0,1.0,0.0,1.0,0.0,300.0,0.0,0.0,0.0,0.0,0.0,6.0,0.0,6.0,0.0,0.0,0.0,0.0,0.0,275.0,23.0,0.0,0.0,2.0,0.0,0.0,0.0,0.0,5.0,0.0,0.0,0.0,25.0,2.0,TATGGTAATTGTGTGCCAGCMGCCGCGGTAA,ATTAGAWACCCBDGTAGTCCGGCTGACTGACT,TTCTTAACGCCT,4.0,5H,Agf20-m1,20521.0,05_21,7.0,61.14285714,Month_16,group1,12,yes,no
20-1_09_20,155.0,198.0,42.0,219.0,103.0,0.0,641.0,1936.0,0.0,14.0,0.0,0.0,0.0,314.0,0.0,0.0,0.0,0.0,0.0,0.0,0.0,3.0,0.0,0.0,0.0,0.0,0.0,212.0,8.0,0.0,2.0,15.0,0.0,0.0,0.0,3.0,8.0,0.0,4.0,110.0,6.0,7.0,TATGGTAATTGTGTGCCAGCMGCCGCGGTAA,ATTAGAWACCCBDGTAGTCCGGCTGACTGACT,AAGCCGGGTCCG,6.0,11E,Agf20-m1,90920.0,09_20,3.0,32.42857143,Month_08,group1,12,yes,no
20-1_11_20,145.0,306.0,20.0,803.0,206.0,0.0,406.0,1391.0,0.0,7.0,0.0,0.0,8.0,257.0,0.0,0.0,0.0,0.0,0.0,2.0,0.0,15.0,0.0,0.0,0.0,0.0,0.0,275.0,13.0,0.0,3.0,29.0,0.0,0.0,0.0,48.0,14.0,0.0,0.0,52.0,0.0,0.0,TATGGTAATTGTGTGCCAGCMGCCGCGGTAA,ATTAGAWACCCBDGTAGTCCGGCTGACTGACT,GCCTATGAGATC,1.0,9B,Agf20-m1,121120.0,11_20,4.0,40.57142857,Month_10,group1,12,yes,no
20-2_05_20,559.0,72.0,35.0,102.0,37.0,1.0,176.0,1527.0,0.0,6.0,0.0,0.0,0.0,559.0,0.0,0.0,0.0,0.0,0.0,0.0,0.0,1.0,0.0,0.0,2.0,0.0,0.0,260.0,8.0,0.0,0.0,6.0,0.0,0.0,0.0,0.0,49.0,0.0,0.0,3.0,24.0,573.0,TATGGTAATTGTGTGCCAGCMGCCGCGGTAA,ATTAGAWACCCBDGTAGTCCGGCTGACTGACT,TTCCACACGTGG,3.0,11D,Agf20-m2,130520.0,05_20,1.0,14.42857143,Month_04,group1,NA,no,no
20-2_06_21,158.0,103.0,28.0,96.0,469.0,1.0,43.0,2580.0,0.0,0.0,0.0,0.0,0.0,314.0,0.0,0.0,0.0,0.0,0.0,2.0,0.0,7.0,0.0,0.0,0.0,0.0,0.0,48.0,9.0,0.0,0.0,8.0,0.0,0.0,0.0,2.0,57.0,0.0,0.0,47.0,16.0,12.0,TATGGTAATTGTGTGCCAGCMGCCGCGGTAA,ATTAGAWACCCBDGTAGTCCGGCTGACTGACT,CTGTAAAGGTTG,6.0,11H,Agf20-m2,270521.0,06_21,8.0,72.57142857,Month_18,group1,NA,no,no
20-2_09_20,430.0,92.0,42.0,159.0,78.0,0.0,211.0,1996.0,0.0,0.0,0.0,17.0,0.0,128.0,0.0,0.0,0.0,0.0,0.0,4.0,0.0,4.0,0.0,0.0,0.0,2.0,0.0,263.0,8.0,0.0,0.0,2.0,0.0,0.0,0.0,0.0,19.0,0.0,29.0,33.0,16.0,467.0,TATGGTAATTGTGTGCCAGCMGCCGCGGTAA,ATTAGAWACCCBDGTAGTCCGGCTGACTGACT,AGTAATAACAAG,7.0,4C,Agf20-m2,90920.0,09_20,3.0,32.42857143,Month_08,group1,NA,no,no
20-2_11_20,99.0,89.0,22.0,119.0,122.0,2.0,135.0,2713.0,0.0,8.0,0.0,3.0,0.0,276.0,0.0,0.0,0.0,0.0,0.0,4.0,0.0,0.0,0.0,0.0,0.0,0.0,0.0,183.0,11.0,0.0,0.0,14.0,0.0,0.0,0.0,104.0,38.0,0.0,0.0,48.0,7.0,3.0,TATGGTAATTGTGTGCCAGCMGCCGCGGTAA,ATTAGAWACCCBDGTAGTCCGGCTGACTGACT,CCAGCGCTTCAC,7.0,12E,Agf20-m2,121120.0,11_20,4.0,40.57142857,Month_10,group1,NA,no,no
21-0_01_21,321.0,200.0,53.0,237.0,187.0,0.0,337.0,2116.0,0.0,6.0,0.0,0.0,0.0,109.0,0.0,0.0,0.0,0.0,0.0,2.0,0.0,6.0,0.0,0.0,0.0,0.0,0.0,381.0,10.0,0.0,2.0,23.0,0.0,0.0,0.0,8.0,0.0,0.0,0.0,0.0,2.0,0.0,TATGGTAATTGTGTGCCAGCMGCCGCGGTAA,ATTAGAWACCCBDGTAGTCCGGCTGACTGACT,CAGTAGCGATAT,6.0,5E,Agf21-m0,100121.0,01_21,5.0,49.0,Month_12,group1,NA,no,no
21-0_03_21,140.0,104.0,16.0,44.0,98.0,0.0,257.0,2730.0,0.0,3.0,0.0,3.0,0.0,356.0,0.0,0.0,0.0,0.0,0.0,4.0,0.0,1.0,0.0,0.0,0.0,2.0,0.0,176.0,3.0,0.0,0.0,8.0,0.0,0.0,0.0,6.0,29.0,0.0,0.0,0.0,13.0,7.0,TATGGTAATTGTGTGCCAGCMGCCGCGGTAA,ATTAGAWACCCBDGTAGTCCGGCTGACTGACT,CAGGAACCAGGA,2.0,4F,Agf21-m0,40321.0,03_21,6.0,56.57142857,Month_14,group1,NA,no,no
21-0_05_21,366.0,268.0,18.0,331.0,341.0,1.0,270.0,1572.0,0.0,11.0,0.0,4.0,0.0,288.0,0.0,0.0,0.0,0.0,0.0,10.0,0.0,12.0,0.0,0.0,0.0,2.0,0.0,415.0,4.0,0.0,0.0,26.0,0.0,0.0,0.0,21.0,35.0,0.0,0.0,0.0,4.0,1.0,TATGGTAATTGTGTGCCAGCMGCCGCGGTAA,ATTAGAWACCCBDGTAGTCCGGCTGACTGACT,TACAATATCTGT,1.0,7A,Agf21-m0,20521.0,05_21,7.0,61.14285714,Month_16,group1,NA,no,no
21-0_06_21,199.0,13.0,9.0,1.0,49.0,1.0,13.0,3356.0,0.0,5.0,0.0,0.0,0.0,210.0,0.0,0.0,0.0,0.0,0.0,1.0,0.0,3.0,0.0,0.0,0.0,0.0,0.0,49.0,0.0,0.0,0.0,0.0,0.0,0.0,0.0,18.0,5.0,0.0,0.0,0.0,62.0,6.0,TATGGTAATTGTGTGCCAGCMGCCGCGGTAA,ATTAGAWACCCBDGTAGTCCGGCTGACTGACT,GTGGAGTCTCAT,1.0,1D,Agf21-m0,270521.0,06_21,8.0,72.57142857,Month_18,group1,NA,no,no
21-0_09_20,422.0,59.0,60.0,61.0,81.0,0.0,244.0,1998.0,0.0,0.0,0.0,0.0,0.0,379.0,0.0,0.0,0.0,0.0,0.0,0.0,0.0,2.0,0.0,0.0,0.0,0.0,0.0,183.0,2.0,0.0,0.0,0.0,0.0,0.0,0.0,0.0,8.0,0.0,37.0,9.0,17.0,438.0,TATGGTAATTGTGTGCCAGCMGCCGCGGTAA,ATTAGAWACCCBDGTAGTCCGGCTGACTGACT,TGAAAGCGGCGA,6.0,2H,Agf21-m0,90920.0,09_20,3.0,32.42857143,Month_08,group1,NA,no,no
21-1_05_20,72.0,84.0,20.0,181.0,119.0,0.0,267.0,2512.0,0.0,6.0,0.0,0.0,0.0,257.0,0.0,0.0,0.0,0.0,0.0,0.0,0.0,4.0,0.0,0.0,0.0,0.0,0.0,169.0,9.0,0.0,0.0,4.0,0.0,0.0,0.0,0.0,3.0,0.0,58.0,203.0,0.0,32.0,TATGGTAATTGTGTGCCAGCMGCCGCGGTAA,ATTAGAWACCCBDGTAGTCCGGCTGACTGACT,GGCTCGTCGGAG,5.0,1E,Agf21-m1,130520.0,05_20,1.0,14.42857143,Month_04,group1,15,yes,yes
21-1_07_20,209.0,116.0,35.0,166.0,170.0,0.0,447.0,1541.0,0.0,16.0,0.0,0.0,0.0,521.0,2.0,0.0,0.0,0.0,0.0,0.0,0.0,2.0,0.0,0.0,11.0,0.0,0.0,185.0,8.0,4.0,0.0,16.0,0.0,0.0,0.0,0.0,5.0,0.0,119.0,80.0,0.0,347.0,TATGGTAATTGTGTGCCAGCMGCCGCGGTAA,ATTAGAWACCCBDGTAGTCCGGCTGACTGACT,AGTAAAGATCGT,1.0,3E,Agf21-m1,720.0,07_20,2.0,22.57142857,Month_06,group1,15,yes,no
21-1_09_20,287.0,191.0,21.0,252.0,77.0,2.0,388.0,2260.0,0.0,13.0,0.0,0.0,0.0,240.0,0.0,0.0,0.0,0.0,0.0,2.0,0.0,6.0,0.0,0.0,5.0,0.0,0.0,197.0,1.0,0.0,0.0,5.0,0.0,0.0,0.0,0.0,0.0,0.0,43.0,0.0,7.0,3.0,TATGGTAATTGTGTGCCAGCMGCCGCGGTAA,ATTAGAWACCCBDGTAGTCCGGCTGACTGACT,TTCAGTTCGTTA,3.0,5B,Agf21-m1,90920.0,09_20,3.0,32.42857143,Month_08,group1,15,yes,no
21-2_01_21,128.0,122.0,57.0,93.0,96.0,1.0,170.0,2903.0,0.0,18.0,1.0,2.0,0.0,197.0,0.0,0.0,0.0,0.0,0.0,1.0,0.0,2.0,0.0,0.0,0.0,0.0,0.0,134.0,1.0,0.0,0.0,6.0,4.0,0.0,0.0,37.0,8.0,0.0,0.0,0.0,13.0,6.0,TATGGTAATTGTGTGCCAGCMGCCGCGGTAA,ATTAGAWACCCBDGTAGTCCGGCTGACTGACT,ACTAAGTACCCG,3.0,2F,Agf21-m2,100121.0,01_21,5.0,49.0,Month_12,group1,NA,no,no
21-2_03_21,79.0,73.0,86.0,84.0,98.0,2.0,186.0,2775.0,0.0,17.0,0.0,18.0,0.0,194.0,0.0,0.0,0.0,0.0,0.0,1.0,0.0,0.0,0.0,0.0,0.0,0.0,0.0,250.0,6.0,0.0,0.0,13.0,0.0,0.0,0.0,70.0,27.0,0.0,0.0,0.0,14.0,7.0,TATGGTAATTGTGTGCCAGCMGCCGCGGTAA,ATTAGAWACCCBDGTAGTCCGGCTGACTGACT,CGTATAAATGCG,1.0,1B,Agf21-m2,40321.0,03_21,6.0,56.57142857,Month_14,group1,NA,no,no
21-2_05_21,764.0,490.0,22.0,835.0,183.0,10.0,186.0,1080.0,0.0,11.0,0.0,0.0,0.0,172.0,0.0,0.0,0.0,0.0,0.0,0.0,0.0,35.0,0.0,0.0,0.0,0.0,0.0,165.0,6.0,0.0,0.0,10.0,0.0,0.0,0.0,14.0,9.0,0.0,0.0,1.0,2.0,5.0,TATGGTAATTGTGTGCCAGCMGCCGCGGTAA,ATTAGAWACCCBDGTAGTCCGGCTGACTGACT,ATCGTTATATCA,6.0,6H,Agf21-m2,20521.0,05_21,7.0,61.14285714,Month_16,group1,NA,no,no
21-2_06_21,123.0,64.0,29.0,31.0,88.0,0.0,170.0,2452.0,0.0,4.0,0.0,0.0,0.0,837.0,0.0,0.0,0.0,0.0,0.0,0.0,0.0,0.0,0.0,0.0,0.0,0.0,0.0,75.0,0.0,0.0,0.0,9.0,0.0,0.0,0.0,22.0,12.0,0.0,0.0,0.0,8.0,76.0,TATGGTAATTGTGTGCCAGCMGCCGCGGTAA,ATTAGAWACCCBDGTAGTCCGGCTGACTGACT,CTCTTCTGATCA,6.0,10D,Agf21-m2,270521.0,06_21,8.0,72.57142857,Month_18,group1,NA,no,no
21-2_07_20,1025.0,169.0,2.0,195.0,218.0,0.0,279.0,1526.0,0.0,14.0,0.0,0.0,0.0,254.0,0.0,0.0,0.0,0.0,0.0,0.0,0.0,6.0,0.0,0.0,4.0,0.0,0.0,181.0,9.0,4.0,0.0,23.0,0.0,0.0,0.0,0.0,3.0,0.0,29.0,22.0,1.0,36.0,TATGGTAATTGTGTGCCAGCMGCCGCGGTAA,ATTAGAWACCCBDGTAGTCCGGCTGACTGACT,GAACGATCATGT,5.0,5E,Agf21-m2,720.0,07_20,2.0,22.57142857,Month_06,group1,NA,no,no
21-2_11_20,868.0,59.0,22.0,145.0,60.0,0.0,327.0,1507.0,0.0,6.0,0.0,2.0,0.0,505.0,0.0,0.0,0.0,0.0,0.0,7.0,0.0,3.0,0.0,0.0,0.0,0.0,0.0,428.0,2.0,0.0,0.0,13.0,0.0,0.0,0.0,0.0,11.0,0.0,0.0,0.0,0.0,35.0,TATGGTAATTGTGTGCCAGCMGCCGCGGTAA,ATTAGAWACCCBDGTAGTCCGGCTGACTGACT,CGCGCCTTAAAC,1.0,5A,Agf21-m2,121120.0,11_20,4.0,40.57142857,Month_10,group1,NA,no,no
22-0_01_21,541.0,137.0,57.0,185.0,294.0,0.0,237.0,1811.0,0.0,23.0,0.0,18.0,0.0,238.0,0.0,0.0,0.0,0.0,0.0,0.0,0.0,0.0,0.0,0.0,0.0,0.0,0.0,301.0,6.0,0.0,2.0,5.0,4.0,0.0,0.0,49.0,27.0,0.0,0.0,0.0,7.0,58.0,TATGGTAATTGTGTGCCAGCMGCCGCGGTAA,ATTAGAWACCCBDGTAGTCCGGCTGACTGACT,GCAAAGGCCCGC,5.0,12E,Agf22-m0,100121.0,01_21,5.0,49.0,Month_12,group1,NA,no,no
22-0_03_21,242.0,356.0,19.0,334.0,267.0,1.0,244.0,1958.0,0.0,39.0,0.0,0.0,0.0,170.0,0.0,0.0,0.0,0.0,0.0,0.0,0.0,33.0,0.0,0.0,0.0,2.0,0.0,227.0,19.0,4.0,0.0,22.0,0.0,0.0,0.0,15.0,20.0,0.0,0.0,0.0,4.0,24.0,TATGGTAATTGTGTGCCAGCMGCCGCGGTAA,ATTAGAWACCCBDGTAGTCCGGCTGACTGACT,CACCCTTGCGAC,3.0,3F,Agf22-m0,40321.0,03_21,6.0,56.57142857,Month_14,group1,NA,no,no
22-0_05_21,229.0,338.0,45.0,269.0,239.0,0.0,334.0,1707.0,0.0,15.0,0.0,0.0,0.0,453.0,0.0,0.0,0.0,0.0,0.0,0.0,0.0,7.0,0.0,0.0,0.0,0.0,0.0,291.0,12.0,0.0,4.0,19.0,2.0,0.0,0.0,11.0,21.0,0.0,0.0,0.0,1.0,3.0,TATGGTAATTGTGTGCCAGCMGCCGCGGTAA,ATTAGAWACCCBDGTAGTCCGGCTGACTGACT,TATGTTGACGGC,3.0,9E,Agf22-m0,20521.0,05_21,7.0,61.14285714,Month_16,group1,NA,no,no
22-0_06_21,267.0,309.0,28.0,283.0,308.0,1.0,257.0,1778.0,0.0,0.0,0.0,1.0,10.0,420.0,0.0,0.0,0.0,0.0,0.0,0.0,0.0,8.0,0.0,0.0,0.0,0.0,0.0,216.0,12.0,0.0,0.0,14.0,0.0,0.0,0.0,0.0,6.0,0.0,0.0,75.0,1.0,6.0,TATGGTAATTGTGTGCCAGCMGCCGCGGTAA,ATTAGAWACCCBDGTAGTCCGGCTGACTGACT,CGCAATGAGGGA,3.0,1D,Agf22-m0,270521.0,06_21,8.0,72.57142857,Month_18,group1,NA,no,no
22-0_07_20,682.0,200.0,3.0,183.0,122.0,2.0,267.0,1309.0,0.0,7.0,0.0,0.0,0.0,534.0,0.0,0.0,0.0,0.0,0.0,0.0,0.0,15.0,0.0,0.0,0.0,0.0,0.0,603.0,8.0,0.0,0.0,7.0,0.0,0.0,0.0,0.0,15.0,0.0,29.0,0.0,1.0,13.0,TATGGTAATTGTGTGCCAGCMGCCGCGGTAA,ATTAGAWACCCBDGTAGTCCGGCTGACTGACT,CAGCCCTACCCA,3.0,11H,Agf22-m0,720.0,07_20,2.0,22.57142857,Month_06,group1,NA,no,no
22-1_01_21,282.0,199.0,73.0,225.0,237.0,2.0,216.0,2009.0,0.0,11.0,2.0,25.0,0.0,237.0,0.0,0.0,0.0,0.0,0.0,0.0,0.0,7.0,0.0,0.0,0.0,2.0,0.0,342.0,6.0,0.0,1.0,40.0,0.0,0.0,0.0,64.0,16.0,0.0,0.0,0.0,0.0,4.0,TATGGTAATTGTGTGCCAGCMGCCGCGGTAA,ATTAGAWACCCBDGTAGTCCGGCTGACTGACT,ATACTGAGTGAA,7.0,6B,Agf22-m1,100121.0,01_21,5.0,49.0,Month_12,group1,NA,no,no
22-1_05_20,73.0,76.0,9.0,113.0,83.0,0.0,94.0,2251.0,0.0,15.0,0.0,0.0,0.0,332.0,0.0,0.0,0.0,0.0,0.0,0.0,0.0,2.0,0.0,0.0,0.0,0.0,0.0,157.0,4.0,0.0,0.0,8.0,1.0,0.0,0.0,3.0,16.0,0.0,82.0,192.0,9.0,480.0,TATGGTAATTGTGTGCCAGCMGCCGCGGTAA,ATTAGAWACCCBDGTAGTCCGGCTGACTGACT,GTCATTGGGCTA,6.0,9B,Agf22-m1,130520.0,05_20,1.0,14.42857143,Month_04,group1,NA,no,yes
22-1_05_21,198.0,119.0,46.0,169.0,99.0,0.0,366.0,2161.0,0.0,12.0,0.0,0.0,0.0,529.0,0.0,0.0,0.0,0.0,0.0,0.0,0.0,3.0,0.0,0.0,0.0,0.0,0.0,203.0,3.0,0.0,1.0,25.0,0.0,0.0,0.0,57.0,9.0,0.0,0.0,0.0,0.0,0.0,TATGGTAATTGTGTGCCAGCMGCCGCGGTAA,ATTAGAWACCCBDGTAGTCCGGCTGACTGACT,ACCACCGTAACC,4.0,10E,Agf22-m1,20521.0,05_21,7.0,61.14285714,Month_16,group1,NA,no,no
22-1_09_20,37.0,50.0,12.0,72.0,0.0,0.0,199.0,3297.0,0.0,0.0,0.0,7.0,0.0,128.0,0.0,0.0,0.0,0.0,0.0,0.0,0.0,2.0,0.0,0.0,0.0,1.0,0.0,124.0,8.0,0.0,0.0,0.0,1.0,0.0,0.0,0.0,0.0,0.0,15.0,0.0,44.0,3.0,TATGGTAATTGTGTGCCAGCMGCCGCGGTAA,ATTAGAWACCCBDGTAGTCCGGCTGACTGACT,CGTCCGTATGAA,1.0,5B,Agf22-m1,90920.0,09_20,3.0,32.42857143,Month_08,group1,NA,no,no
22-1_11_20,292.0,258.0,27.0,216.0,210.0,0.0,359.0,2092.0,0.0,0.0,1.0,1.0,0.0,200.0,0.0,0.0,0.0,0.0,0.0,0.0,0.0,7.0,0.0,0.0,0.0,0.0,0.0,173.0,16.0,0.0,0.0,4.0,0.0,0.0,0.0,31.0,12.0,0.0,0.0,0.0,0.0,101.0,TATGGTAATTGTGTGCCAGCMGCCGCGGTAA,ATTAGAWACCCBDGTAGTCCGGCTGACTGACT,ATTACGTATCAT,1.0,11E,Agf22-m1,121120.0,11_20,4.0,40.57142857,Month_10,group1,NA,no,no
23-0_01_21,830.0,587.0,10.0,552.0,216.0,0.0,130.0,1371.0,0.0,6.0,0.0,3.0,0.0,0.0,0.0,0.0,0.0,0.0,0.0,0.0,0.0,25.0,0.0,0.0,0.0,0.0,0.0,192.0,23.0,0.0,1.0,6.0,0.0,0.0,0.0,24.0,22.0,0.0,0.0,0.0,1.0,1.0,TATGGTAATTGTGTGCCAGCMGCCGCGGTAA,ATTAGAWACCCBDGTAGTCCGGCTGACTGACT,AACAGTAAACAA,2.0,12A,Agf23-m0,100121.0,01_21,5.0,49.0,Month_12,group1,NA,no,no
23-0_03_21,684.0,216.0,9.0,227.0,292.0,2.0,480.0,1479.0,0.0,19.0,0.0,2.0,0.0,2.0,0.0,0.0,0.0,0.0,0.0,0.0,0.0,7.0,0.0,0.0,0.0,3.0,0.0,452.0,14.0,0.0,1.0,22.0,0.0,0.0,0.0,44.0,40.0,0.0,0.0,0.0,0.0,5.0,TATGGTAATTGTGTGCCAGCMGCCGCGGTAA,ATTAGAWACCCBDGTAGTCCGGCTGACTGACT,ACTAAAGCAAAC,2.0,7F,Agf23-m0,40321.0,03_21,6.0,56.57142857,Month_14,group1,NA,no,no
23-0_05_20,1177.0,96.0,41.0,128.0,75.0,0.0,236.0,1357.0,0.0,0.0,0.0,0.0,0.0,0.0,0.0,0.0,0.0,0.0,0.0,0.0,0.0,1.0,0.0,0.0,0.0,0.0,0.0,373.0,6.0,0.0,0.0,12.0,0.0,0.0,0.0,0.0,12.0,0.0,31.0,0.0,5.0,450.0,TATGGTAATTGTGTGCCAGCMGCCGCGGTAA,ATTAGAWACCCBDGTAGTCCGGCTGACTGACT,CCTAAGAGCATC,6.0,12A,Agf23-m0,130520.0,05_20,1.0,14.42857143,Month_04,group1,NA,no,yes
23-0_05_21,310.0,113.0,44.0,293.0,93.0,0.0,182.0,2727.0,0.0,5.0,0.0,0.0,0.0,0.0,0.0,0.0,0.0,0.0,0.0,0.0,0.0,2.0,0.0,0.0,0.0,7.0,0.0,117.0,5.0,0.0,0.0,11.0,1.0,0.0,0.0,65.0,18.0,0.0,0.0,0.0,7.0,0.0,TATGGTAATTGTGTGCCAGCMGCCGCGGTAA,ATTAGAWACCCBDGTAGTCCGGCTGACTGACT,ATAGACACTCCG,6.0,9G,Agf23-m0,20521.0,05_21,7.0,61.14285714,Month_16,group1,NA,no,no
23-0_07_20,701.0,270.0,12.0,317.0,253.0,3.0,433.0,1604.0,0.0,1.0,3.0,0.0,0.0,6.0,0.0,0.0,0.0,0.0,0.0,0.0,0.0,15.0,0.0,0.0,0.0,0.0,0.0,327.0,4.0,0.0,0.0,6.0,0.0,0.0,0.0,0.0,8.0,0.0,21.0,0.0,5.0,11.0,TATGGTAATTGTGTGCCAGCMGCCGCGGTAA,ATTAGAWACCCBDGTAGTCCGGCTGACTGACT,TATTTGATTGGT,1.0,11G,Agf23-m0,720.0,07_20,2.0,22.57142857,Month_06,group1,NA,no,no
23-0_11_20,239.0,51.0,14.0,54.0,45.0,0.0,123.0,3211.0,0.0,0.0,0.0,2.0,0.0,0.0,0.0,0.0,0.0,0.0,0.0,0.0,0.0,12.0,0.0,0.0,0.0,0.0,0.0,195.0,2.0,0.0,0.0,1.0,0.0,0.0,0.0,6.0,29.0,0.0,0.0,0.0,14.0,2.0,TATGGTAATTGTGTGCCAGCMGCCGCGGTAA,ATTAGAWACCCBDGTAGTCCGGCTGACTGACT,GGTTGCCCTGTA,1.0,7B,Agf23-m0,121120.0,11_20,4.0,40.57142857,Month_10,group1,NA,no,no
23-1_01_21,96.0,132.0,4.0,114.0,102.0,0.0,229.0,2934.0,0.0,4.0,0.0,11.0,0.0,4.0,0.0,0.0,0.0,0.0,0.0,0.0,0.0,4.0,0.0,0.0,0.0,4.0,0.0,217.0,7.0,0.0,0.0,14.0,0.0,0.0,0.0,42.0,36.0,0.0,0.0,0.0,39.0,7.0,TATGGTAATTGTGTGCCAGCMGCCGCGGTAA,ATTAGAWACCCBDGTAGTCCGGCTGACTGACT,TTAGTTTGTCAC,3.0,4G,Agf23-m1,100121.0,01_21,5.0,49.0,Month_12,group1,NA,no,no
23-1_03_21,234.0,170.0,31.0,137.0,230.0,2.0,383.0,2274.0,0.0,9.0,1.0,0.0,0.0,0.0,0.0,0.0,0.0,0.0,0.0,0.0,0.0,6.0,0.0,0.0,0.0,0.0,0.0,423.0,11.0,0.0,5.0,24.0,0.0,0.0,0.0,36.0,16.0,0.0,0.0,0.0,3.0,5.0,TATGGTAATTGTGTGCCAGCMGCCGCGGTAA,ATTAGAWACCCBDGTAGTCCGGCTGACTGACT,TCATACAGCCAG,6.0,8D,Agf23-m1,40321.0,03_21,6.0,56.57142857,Month_14,group1,NA,no,no
23-1_05_20,278.0,54.0,6.0,68.0,14.0,0.0,272.0,2621.0,0.0,2.0,3.0,0.0,0.0,7.0,0.0,0.0,0.0,0.0,0.0,0.0,0.0,2.0,0.0,0.0,3.0,0.0,0.0,164.0,2.0,0.0,0.0,8.0,0.0,0.0,0.0,0.0,12.0,0.0,38.0,0.0,33.0,413.0,TATGGTAATTGTGTGCCAGCMGCCGCGGTAA,ATTAGAWACCCBDGTAGTCCGGCTGACTGACT,GAATCTGACAAC,4.0,5C,Agf23-m1,130520.0,05_20,1.0,14.42857143,Month_04,group1,NA,no,yes
23-1_05_21,453.0,367.0,16.0,162.0,12.0,0.0,215.0,2455.0,0.0,3.0,0.0,0.0,0.0,2.0,0.0,0.0,0.0,0.0,0.0,0.0,0.0,17.0,0.0,0.0,0.0,0.0,0.0,228.0,11.0,5.0,3.0,7.0,0.0,0.0,0.0,15.0,15.0,0.0,0.0,0.0,10.0,4.0,TATGGTAATTGTGTGCCAGCMGCCGCGGTAA,ATTAGAWACCCBDGTAGTCCGGCTGACTGACT,AGATGCAATGAT,4.0,2F,Agf23-m1,20521.0,05_21,7.0,61.14285714,Month_16,group1,NA,no,no
23-1_06_21,603.0,115.0,20.0,142.0,41.0,0.0,107.0,2806.0,0.0,10.0,0.0,0.0,0.0,0.0,0.0,0.0,0.0,0.0,0.0,0.0,0.0,5.0,0.0,0.0,0.0,0.0,0.0,48.0,3.0,0.0,0.0,17.0,0.0,0.0,0.0,6.0,64.0,0.0,0.0,0.0,12.0,1.0,TATGGTAATTGTGTGCCAGCMGCCGCGGTAA,ATTAGAWACCCBDGTAGTCCGGCTGACTGACT,TCCGCCTAGTCG,3.0,12A,Agf23-m1,270521.0,06_21,8.0,72.57142857,Month_18,group1,NA,no,no
23-1_07_20,1916.0,278.0,7.0,367.0,229.0,0.0,159.0,669.0,0.0,0.0,0.0,0.0,0.0,4.0,0.0,0.0,0.0,0.0,0.0,0.0,0.0,17.0,0.0,0.0,0.0,0.0,0.0,305.0,15.0,0.0,0.0,10.0,0.0,0.0,0.0,0.0,0.0,0.0,10.0,0.0,0.0,14.0,TATGGTAATTGTGTGCCAGCMGCCGCGGTAA,ATTAGAWACCCBDGTAGTCCGGCTGACTGACT,GGTCCTTCCCGA,7.0,2D,Agf23-m1,720.0,07_20,2.0,22.57142857,Month_06,group1,NA,no,no
23-1_09_20,192.0,58.0,12.0,45.0,61.0,0.0,76.0,3312.0,0.0,0.0,0.0,3.0,0.0,3.0,0.0,0.0,0.0,0.0,0.0,0.0,0.0,5.0,0.0,0.0,0.0,0.0,0.0,108.0,8.0,0.0,0.0,1.0,0.0,0.0,0.0,0.0,7.0,0.0,17.0,0.0,85.0,7.0,TATGGTAATTGTGTGCCAGCMGCCGCGGTAA,ATTAGAWACCCBDGTAGTCCGGCTGACTGACT,TAAACCTGGACA,2.0,3H,Agf23-m1,90920.0,09_20,3.0,32.42857143,Month_08,group1,NA,no,no
23-1_11_20,162.0,51.0,4.0,112.0,45.0,3.0,66.0,2539.0,6.0,14.0,0.0,2.0,0.0,802.0,0.0,0.0,0.0,0.0,0.0,0.0,0.0,1.0,0.0,0.0,0.0,0.0,0.0,83.0,2.0,0.0,0.0,11.0,0.0,0.0,0.0,9.0,14.0,0.0,0.0,31.0,43.0,0.0,TATGGTAATTGTGTGCCAGCMGCCGCGGTAA,ATTAGAWACCCBDGTAGTCCGGCTGACTGACT,GGAGGAGCAATA,7.0,10A,Agf23-m1,121120.0,11_20,4.0,40.57142857,Month_10,group1,NA,no,no
23-2_01_21,301.0,386.0,2.0,333.0,142.0,1.0,105.0,2481.0,0.0,4.0,0.0,5.0,0.0,1.0,0.0,0.0,0.0,0.0,0.0,0.0,0.0,28.0,0.0,0.0,0.0,1.0,0.0,79.0,29.0,0.0,0.0,4.0,0.0,0.0,0.0,17.0,43.0,0.0,0.0,0.0,37.0,1.0,TATGGTAATTGTGTGCCAGCMGCCGCGGTAA,ATTAGAWACCCBDGTAGTCCGGCTGACTGACT,CAGATCCCAACC,4.0,7A,Agf23-m2,100121.0,01_21,5.0,49.0,Month_12,group1,NA,no,no
23-2_05_20,355.0,44.0,4.0,50.0,25.0,0.0,125.0,2719.0,0.0,0.0,0.0,0.0,0.0,0.0,0.0,0.0,0.0,0.0,0.0,0.0,0.0,0.0,0.0,0.0,0.0,0.0,0.0,156.0,4.0,0.0,0.0,0.0,0.0,0.0,0.0,0.0,17.0,0.0,15.0,0.0,21.0,465.0,TATGGTAATTGTGTGCCAGCMGCCGCGGTAA,ATTAGAWACCCBDGTAGTCCGGCTGACTGACT,CAAAGGAGCCCG,2.0,4G,Agf23-m2,130520.0,05_20,1.0,14.42857143,Month_04,group1,NA,no,yes
23-2_05_21,214.0,167.0,60.0,184.0,9.0,0.0,75.0,3025.0,0.0,3.0,0.0,5.0,0.0,2.0,0.0,0.0,0.0,0.0,0.0,0.0,0.0,2.0,0.0,0.0,0.0,7.0,0.0,75.0,2.0,6.0,0.0,2.0,0.0,0.0,0.0,30.0,85.0,0.0,0.0,0.0,46.0,1.0,TATGGTAATTGTGTGCCAGCMGCCGCGGTAA,ATTAGAWACCCBDGTAGTCCGGCTGACTGACT,ATGGATAGCTAA,6.0,12D,Agf23-m2,20521.0,05_21,7.0,61.14285714,Month_16,group1,NA,no,no
23-2_07_20,658.0,152.0,72.0,242.0,95.0,2.0,389.0,1536.0,0.0,0.0,0.0,7.0,0.0,4.0,0.0,0.0,0.0,0.0,0.0,0.0,1.0,6.0,0.0,0.0,0.0,0.0,0.0,533.0,5.0,0.0,0.0,10.0,0.0,0.0,0.0,0.0,30.0,0.0,31.0,0.0,19.0,208.0,TATGGTAATTGTGTGCCAGCMGCCGCGGTAA,ATTAGAWACCCBDGTAGTCCGGCTGACTGACT,TCGTCTGATATT,7.0,12D,Agf23-m2,720.0,07_20,2.0,22.57142857,Month_06,group1,NA,no,no
23-2_11_20,262.0,199.0,44.0,384.0,159.0,0.0,116.0,2274.0,0.0,0.0,0.0,10.0,0.0,0.0,0.0,0.0,0.0,0.0,0.0,0.0,0.0,19.0,0.0,0.0,0.0,3.0,0.0,98.0,24.0,0.0,0.0,0.0,0.0,0.0,0.0,19.0,22.0,0.0,0.0,0.0,98.0,269.0,TATGGTAATTGTGTGCCAGCMGCCGCGGTAA,ATTAGAWACCCBDGTAGTCCGGCTGACTGACT,GTCAATTAGTGG,6.0,11A,Agf23-m2,121120.0,11_20,4.0,40.57142857,Month_10,group1,NA,no,no
24-0_01_21,1230.0,216.0,23.0,238.0,82.0,0.0,327.0,1468.0,0.0,17.0,0.0,0.0,0.0,343.0,0.0,0.0,0.0,0.0,0.0,8.0,0.0,7.0,0.0,0.0,0.0,0.0,0.0,4.0,12.0,0.0,1.0,0.0,0.0,0.0,0.0,0.0,14.0,0.0,0.0,0.0,1.0,9.0,TATGGTAATTGTGTGCCAGCMGCCGCGGTAA,ATTAGAWACCCBDGTAGTCCGGCTGACTGACT,CTATATTATCCG,2.0,4A,Agf24-m0,100121.0,01_21,5.0,48.71428571,Month_12,group1,17,yes,no
24-0_03_21,1492.0,323.0,41.0,300.0,207.0,2.0,226.0,1111.0,0.0,16.0,0.0,0.0,0.0,212.0,0.0,0.0,0.0,0.0,0.0,0.0,0.0,32.0,0.0,0.0,0.0,0.0,0.0,0.0,31.0,0.0,0.0,1.0,0.0,0.0,0.0,0.0,3.0,0.0,0.0,0.0,0.0,3.0,TATGGTAATTGTGTGCCAGCMGCCGCGGTAA,ATTAGAWACCCBDGTAGTCCGGCTGACTGACT,CCGGCTTATGTG,3.0,7F,Agf24-m0,40321.0,03_21,6.0,56.28571429,Month_14,group1,17,yes,no
24-0_05_20,40.0,122.0,72.0,336.0,32.0,0.0,397.0,2630.0,0.0,32.0,0.0,0.0,0.0,235.0,0.0,0.0,0.0,0.0,0.0,3.0,0.0,2.0,0.0,0.0,1.0,0.0,0.0,0.0,5.0,0.0,0.0,2.0,0.0,0.0,0.0,0.0,11.0,0.0,52.0,20.0,4.0,4.0,TATGGTAATTGTGTGCCAGCMGCCGCGGTAA,ATTAGAWACCCBDGTAGTCCGGCTGACTGACT,GCATTACTGGAC,5.0,10G,Agf24-m0,130520.0,05_20,1.0,14.14285714,Month_04,group1,17,yes,yes
24-0_05_21,1492.0,235.0,126.0,628.0,45.0,2.0,108.0,1167.0,0.0,6.0,0.0,0.0,0.0,105.0,0.0,0.0,0.0,0.0,0.0,7.0,0.0,8.0,0.0,0.0,0.0,0.0,0.0,2.0,3.0,0.0,0.0,3.0,0.0,0.0,0.0,2.0,21.0,0.0,0.0,1.0,7.0,32.0,TATGGTAATTGTGTGCCAGCMGCCGCGGTAA,ATTAGAWACCCBDGTAGTCCGGCTGACTGACT,GAGAAGCTTATA,3.0,1H,Agf24-m0,20521.0,05_21,7.0,60.85714286,Month_16,group1,17,yes,no
24-0_09_20,116.0,45.0,17.0,39.0,27.0,0.0,295.0,3002.0,0.0,15.0,0.0,0.0,0.0,354.0,0.0,0.0,0.0,0.0,0.0,0.0,0.0,2.0,0.0,0.0,0.0,0.0,0.0,1.0,3.0,0.0,0.0,0.0,0.0,0.0,0.0,0.0,15.0,0.0,38.0,0.0,25.0,6.0,TATGGTAATTGTGTGCCAGCMGCCGCGGTAA,ATTAGAWACCCBDGTAGTCCGGCTGACTGACT,CGTTTGGAATGA,1.0,5C,Agf24-m0,90920.0,09_20,3.0,32.14285714,Month_08,group1,17,yes,no
24-1_05_20,46.0,93.0,11.0,185.0,35.0,1.0,288.0,2547.0,0.0,24.0,0.0,0.0,0.0,368.0,0.0,0.0,0.0,0.0,0.0,0.0,0.0,1.0,0.0,0.0,0.0,0.0,0.0,6.0,3.0,0.0,0.0,3.0,0.0,0.0,0.0,0.0,28.0,0.0,104.0,222.0,5.0,30.0,TATGGTAATTGTGTGCCAGCMGCCGCGGTAA,ATTAGAWACCCBDGTAGTCCGGCTGACTGACT,CTGTCTATACTA,1.0,3C,Agf24-m1,130520.0,05_20,1.0,14.14285714,Month_04,group1,NA,no,yes
24-1_05_21,440.0,131.0,62.0,161.0,17.0,2.0,244.0,2496.0,0.0,5.0,0.0,0.0,0.0,389.0,0.0,0.0,0.0,0.0,0.0,2.0,0.0,2.0,0.0,0.0,0.0,0.0,0.0,5.0,3.0,0.0,0.0,0.0,0.0,0.0,0.0,0.0,13.0,0.0,0.0,1.0,27.0,0.0,TATGGTAATTGTGTGCCAGCMGCCGCGGTAA,ATTAGAWACCCBDGTAGTCCGGCTGACTGACT,ACACGTTTGGGT,4.0,8D,Agf24-m1,20521.0,05_21,7.0,60.85714286,Month_16,group1,NA,no,no
24-1_06_21,77.0,11.0,6.0,19.0,0.0,2.0,11.0,2854.0,0.0,0.0,0.0,0.0,0.0,896.0,0.0,0.0,0.0,0.0,0.0,0.0,0.0,0.0,0.0,0.0,0.0,0.0,0.0,5.0,0.0,0.0,0.0,0.0,0.0,0.0,0.0,2.0,83.0,0.0,0.0,0.0,30.0,4.0,TATGGTAATTGTGTGCCAGCMGCCGCGGTAA,ATTAGAWACCCBDGTAGTCCGGCTGACTGACT,GTGAATGTTCGA,3.0,8E,Agf24-m1,270521.0,06_21,8.0,72.28571429,Month_18,group1,NA,no,no
24-1_07_20,244.0,68.0,16.0,77.0,10.0,2.0,278.0,2383.0,0.0,12.0,0.0,0.0,0.0,575.0,0.0,0.0,0.0,0.0,0.0,9.0,0.0,2.0,0.0,0.0,2.0,0.0,0.0,8.0,2.0,0.0,0.0,0.0,0.0,0.0,0.0,0.0,74.0,0.0,43.0,0.0,17.0,178.0,TATGGTAATTGTGTGCCAGCMGCCGCGGTAA,ATTAGAWACCCBDGTAGTCCGGCTGACTGACT,CTTACACTGCTT,5.0,9B,Agf24-m1,720.0,07_20,2.0,22.28571429,Month_06,group1,NA,no,no
24-1_09_20,317.0,58.0,6.0,48.0,4.0,1.0,172.0,2443.0,0.0,5.0,0.0,0.0,0.0,749.0,0.0,0.0,0.0,0.0,0.0,3.0,0.0,0.0,0.0,0.0,2.0,0.0,0.0,3.0,3.0,0.0,0.0,0.0,0.0,0.0,0.0,0.0,24.0,0.0,115.0,0.0,44.0,3.0,TATGGTAATTGTGTGCCAGCMGCCGCGGTAA,ATTAGAWACCCBDGTAGTCCGGCTGACTGACT,GAGCCCAAAGAG,4.0,7C,Agf24-m1,90920.0,09_20,3.0,32.14285714,Month_08,group1,NA,no,no
24-1_11_20,437.0,97.0,16.0,113.0,20.0,0.0,224.0,2477.0,0.0,10.0,0.0,0.0,0.0,522.0,0.0,0.0,0.0,0.0,0.0,8.0,0.0,6.0,0.0,0.0,0.0,0.0,0.0,0.0,3.0,0.0,1.0,0.0,0.0,0.0,0.0,0.0,22.0,0.0,0.0,0.0,35.0,9.0,TATGGTAATTGTGTGCCAGCMGCCGCGGTAA,ATTAGAWACCCBDGTAGTCCGGCTGACTGACT,TGGCCGTTACTG,6.0,7A,Agf24-m1,121120.0,11_20,4.0,40.28571429,Month_10,group1,NA,no,no
24-2_01_21,679.0,118.0,7.0,192.0,98.0,2.0,64.0,2627.0,0.0,5.0,0.0,0.0,0.0,108.0,0.0,0.0,0.0,0.0,0.0,15.0,0.0,11.0,0.0,0.0,0.0,0.0,0.0,0.0,2.0,0.0,0.0,0.0,0.0,0.0,0.0,0.0,38.0,0.0,0.0,0.0,10.0,24.0,TATGGTAATTGTGTGCCAGCMGCCGCGGTAA,ATTAGAWACCCBDGTAGTCCGGCTGACTGACT,AGGACGCCAGCA,6.0,12E,Agf24-m2,100121.0,01_21,5.0,48.71428571,Month_12,group1,17,yes,no
24-2_05_20,14.0,27.0,47.0,52.0,9.0,0.0,154.0,3050.0,1.0,3.0,0.0,0.0,0.0,139.0,0.0,0.0,0.0,0.0,0.0,2.0,0.0,0.0,0.0,0.0,0.0,0.0,0.0,3.0,0.0,0.0,0.0,2.0,0.0,0.0,0.0,0.0,23.0,0.0,24.0,34.0,7.0,409.0,TATGGTAATTGTGTGCCAGCMGCCGCGGTAA,ATTAGAWACCCBDGTAGTCCGGCTGACTGACT,TCCGACCCGATC,7.0,1C,Agf24-m2,130520.0,05_20,1.0,14.14285714,Month_04,group1,17,yes,yes
24-2_05_21,208.0,167.0,43.0,143.0,21.0,0.0,440.0,2093.0,0.0,2.0,0.0,0.0,0.0,785.0,0.0,0.0,0.0,0.0,0.0,3.0,0.0,11.0,0.0,0.0,0.0,0.0,0.0,0.0,9.0,0.0,0.0,0.0,0.0,0.0,0.0,5.0,57.0,0.0,0.0,0.0,10.0,3.0,TATGGTAATTGTGTGCCAGCMGCCGCGGTAA,ATTAGAWACCCBDGTAGTCCGGCTGACTGACT,TCTCGCACTGGA,4.0,2G,Agf24-m2,20521.0,05_21,7.0,60.85714286,Month_16,group1,17,yes,no
25-0_01_21,1564.0,237.0,0.0,238.0,124.0,0.0,90.0,1208.0,0.0,1.0,2.0,0.0,0.0,191.0,0.0,0.0,0.0,0.0,0.0,0.0,0.0,12.0,0.0,0.0,0.0,0.0,0.0,74.0,35.0,0.0,0.0,4.0,0.0,0.0,0.0,0.0,3.0,0.0,0.0,0.0,11.0,206.0,TATGGTAATTGTGTGCCAGCMGCCGCGGTAA,ATTAGAWACCCBDGTAGTCCGGCTGACTGACT,GAGTCCGTTGCT,7.0,10D,Agf25-m0,100121.0,01_21,5.0,48.71428571,Month_12,group1,NA,no,no
25-0_05_20,97.0,92.0,7.0,280.0,33.0,0.0,342.0,2805.0,0.0,0.0,0.0,0.0,0.0,91.0,0.0,0.0,0.0,0.0,0.0,0.0,0.0,4.0,0.0,0.0,0.0,0.0,0.0,4.0,4.0,0.0,0.0,5.0,0.0,0.0,0.0,0.0,13.0,0.0,32.0,153.0,6.0,32.0,TATGGTAATTGTGTGCCAGCMGCCGCGGTAA,ATTAGAWACCCBDGTAGTCCGGCTGACTGACT,ACACACCCTGAC,3.0,7H,Agf25-m0,130520.0,05_20,1.0,14.14285714,Month_04,group1,NA,no,yes
25-0_05_21,1069.0,316.0,14.0,249.0,113.0,2.0,189.0,1453.0,0.0,8.0,0.0,0.0,0.0,66.0,0.0,0.0,0.0,0.0,0.0,4.0,0.0,5.0,0.0,0.0,4.0,0.0,0.0,374.0,6.0,0.0,2.0,7.0,2.0,0.0,0.0,32.0,24.0,0.0,0.0,54.0,2.0,5.0,TATGGTAATTGTGTGCCAGCMGCCGCGGTAA,ATTAGAWACCCBDGTAGTCCGGCTGACTGACT,ATTGCCTTGATT,4.0,6C,Agf25-m0,20521.0,05_21,7.0,60.85714286,Month_16,group1,NA,no,no
25-0_06_21,571.0,342.0,96.0,531.0,153.0,1.0,397.0,1252.0,0.0,12.0,0.0,1.0,0.0,167.0,0.0,0.0,0.0,0.0,0.0,1.0,0.0,8.0,0.0,0.0,1.0,0.0,0.0,318.0,8.0,0.0,0.0,13.0,0.0,0.0,0.0,1.0,29.0,0.0,0.0,93.0,2.0,3.0,TATGGTAATTGTGTGCCAGCMGCCGCGGTAA,ATTAGAWACCCBDGTAGTCCGGCTGACTGACT,GTTGTTCTGGGA,3.0,3H,Agf25-m0,270521.0,06_21,8.0,72.28571429,Month_18,group1,NA,no,no
25-0_11_20,403.0,210.0,4.0,102.0,74.0,0.0,297.0,1875.0,0.0,23.0,1.0,0.0,0.0,321.0,0.0,0.0,0.0,0.0,0.0,4.0,0.0,2.0,0.0,0.0,0.0,0.0,0.0,268.0,5.0,0.0,0.0,12.0,0.0,0.0,0.0,0.0,49.0,0.0,0.0,349.0,1.0,0.0,TATGGTAATTGTGTGCCAGCMGCCGCGGTAA,ATTAGAWACCCBDGTAGTCCGGCTGACTGACT,CACACAAAGTCA,2.0,10E,Agf25-m0,121120.0,11_20,4.0,40.28571429,Month_10,group1,NA,no,no
25-1_01_21,601.0,56.0,25.0,126.0,12.0,0.0,135.0,2352.0,0.0,29.0,0.0,0.0,0.0,395.0,0.0,0.0,0.0,0.0,0.0,0.0,0.0,2.0,0.0,0.0,0.0,2.0,0.0,160.0,2.0,0.0,0.0,7.0,0.0,0.0,0.0,15.0,26.0,0.0,0.0,2.0,11.0,42.0,TATGGTAATTGTGTGCCAGCMGCCGCGGTAA,ATTAGAWACCCBDGTAGTCCGGCTGACTGACT,GGTTCATGAACA,1.0,7G,Agf25-m1,100121.0,01_21,5.0,48.71428571,Month_12,group1,15,yes,no
25-1_03_21,1920.0,283.0,7.0,197.0,145.0,0.0,177.0,745.0,0.0,33.0,0.0,2.0,0.0,172.0,0.0,0.0,0.0,0.0,0.0,0.0,0.0,8.0,0.0,0.0,0.0,0.0,0.0,266.0,13.0,0.0,3.0,10.0,0.0,0.0,0.0,12.0,3.0,0.0,0.0,0.0,1.0,3.0,TATGGTAATTGTGTGCCAGCMGCCGCGGTAA,ATTAGAWACCCBDGTAGTCCGGCTGACTGACT,TCTTACCCATAA,4.0,12G,Agf25-m1,40321.0,03_21,6.0,56.28571429,Month_14,group1,15,yes,no
25-1_05_20,76.0,99.0,23.0,131.0,6.0,0.0,695.0,2675.0,0.0,33.0,1.0,0.0,0.0,186.0,0.0,0.0,0.0,0.0,0.0,0.0,0.0,4.0,0.0,0.0,0.0,0.0,0.0,5.0,4.0,0.0,0.0,3.0,0.0,0.0,0.0,0.0,8.0,0.0,47.0,0.0,0.0,4.0,TATGGTAATTGTGTGCCAGCMGCCGCGGTAA,ATTAGAWACCCBDGTAGTCCGGCTGACTGACT,AGTTCTCATTAA,3.0,10C,Agf25-m1,130520.0,05_20,1.0,14.14285714,Month_04,group1,15,yes,no
25-1_05_21,212.0,212.0,30.0,225.0,13.0,0.0,88.0,2990.0,0.0,3.0,0.0,0.0,0.0,111.0,0.0,0.0,0.0,0.0,0.0,1.0,0.0,7.0,0.0,0.0,0.0,0.0,0.0,7.0,18.0,0.0,1.0,24.0,0.0,0.0,0.0,20.0,30.0,0.0,0.0,0.0,4.0,4.0,TATGGTAATTGTGTGCCAGCMGCCGCGGTAA,ATTAGAWACCCBDGTAGTCCGGCTGACTGACT,TTCCTTAGTAGT,1.0,4B,Agf25-m1,20521.0,05_21,7.0,60.85714286,Month_16,group1,15,yes,no
25-1_11_20,80.0,248.0,11.0,497.0,86.0,0.0,376.0,2216.0,0.0,12.0,0.0,0.0,0.0,373.0,0.0,0.0,0.0,0.0,0.0,2.0,0.0,1.0,0.0,0.0,0.0,0.0,0.0,8.0,5.0,0.0,3.0,66.0,0.0,0.0,0.0,8.0,8.0,0.0,0.0,0.0,0.0,0.0,TATGGTAATTGTGTGCCAGCMGCCGCGGTAA,ATTAGAWACCCBDGTAGTCCGGCTGACTGACT,AATGCGCGTATA,1.0,9C,Agf25-m1,121120.0,11_20,4.0,40.28571429,Month_10,group1,15,yes,no
25-2_01_21,175.0,183.0,53.0,395.0,70.0,1.0,784.0,2033.0,0.0,8.0,0.0,0.0,0.0,219.0,0.0,0.0,0.0,0.0,0.0,3.0,0.0,7.0,0.0,0.0,0.0,0.0,0.0,0.0,16.0,0.0,1.0,21.0,0.0,0.0,0.0,5.0,13.0,0.0,0.0,8.0,0.0,5.0,TATGGTAATTGTGTGCCAGCMGCCGCGGTAA,ATTAGAWACCCBDGTAGTCCGGCTGACTGACT,AGTACGCAGTCT,5.0,7C,Agf25-m2,100121.0,01_21,5.0,48.71428571,Month_12,group1,NA,no,no
25-2_05_20,112.0,187.0,32.0,375.0,22.0,0.0,495.0,2220.0,0.0,15.0,2.0,0.0,0.0,128.0,0.0,0.0,0.0,0.0,0.0,1.0,0.0,7.0,0.0,0.0,0.0,0.0,0.0,0.0,2.0,0.0,2.0,15.0,0.0,0.0,0.0,0.0,27.0,0.0,76.0,237.0,4.0,41.0,TATGGTAATTGTGTGCCAGCMGCCGCGGTAA,ATTAGAWACCCBDGTAGTCCGGCTGACTGACT,GAGAGGGATCAC,6.0,6A,Agf25-m2,130520.0,05_20,1.0,14.14285714,Month_04,group1,NA,no,no
25-2_06_21,425.0,593.0,3.0,790.0,213.0,1.0,211.0,1295.0,10.0,4.0,0.0,0.0,0.0,64.0,0.0,0.0,0.0,0.0,0.0,4.0,0.0,10.0,0.0,0.0,74.0,0.0,0.0,187.0,10.0,0.0,0.0,13.0,0.0,0.0,0.0,4.0,38.0,0.0,0.0,0.0,0.0,51.0,TATGGTAATTGTGTGCCAGCMGCCGCGGTAA,ATTAGAWACCCBDGTAGTCCGGCTGACTGACT,AAGGCGCTCCTT,3.0,1C,Agf25-m2,270521.0,06_21,8.0,72.28571429,Month_18,group1,NA,no,no
25-2_07_20,554.0,339.0,1.0,734.0,178.0,5.0,606.0,926.0,0.0,10.0,0.0,0.0,0.0,268.0,0.0,0.0,0.0,0.0,0.0,2.0,0.0,16.0,0.0,0.0,0.0,0.0,0.0,4.0,14.0,1.0,0.0,99.0,0.0,0.0,0.0,0.0,28.0,0.0,103.0,97.0,0.0,15.0,TATGGTAATTGTGTGCCAGCMGCCGCGGTAA,ATTAGAWACCCBDGTAGTCCGGCTGACTGACT,ACTCTTACTTAG,1.0,12H,Agf25-m2,720.0,07_20,2.0,22.28571429,Month_06,group1,NA,no,no
26-0_01_21,129.0,91.0,54.0,276.0,36.0,0.0,442.0,2537.0,0.0,0.0,0.0,0.0,0.0,144.0,0.0,0.0,0.0,0.0,0.0,3.0,0.0,4.0,0.0,0.0,0.0,0.0,0.0,191.0,3.0,0.0,0.0,4.0,0.0,0.0,0.0,56.0,17.0,0.0,0.0,0.0,6.0,7.0,TATGGTAATTGTGTGCCAGCMGCCGCGGTAA,ATTAGAWACCCBDGTAGTCCGGCTGACTGACT,CCGGACAAGAAG,1.0,2F,Agf26-m0,100121.0,01_21,5.0,48.71428571,Month_12,group1,15,yes,no
26-0_05_21,393.0,325.0,149.0,505.0,328.0,1.0,368.0,1365.0,0.0,15.0,0.0,0.0,0.0,164.0,0.0,0.0,0.0,0.0,0.0,0.0,0.0,16.0,0.0,0.0,0.0,0.0,0.0,142.0,14.0,0.0,0.0,7.0,0.0,0.0,0.0,0.0,1.0,0.0,0.0,198.0,3.0,6.0,TATGGTAATTGTGTGCCAGCMGCCGCGGTAA,ATTAGAWACCCBDGTAGTCCGGCTGACTGACT,TGATATCGTCTT,1.0,7C,Agf26-m0,20521.0,05_21,7.0,60.85714286,Month_16,group1,15,yes,no
26-0_06_21,57.0,42.0,24.0,47.0,31.0,0.0,130.0,3558.0,0.0,11.0,0.0,0.0,0.0,4.0,0.0,0.0,0.0,0.0,0.0,0.0,0.0,0.0,0.0,0.0,0.0,0.0,0.0,56.0,6.0,0.0,0.0,0.0,3.0,0.0,0.0,0.0,4.0,0.0,0.0,7.0,15.0,5.0,TATGGTAATTGTGTGCCAGCMGCCGCGGTAA,ATTAGAWACCCBDGTAGTCCGGCTGACTGACT,AACACCATCGAC,4.0,4E,Agf26-m0,270521.0,06_21,8.0,72.28571429,Month_18,group1,15,yes,no
26-0_07_20,841.0,201.0,6.0,385.0,110.0,0.0,272.0,1358.0,0.0,9.0,0.0,0.0,0.0,339.0,0.0,0.0,0.0,0.0,0.0,4.0,0.0,20.0,0.0,0.0,0.0,0.0,0.0,0.0,26.0,0.0,0.0,5.0,0.0,0.0,0.0,0.0,20.0,0.0,32.0,0.0,4.0,368.0,TATGGTAATTGTGTGCCAGCMGCCGCGGTAA,ATTAGAWACCCBDGTAGTCCGGCTGACTGACT,CAAATGGTCGTC,6.0,9E,Agf26-m0,720.0,07_20,2.0,22.28571429,Month_06,group1,15,yes,no
26-0_09_20,86.0,66.0,5.0,57.0,5.0,0.0,148.0,2480.0,0.0,14.0,0.0,0.0,0.0,442.0,0.0,0.0,0.0,0.0,0.0,2.0,0.0,6.0,0.0,0.0,0.0,0.0,0.0,0.0,10.0,0.0,0.0,0.0,1.0,0.0,0.0,0.0,10.0,0.0,68.0,0.0,3.0,597.0,TATGGTAATTGTGTGCCAGCMGCCGCGGTAA,ATTAGAWACCCBDGTAGTCCGGCTGACTGACT,GTTGGACGAAGG,2.0,4E,Agf26-m0,90920.0,09_20,3.0,32.14285714,Month_08,group1,15,yes,no
26-1_03_21,105.0,117.0,52.0,151.0,54.0,0.0,229.0,2767.0,0.0,0.0,0.0,0.0,0.0,210.0,0.0,0.0,0.0,0.0,0.0,0.0,0.0,3.0,0.0,0.0,0.0,0.0,0.0,264.0,6.0,0.0,0.0,7.0,0.0,0.0,0.0,8.0,14.0,0.0,0.0,10.0,3.0,0.0,TATGGTAATTGTGTGCCAGCMGCCGCGGTAA,ATTAGAWACCCBDGTAGTCCGGCTGACTGACT,GATCTAATCGAG,3.0,2C,Agf26-m1,40321.0,03_21,6.0,56.28571429,Month_14,group1,17,yes,no
26-1_07_20,741.0,163.0,34.0,231.0,61.0,1.0,570.0,1314.0,0.0,18.0,0.0,0.0,0.0,335.0,0.0,0.0,0.0,0.0,0.0,2.0,0.0,3.0,0.0,0.0,0.0,0.0,0.0,6.0,7.0,0.0,3.0,6.0,0.0,0.0,0.0,0.0,33.0,0.0,41.0,0.0,5.0,426.0,TATGGTAATTGTGTGCCAGCMGCCGCGGTAA,ATTAGAWACCCBDGTAGTCCGGCTGACTGACT,TCTTATAACGCT,3.0,8G,Agf26-m1,720.0,07_20,2.0,22.28571429,Month_06,group1,17,yes,no
26-1_09_20,360.0,44.0,66.0,97.0,24.0,0.0,319.0,2848.0,0.0,7.0,0.0,0.0,0.0,86.0,0.0,0.0,0.0,0.0,0.0,0.0,0.0,3.0,0.0,0.0,0.0,0.0,0.0,0.0,0.0,0.0,0.0,0.0,3.0,0.0,0.0,0.0,38.0,0.0,44.0,0.0,16.0,45.0,TATGGTAATTGTGTGCCAGCMGCCGCGGTAA,ATTAGAWACCCBDGTAGTCCGGCTGACTGACT,AGCCCTGCTACA,1.0,3A,Agf26-m1,90920.0,09_20,3.0,32.14285714,Month_08,group1,17,yes,no
26-1_11_20,71.0,70.0,7.0,147.0,61.0,1.0,187.0,2797.0,0.0,22.0,0.0,1.0,0.0,149.0,0.0,0.0,0.0,0.0,0.0,0.0,0.0,5.0,0.0,0.0,0.0,0.0,0.0,4.0,4.0,0.0,2.0,72.0,0.0,0.0,0.0,4.0,33.0,0.0,0.0,0.0,1.0,362.0,TATGGTAATTGTGTGCCAGCMGCCGCGGTAA,ATTAGAWACCCBDGTAGTCCGGCTGACTGACT,ATCGTAGTGGTC,2.0,6F,Agf26-m1,121120.0,11_20,4.0,40.28571429,Month_10,group1,17,yes,no
27-0_03_21,372.0,110.0,0.0,65.0,73.0,0.0,81.0,2550.0,0.0,0.0,0.0,0.0,0.0,490.0,0.0,0.0,0.0,0.0,0.0,2.0,0.0,5.0,0.0,0.0,0.0,0.0,0.0,132.0,9.0,0.0,2.0,2.0,0.0,0.0,0.0,5.0,14.0,0.0,29.0,0.0,59.0,0.0,TATGGTAATTGTGTGCCAGCMGCCGCGGTAA,ATTAGAWACCCBDGTAGTCCGGCTGACTGACT,TTAACAAGGCAA,3.0,7C,Agf27-m0,40321.0,03_21,6.0,55.57142857,Month_14,group1,NA,no,no
27-0_05_20,609.0,77.0,27.0,96.0,46.0,0.0,235.0,1504.0,0.0,14.0,0.0,0.0,0.0,699.0,0.0,0.0,0.0,0.0,0.0,0.0,0.0,3.0,0.0,0.0,0.0,0.0,0.0,176.0,3.0,0.0,0.0,0.0,0.0,0.0,0.0,0.0,27.0,0.0,19.0,0.0,14.0,451.0,TATGGTAATTGTGTGCCAGCMGCCGCGGTAA,ATTAGAWACCCBDGTAGTCCGGCTGACTGACT,GGTAGTTCATAG,2.0,7H,Agf27-m0,130520.0,05_20,1.0,13.42857143,Month_04,group1,NA,no,yes
27-0_05_21,437.0,263.0,15.0,694.0,141.0,0.0,116.0,1809.0,0.0,2.0,0.0,0.0,0.0,295.0,0.0,0.0,0.0,0.0,0.0,0.0,0.0,3.0,0.0,0.0,4.0,0.0,0.0,115.0,14.0,0.0,0.0,3.0,9.0,0.0,1.0,15.0,3.0,0.0,12.0,0.0,39.0,10.0,TATGGTAATTGTGTGCCAGCMGCCGCGGTAA,ATTAGAWACCCBDGTAGTCCGGCTGACTGACT,TATGGTACCCAG,1.0,6A,Agf27-m0,20521.0,05_21,7.0,60.14285714,Month_16,group1,NA,no,no
27-0_06_21,900.0,105.0,4.0,89.0,149.0,0.0,11.0,2423.0,0.0,0.0,0.0,0.0,0.0,226.0,0.0,0.0,0.0,0.0,0.0,0.0,0.0,4.0,0.0,0.0,0.0,0.0,0.0,27.0,13.0,0.0,0.0,0.0,0.0,0.0,0.0,0.0,4.0,0.0,8.0,0.0,37.0,0.0,TATGGTAATTGTGTGCCAGCMGCCGCGGTAA,ATTAGAWACCCBDGTAGTCCGGCTGACTGACT,ACGTATTCGAAG,3.0,4C,Agf27-m0,270521.0,06_21,8.0,71.57142857,Month_18,group1,NA,no,no
27-0_07_20,126.0,22.0,19.0,86.0,13.0,0.0,269.0,2369.0,0.0,10.0,0.0,0.0,0.0,351.0,0.0,0.0,0.0,0.0,0.0,0.0,0.0,3.0,0.0,0.0,0.0,0.0,0.0,106.0,5.0,0.0,0.0,0.0,0.0,0.0,0.0,0.0,14.0,0.0,71.0,0.0,24.0,512.0,TATGGTAATTGTGTGCCAGCMGCCGCGGTAA,ATTAGAWACCCBDGTAGTCCGGCTGACTGACT,TGCTACAGACGT,4.0,10A,Agf27-m0,720.0,07_20,2.0,21.57142857,Month_06,group1,NA,no,no
27-0_09_20,403.0,379.0,5.0,321.0,365.0,0.0,523.0,970.0,0.0,49.0,0.0,0.0,0.0,541.0,0.0,0.0,0.0,0.0,0.0,2.0,0.0,12.0,0.0,0.0,0.0,0.0,0.0,194.0,8.0,0.0,5.0,17.0,0.0,0.0,0.0,1.0,2.0,0.0,39.0,0.0,4.0,160.0,TATGGTAATTGTGTGCCAGCMGCCGCGGTAA,ATTAGAWACCCBDGTAGTCCGGCTGACTGACT,GTTTGAAACACG,2.0,11G,Agf27-m0,90920.0,09_20,3.0,31.42857143,Month_08,group1,NA,no,no
27-0_11_20,331.0,152.0,40.0,176.0,101.0,1.0,275.0,1842.0,0.0,12.0,1.0,1.0,0.0,642.0,0.0,0.0,0.0,0.0,0.0,1.0,0.0,7.0,0.0,0.0,7.0,3.0,0.0,203.0,9.0,0.0,0.0,2.0,0.0,0.0,0.0,10.0,3.0,0.0,100.0,0.0,28.0,53.0,TATGGTAATTGTGTGCCAGCMGCCGCGGTAA,ATTAGAWACCCBDGTAGTCCGGCTGACTGACT,TTGTGTCTCCCT,3.0,5A,Agf27-m0,121120.0,11_20,4.0,39.57142857,Month_10,group1,NA,no,no
27-1_01_21,210.0,122.0,8.0,64.0,41.0,2.0,199.0,2128.0,0.0,5.0,0.0,0.0,0.0,956.0,0.0,0.0,0.0,0.0,0.0,2.0,0.0,7.0,0.0,0.0,0.0,0.0,0.0,128.0,5.0,0.0,0.0,1.0,0.0,0.0,0.0,18.0,11.0,0.0,79.0,0.0,11.0,3.0,TATGGTAATTGTGTGCCAGCMGCCGCGGTAA,ATTAGAWACCCBDGTAGTCCGGCTGACTGACT,AGACTTCTCAGG,3.0,10B,Agf27-m1,100121.0,01_21,5.0,48.0,Month_12,group1,NA,no,no
27-1_03_21,63.0,51.0,6.0,31.0,54.0,0.0,52.0,3229.0,0.0,7.0,0.0,0.0,0.0,323.0,0.0,0.0,0.0,0.0,0.0,5.0,0.0,1.0,0.0,0.0,0.0,0.0,0.0,60.0,5.0,0.0,0.0,0.0,0.0,0.0,0.0,18.0,3.0,0.0,20.0,0.0,69.0,3.0,TATGGTAATTGTGTGCCAGCMGCCGCGGTAA,ATTAGAWACCCBDGTAGTCCGGCTGACTGACT,CAGTGCACGTCT,5.0,8C,Agf27-m1,40321.0,03_21,6.0,55.57142857,Month_14,group1,NA,no,no
27-1_05_20,111.0,23.0,6.0,36.0,7.0,0.0,112.0,2613.0,0.0,0.0,0.0,0.0,0.0,443.0,0.0,0.0,0.0,0.0,0.0,3.0,0.0,1.0,0.0,0.0,0.0,0.0,0.0,56.0,4.0,0.0,0.0,2.0,0.0,0.0,0.0,0.0,10.0,0.0,33.0,0.0,30.0,510.0,TATGGTAATTGTGTGCCAGCMGCCGCGGTAA,ATTAGAWACCCBDGTAGTCCGGCTGACTGACT,CATTTCGCACTT,2.0,9C,Agf27-m1,130520.0,05_20,1.0,13.42857143,Month_04,group1,NA,no,no
27-1_05_21,326.0,218.0,14.0,348.0,29.0,0.0,348.0,1534.0,0.0,11.0,0.0,0.0,0.0,608.0,0.0,0.0,0.0,0.0,0.0,0.0,0.0,3.0,0.0,0.0,18.0,0.0,0.0,420.0,9.0,0.0,0.0,6.0,3.0,0.0,1.0,15.0,9.0,0.0,46.0,0.0,4.0,30.0,TATGGTAATTGTGTGCCAGCMGCCGCGGTAA,ATTAGAWACCCBDGTAGTCCGGCTGACTGACT,TGTCAAAGTGAC,1.0,12G,Agf27-m1,20521.0,05_21,7.0,60.14285714,Month_16,group1,NA,no,no
27-1_06_21,199.0,210.0,3.0,182.0,422.0,0.0,195.0,2029.0,0.0,4.0,0.0,0.0,0.0,440.0,0.0,0.0,0.0,0.0,0.0,0.0,0.0,6.0,0.0,0.0,3.0,0.0,0.0,161.0,19.0,0.0,0.0,10.0,0.0,0.0,0.0,5.0,0.0,0.0,50.0,0.0,62.0,0.0,TATGGTAATTGTGTGCCAGCMGCCGCGGTAA,ATTAGAWACCCBDGTAGTCCGGCTGACTGACT,TTGCGGACCCTA,1.0,3G,Agf27-m1,270521.0,06_21,8.0,71.57142857,Month_18,group1,NA,no,no
27-1_09_20,1262.0,273.0,6.0,175.0,55.0,0.0,146.0,1382.0,0.0,13.0,0.0,0.0,0.0,307.0,0.0,0.0,0.0,0.0,0.0,3.0,0.0,10.0,0.0,0.0,0.0,0.0,0.0,132.0,17.0,0.0,3.0,3.0,0.0,0.0,0.0,20.0,18.0,0.0,30.0,0.0,11.0,134.0,TATGGTAATTGTGTGCCAGCMGCCGCGGTAA,ATTAGAWACCCBDGTAGTCCGGCTGACTGACT,TAACAATAATTC,1.0,8G,Agf27-m1,90920.0,09_20,3.0,31.42857143,Month_08,group1,NA,no,no
27-1_11_20,1294.0,390.0,4.0,360.0,318.0,0.0,184.0,894.0,0.0,22.0,0.0,0.0,0.0,194.0,0.0,0.0,0.0,0.0,0.0,0.0,0.0,14.0,0.0,0.0,1.0,0.0,0.0,245.0,19.0,0.0,1.0,7.0,0.0,0.0,0.0,15.0,1.0,0.0,18.0,0.0,4.0,15.0,TATGGTAATTGTGTGCCAGCMGCCGCGGTAA,ATTAGAWACCCBDGTAGTCCGGCTGACTGACT,ACTCTGTAATTA,2.0,1E,Agf27-m1,121120.0,11_20,4.0,39.57142857,Month_10,group1,NA,no,no
27-2_03_21,376.0,215.0,0.0,124.0,200.0,0.0,122.0,2114.0,0.0,5.0,1.0,0.0,2.0,628.0,0.0,0.0,0.0,0.0,0.0,0.0,0.0,12.0,0.0,0.0,1.0,0.0,0.0,118.0,19.0,0.0,2.0,4.0,0.0,0.0,0.0,5.0,8.0,0.0,25.0,0.0,17.0,2.0,TATGGTAATTGTGTGCCAGCMGCCGCGGTAA,ATTAGAWACCCBDGTAGTCCGGCTGACTGACT,TAGGAACTCACC,2.0,8F,Agf27-m2,40321.0,03_21,6.0,55.57142857,Month_14,group1,NA,no,no
27-2_05_20,143.0,59.0,13.0,50.0,0.0,0.0,235.0,2163.0,0.0,13.0,0.0,0.0,0.0,213.0,0.0,0.0,0.0,0.0,0.0,4.0,0.0,1.0,0.0,0.0,0.0,2.0,0.0,195.0,3.0,0.0,0.0,2.0,0.0,0.0,0.0,0.0,50.0,0.0,57.0,0.0,25.0,772.0,TATGGTAATTGTGTGCCAGCMGCCGCGGTAA,ATTAGAWACCCBDGTAGTCCGGCTGACTGACT,GTTCGAGTGAAT,4.0,7F,Agf27-m2,130520.0,05_20,1.0,13.42857143,Month_04,group1,NA,no,no
27-2_05_21,365.0,235.0,49.0,227.0,49.0,0.0,207.0,1683.0,0.0,1.0,0.0,0.0,0.0,963.0,0.0,0.0,0.0,0.0,0.0,0.0,0.0,7.0,0.0,0.0,2.0,0.0,0.0,115.0,19.0,0.0,0.0,11.0,11.0,0.0,0.0,14.0,14.0,0.0,13.0,0.0,9.0,6.0,TATGGTAATTGTGTGCCAGCMGCCGCGGTAA,ATTAGAWACCCBDGTAGTCCGGCTGACTGACT,CGACCTCGCATA,5.0,5C,Agf27-m2,20521.0,05_21,7.0,60.14285714,Month_16,group1,NA,no,no
27-2_06_21,442.0,67.0,8.0,52.0,100.0,0.0,66.0,2348.0,0.0,2.0,0.0,1.0,0.0,745.0,0.0,0.0,0.0,0.0,0.0,0.0,0.0,4.0,0.0,0.0,4.0,0.0,0.0,71.0,5.0,0.0,0.0,2.0,0.0,0.0,0.0,1.0,6.0,0.0,32.0,0.0,37.0,7.0,TATGGTAATTGTGTGCCAGCMGCCGCGGTAA,ATTAGAWACCCBDGTAGTCCGGCTGACTGACT,TAGACTTCAGAG,4.0,7H,Agf27-m2,270521.0,06_21,8.0,71.57142857,Month_18,group1,NA,no,no
27-2_07_20,90.0,20.0,37.0,68.0,15.0,0.0,251.0,2028.0,0.0,19.0,0.0,0.0,0.0,496.0,3.0,0.0,0.0,0.0,0.0,2.0,0.0,1.0,0.0,0.0,0.0,0.0,0.0,132.0,4.0,0.0,0.0,0.0,0.0,0.0,0.0,0.0,37.0,0.0,12.0,0.0,24.0,761.0,TATGGTAATTGTGTGCCAGCMGCCGCGGTAA,ATTAGAWACCCBDGTAGTCCGGCTGACTGACT,AGAGGGTGATCG,2.0,2C,Agf27-m2,720.0,07_20,2.0,21.57142857,Month_06,group1,NA,no,no
27-2_09_20,424.0,238.0,9.0,146.0,77.0,0.0,491.0,1109.0,0.0,77.0,0.0,0.0,0.0,836.0,0.0,0.0,0.0,0.0,0.0,5.0,0.0,3.0,0.0,0.0,0.0,0.0,0.0,335.0,6.0,0.0,5.0,3.0,0.0,0.0,0.0,10.0,18.0,0.0,57.0,0.0,5.0,146.0,TATGGTAATTGTGTGCCAGCMGCCGCGGTAA,ATTAGAWACCCBDGTAGTCCGGCTGACTGACT,CAGGCCACTCTC,4.0,2D,Agf27-m2,90920.0,09_20,3.0,31.42857143,Month_08,group1,NA,no,no
27-2_11_20,486.0,199.0,24.0,281.0,206.0,1.0,543.0,1191.0,0.0,33.0,0.0,7.0,0.0,660.0,0.0,0.0,0.0,0.0,0.0,5.0,0.0,9.0,0.0,0.0,3.0,1.0,0.0,185.0,9.0,0.0,2.0,15.0,0.0,0.0,0.0,10.0,7.0,0.0,41.0,0.0,8.0,74.0,TATGGTAATTGTGTGCCAGCMGCCGCGGTAA,ATTAGAWACCCBDGTAGTCCGGCTGACTGACT,TAGTTCGGTGAC,2.0,7E,Agf27-m2,121120.0,11_20,4.0,39.57142857,Month_10,group1,NA,no,no
28-0_01_21,123.0,212.0,14.0,229.0,311.0,2.0,308.0,1855.0,0.0,23.0,0.0,2.0,0.0,622.0,0.0,0.0,0.0,0.0,0.0,2.0,0.0,2.0,0.0,0.0,0.0,0.0,0.0,133.0,7.0,0.0,1.0,23.0,0.0,0.0,0.0,24.0,4.0,0.0,43.0,0.0,9.0,51.0,TATGGTAATTGTGTGCCAGCMGCCGCGGTAA,ATTAGAWACCCBDGTAGTCCGGCTGACTGACT,TCGAGAGTTTGC,2.0,5B,Agf28-m0,100121.0,01_21,5.0,47.0,Month_12,group1,NA,no,no
28-0_05_20,53.0,37.0,28.0,37.0,21.0,0.0,130.0,2465.0,0.0,6.0,0.0,0.0,0.0,278.0,0.0,0.0,0.0,0.0,0.0,1.0,0.0,2.0,0.0,0.0,1.0,0.0,0.0,86.0,3.0,0.0,0.0,0.0,0.0,0.0,0.0,0.0,19.0,0.0,7.0,0.0,3.0,823.0,TATGGTAATTGTGTGCCAGCMGCCGCGGTAA,ATTAGAWACCCBDGTAGTCCGGCTGACTGACT,TTAAGTTAAGTT,2.0,5H,Agf28-m0,130520.0,05_20,1.0,12.42857143,Month_04,group1,NA,no,yes
28-0_07_20,232.0,57.0,19.0,113.0,33.0,1.0,348.0,1354.0,0.0,20.0,0.0,0.0,0.0,812.0,0.0,0.0,0.0,0.0,0.0,0.0,0.0,0.0,0.0,0.0,0.0,0.0,0.0,269.0,2.0,0.0,0.0,3.0,0.0,0.0,0.0,0.0,45.0,0.0,8.0,0.0,5.0,679.0,TATGGTAATTGTGTGCCAGCMGCCGCGGTAA,ATTAGAWACCCBDGTAGTCCGGCTGACTGACT,TCGCTACAGATG,3.0,6F,Agf28-m0,720.0,07_20,2.0,20.57142857,Month_06,group1,NA,no,no
28-0_11_20,116.0,182.0,13.0,139.0,112.0,0.0,696.0,2157.0,0.0,26.0,0.0,0.0,0.0,311.0,0.0,0.0,0.0,0.0,0.0,0.0,0.0,8.0,0.0,0.0,0.0,0.0,0.0,153.0,8.0,0.0,2.0,3.0,0.0,0.0,0.0,29.0,3.0,0.0,17.0,0.0,3.0,22.0,TATGGTAATTGTGTGCCAGCMGCCGCGGTAA,ATTAGAWACCCBDGTAGTCCGGCTGACTGACT,GTACTCGAACCA,3.0,11F,Agf28-m0,121120.0,11_20,4.0,38.57142857,Month_10,group1,NA,no,no
28-1_01_21,51.0,175.0,72.0,151.0,137.0,0.0,142.0,2322.0,0.0,11.0,0.0,0.0,0.0,502.0,0.0,0.0,0.0,0.0,0.0,2.0,0.0,4.0,0.0,0.0,0.0,0.0,0.0,73.0,7.0,0.0,0.0,12.0,0.0,0.0,0.0,5.0,9.0,0.0,69.0,0.0,21.0,235.0,TATGGTAATTGTGTGCCAGCMGCCGCGGTAA,ATTAGAWACCCBDGTAGTCCGGCTGACTGACT,ATGCCGGTAATA,5.0,7F,Agf28-m1,100121.0,01_21,5.0,47.0,Month_12,group1,NA,no,no
28-1_03_21,245.0,475.0,215.0,494.0,151.0,4.0,319.0,1223.0,0.0,13.0,0.0,0.0,0.0,472.0,0.0,0.0,0.0,0.0,0.0,0.0,0.0,26.0,0.0,0.0,0.0,0.0,0.0,205.0,31.0,0.0,4.0,44.0,0.0,0.0,0.0,11.0,9.0,0.0,22.0,0.0,2.0,35.0,TATGGTAATTGTGTGCCAGCMGCCGCGGTAA,ATTAGAWACCCBDGTAGTCCGGCTGACTGACT,ATTTACAATTGA,4.0,3B,Agf28-m1,40321.0,03_21,6.0,54.57142857,Month_14,group1,NA,no,no
28-1_05_21,297.0,299.0,72.0,290.0,115.0,0.0,210.0,1595.0,0.0,27.0,0.0,0.0,0.0,696.0,0.0,0.0,0.0,0.0,0.0,11.0,0.0,17.0,0.0,0.0,0.0,0.0,0.0,210.0,13.0,0.0,1.0,33.0,0.0,0.0,0.0,13.0,14.0,0.0,83.0,0.0,2.0,2.0,TATGGTAATTGTGTGCCAGCMGCCGCGGTAA,ATTAGAWACCCBDGTAGTCCGGCTGACTGACT,AGAATCCACCAC,3.0,12D,Agf28-m1,20521.0,05_21,7.0,59.14285714,Month_14,group1,NA,no,no
28-1_09_20,83.0,63.0,38.0,89.0,31.0,0.0,253.0,2259.0,0.0,9.0,0.0,0.0,0.0,676.0,0.0,0.0,0.0,0.0,0.0,0.0,0.0,2.0,0.0,0.0,0.0,0.0,0.0,111.0,5.0,0.0,0.0,3.0,4.0,0.0,0.0,9.0,44.0,0.0,20.0,0.0,10.0,291.0,TATGGTAATTGTGTGCCAGCMGCCGCGGTAA,ATTAGAWACCCBDGTAGTCCGGCTGACTGACT,CCGATAAAGGTT,2.0,3F,Agf28-m1,90920.0,09_20,3.0,30.42857143,Month_08,group1,NA,no,no
28-1_11_20,91.0,171.0,55.0,170.0,125.0,0.0,544.0,2019.0,0.0,12.0,0.0,0.0,0.0,375.0,0.0,0.0,0.0,0.0,0.0,6.0,0.0,9.0,0.0,0.0,0.0,0.0,2.0,191.0,2.0,0.0,0.0,0.0,0.0,0.0,0.0,0.0,7.0,0.0,35.0,0.0,2.0,184.0,TATGGTAATTGTGTGCCAGCMGCCGCGGTAA,ATTAGAWACCCBDGTAGTCCGGCTGACTGACT,AAGAACTCATGA,1.0,6C,Agf28-m1,121120.0,11_20,4.0,38.57142857,Month_10,group1,NA,no,no
29-0_01_21,113.0,73.0,47.0,100.0,85.0,0.0,207.0,2126.0,0.0,1.0,0.0,2.0,0.0,193.0,0.0,0.0,0.0,0.0,0.0,0.0,0.0,4.0,0.0,0.0,14.0,0.0,0.0,97.0,7.0,0.0,0.0,11.0,0.0,0.0,0.0,12.0,84.0,0.0,17.0,0.0,36.0,771.0,TATGGTAATTGTGTGCCAGCMGCCGCGGTAA,ATTAGAWACCCBDGTAGTCCGGCTGACTGACT,CGGTATAGCAAT,1.0,3H,Agf29-m0,100121.0,01_21,5.0,47.0,Month_12,group1,NA,no,no
29-0_03_21,47.0,93.0,0.0,113.0,115.0,0.0,116.0,2235.0,0.0,3.0,0.0,0.0,0.0,177.0,0.0,0.0,0.0,0.0,0.0,5.0,0.0,8.0,0.0,0.0,0.0,0.0,0.0,62.0,11.0,0.0,0.0,1.0,0.0,0.0,0.0,7.0,63.0,0.0,26.0,0.0,29.0,889.0,TATGGTAATTGTGTGCCAGCMGCCGCGGTAA,ATTAGAWACCCBDGTAGTCCGGCTGACTGACT,ACTGTGACGTCC,2.0,9A,Agf29-m0,40321.0,03_21,6.0,54.57142857,Month_14,group1,NA,no,no
29-0_05_20,238.0,43.0,17.0,55.0,19.0,0.0,178.0,2087.0,0.0,17.0,0.0,0.0,0.0,356.0,0.0,0.0,0.0,0.0,0.0,0.0,0.0,0.0,0.0,0.0,0.0,0.0,0.0,155.0,4.0,0.0,0.0,1.0,0.0,0.0,0.0,0.0,31.0,0.0,1.0,0.0,26.0,772.0,TATGGTAATTGTGTGCCAGCMGCCGCGGTAA,ATTAGAWACCCBDGTAGTCCGGCTGACTGACT,CCGGCCGCGTGC,3.0,5G,Agf29-m0,130520.0,05_20,1.0,12.42857143,Month_04,group1,NA,no,yes
29-0_05_21,200.0,140.0,20.0,211.0,111.0,0.0,279.0,1808.0,0.0,4.0,0.0,0.0,0.0,762.0,0.0,0.0,0.0,0.0,0.0,2.0,0.0,1.0,0.0,0.0,102.0,0.0,0.0,200.0,8.0,0.0,0.0,3.0,2.0,0.0,0.0,12.0,39.0,0.0,67.0,0.0,8.0,21.0,TATGGTAATTGTGTGCCAGCMGCCGCGGTAA,ATTAGAWACCCBDGTAGTCCGGCTGACTGACT,CAAATTCGGGAT,3.0,4A,Agf29-m0,20521.0,05_21,7.0,59.14285714,Month_14,group1,NA,no,no
29-0_06_21,459.0,503.0,13.0,232.0,316.0,2.0,281.0,1291.0,2.0,44.0,0.0,0.0,0.0,450.0,0.0,0.0,0.0,0.0,3.0,0.0,0.0,6.0,0.0,0.0,0.0,0.0,0.0,304.0,12.0,0.0,0.0,51.0,0.0,0.0,0.0,8.0,5.0,0.0,0.0,4.0,5.0,9.0,TATGGTAATTGTGTGCCAGCMGCCGCGGTAA,ATTAGAWACCCBDGTAGTCCGGCTGACTGACT,GCAGAGAGGCTA,7.0,10C,Agf29-m0,270521.0,06_21,8.0,70.57142857,Month_18,group1,NA,no,no
29-0_11_20,162.0,21.0,24.0,23.0,19.0,0.0,169.0,2416.0,0.0,3.0,0.0,0.0,0.0,299.0,0.0,0.0,0.0,0.0,0.0,2.0,0.0,6.0,0.0,0.0,0.0,0.0,0.0,29.0,0.0,0.0,0.0,0.0,0.0,0.0,0.0,0.0,86.0,0.0,42.0,0.0,60.0,639.0,TATGGTAATTGTGTGCCAGCMGCCGCGGTAA,ATTAGAWACCCBDGTAGTCCGGCTGACTGACT,AAGATCGTACTG,6.0,9A,Agf29-m0,121120.0,11_20,4.0,38.57142857,Month_10,group1,NA,no,no
29-1_03_21,69.0,72.0,0.0,103.0,13.0,0.0,235.0,1472.0,0.0,10.0,0.0,0.0,0.0,273.0,0.0,0.0,0.0,0.0,0.0,2.0,0.0,0.0,0.0,0.0,0.0,0.0,0.0,319.0,0.0,0.0,0.0,17.0,0.0,0.0,0.0,18.0,125.0,0.0,89.0,0.0,21.0,1162.0,TATGGTAATTGTGTGCCAGCMGCCGCGGTAA,ATTAGAWACCCBDGTAGTCCGGCTGACTGACT,TATATAGTATCC,4.0,1C,Agf29-m1,40321.0,03_21,6.0,54.57142857,Month_14,group1,NA,no,no
29-1_05_20,137.0,9.0,1.0,29.0,19.0,0.0,137.0,2357.0,0.0,5.0,0.0,0.0,0.0,506.0,0.0,0.0,0.0,0.0,0.0,1.0,0.0,1.0,0.0,0.0,0.0,0.0,0.0,253.0,0.0,0.0,0.0,0.0,0.0,0.0,0.0,0.0,31.0,0.0,14.0,0.0,27.0,473.0,TATGGTAATTGTGTGCCAGCMGCCGCGGTAA,ATTAGAWACCCBDGTAGTCCGGCTGACTGACT,CTACAGGGTCTC,2.0,1A,Agf29-m1,130520.0,05_20,1.0,12.42857143,Month_04,group1,NA,no,yes
29-1_05_21,29.0,44.0,0.0,18.0,24.0,0.0,74.0,3145.0,0.0,7.0,0.0,0.0,0.0,495.0,0.0,0.0,0.0,0.0,0.0,2.0,0.0,0.0,0.0,0.0,18.0,0.0,0.0,28.0,0.0,0.0,0.0,0.0,0.0,0.0,0.0,0.0,19.0,0.0,62.0,0.0,26.0,9.0,TATGGTAATTGTGTGCCAGCMGCCGCGGTAA,ATTAGAWACCCBDGTAGTCCGGCTGACTGACT,CGTCGCAGCCTT,4.0,9D,Agf29-m1,20521.0,05_21,7.0,59.14285714,Month_14,group1,NA,no,no
29-1_07_20,125.0,11.0,6.0,41.0,25.0,0.0,263.0,2453.0,0.0,0.0,0.0,0.0,0.0,241.0,0.0,0.0,0.0,0.0,0.0,3.0,0.0,4.0,0.0,0.0,0.0,0.0,0.0,136.0,1.0,1.0,0.0,0.0,0.0,0.0,0.0,0.0,81.0,0.0,25.0,0.0,31.0,553.0,TATGGTAATTGTGTGCCAGCMGCCGCGGTAA,ATTAGAWACCCBDGTAGTCCGGCTGACTGACT,CTTGATTCTTGA,1.0,10C,Agf29-m1,720.0,07_20,2.0,20.57142857,Month_06,group1,NA,no,no
29-1_09_20,15.0,48.0,28.0,68.0,53.0,0.0,190.0,2598.0,0.0,12.0,0.0,0.0,0.0,306.0,4.0,0.0,0.0,0.0,0.0,2.0,0.0,2.0,0.0,0.0,1.0,0.0,0.0,55.0,0.0,0.0,0.0,0.0,2.0,0.0,0.0,0.0,18.0,1.0,15.0,0.0,15.0,567.0,TATGGTAATTGTGTGCCAGCMGCCGCGGTAA,ATTAGAWACCCBDGTAGTCCGGCTGACTGACT,AATCATTTGTAA,7.0,4H,Agf29-m1,90920.0,09_20,3.0,30.42857143,Month_08,group1,NA,no,no
29-1_11_20,1294.0,232.0,0.0,312.0,50.0,0.0,180.0,1067.0,0.0,3.0,0.0,0.0,0.0,170.0,0.0,0.0,0.0,0.0,0.0,3.0,0.0,1.0,0.0,0.0,0.0,0.0,0.0,415.0,9.0,0.0,0.0,0.0,0.0,0.0,0.0,0.0,12.0,0.0,9.0,0.0,11.0,232.0,TATGGTAATTGTGTGCCAGCMGCCGCGGTAA,ATTAGAWACCCBDGTAGTCCGGCTGACTGACT,GACTCAACCAGT,1.0,9A,Agf29-m1,121120.0,11_20,4.0,38.57142857,Month_10,group1,NA,no,no
29-2_01_21,155.0,41.0,19.0,28.0,47.0,0.0,98.0,2146.0,0.0,10.0,0.0,0.0,0.0,612.0,0.0,0.0,0.0,0.0,0.0,1.0,0.0,2.0,0.0,0.0,8.0,0.0,0.0,130.0,0.0,0.0,0.0,2.0,0.0,0.0,0.0,0.0,43.0,0.0,1.0,0.0,5.0,652.0,TATGGTAATTGTGTGCCAGCMGCCGCGGTAA,ATTAGAWACCCBDGTAGTCCGGCTGACTGACT,AACCGCATAAGT,3.0,8C,Agf29-m2,100121.0,01_21,5.0,47.0,Month_12,group1,15,yes,no
29-2_03_21,173.0,62.0,4.0,22.0,30.0,0.0,79.0,2339.0,0.0,6.0,1.0,0.0,0.0,167.0,0.0,0.0,0.0,0.0,0.0,6.0,0.0,9.0,0.0,0.0,0.0,0.0,0.0,155.0,2.0,0.0,0.0,4.0,0.0,0.0,0.0,0.0,11.0,0.0,4.0,0.0,46.0,880.0,TATGGTAATTGTGTGCCAGCMGCCGCGGTAA,ATTAGAWACCCBDGTAGTCCGGCTGACTGACT,GTTTGGCCACAC,4.0,1B,Agf29-m2,40321.0,03_21,6.0,54.57142857,Month_14,group1,15,yes,no
29-2_05_21,284.0,151.0,25.0,119.0,81.0,0.0,227.0,1507.0,0.0,11.0,0.0,3.0,5.0,1204.0,0.0,0.0,0.0,0.0,0.0,0.0,0.0,3.0,0.0,0.0,6.0,0.0,0.0,199.0,4.0,0.0,0.0,30.0,0.0,0.0,0.0,1.0,20.0,0.0,13.0,0.0,2.0,105.0,TATGGTAATTGTGTGCCAGCMGCCGCGGTAA,ATTAGAWACCCBDGTAGTCCGGCTGACTGACT,ACGTTAATATTC,4.0,8B,Agf29-m2,20521.0,05_21,7.0,59.14285714,Month_14,group1,15,yes,no
29-2_07_20,157.0,44.0,5.0,41.0,28.0,0.0,237.0,1883.0,0.0,23.0,0.0,0.0,0.0,921.0,0.0,0.0,0.0,0.0,0.0,0.0,0.0,6.0,0.0,0.0,0.0,0.0,0.0,262.0,3.0,0.0,0.0,1.0,0.0,0.0,0.0,0.0,18.0,0.0,1.0,0.0,19.0,351.0,TATGGTAATTGTGTGCCAGCMGCCGCGGTAA,ATTAGAWACCCBDGTAGTCCGGCTGACTGACT,GCCTACTCTCGG,4.0,3H,Agf29-m2,720.0,07_20,2.0,20.57142857,Month_06,group1,15,yes,no
29-2_11_20,92.0,23.0,4.0,29.0,37.0,0.0,98.0,2089.0,0.0,0.0,0.0,0.0,0.0,340.0,0.0,0.0,0.0,0.0,0.0,0.0,0.0,1.0,0.0,0.0,0.0,0.0,0.0,68.0,0.0,0.0,0.0,9.0,0.0,0.0,0.0,0.0,19.0,0.0,2.0,0.0,11.0,1178.0,TATGGTAATTGTGTGCCAGCMGCCGCGGTAA,ATTAGAWACCCBDGTAGTCCGGCTGACTGACT,TAATCATGTAAT,7.0,6F,Agf29-m2,121120.0,11_20,4.0,38.57142857,Month_10,group1,15,yes,no
30-0_01_21,157.0,126.0,3.0,122.0,71.0,0.0,167.0,1794.0,0.0,6.0,0.0,0.0,0.0,814.0,0.0,0.0,0.0,0.0,0.0,3.0,0.0,3.0,0.0,0.0,0.0,0.0,0.0,106.0,6.0,0.0,5.0,1.0,0.0,0.0,0.0,32.0,50.0,0.0,0.0,0.0,18.0,516.0,TATGGTAATTGTGTGCCAGCMGCCGCGGTAA,ATTAGAWACCCBDGTAGTCCGGCTGACTGACT,GTGCCGGCCGAC,2.0,2B,Agf30-m0,100121.0,01_21,5.0,41.57142857,Month_10,group2,15,yes,no
30-0_05_20,83.0,8.0,4.0,9.0,4.0,2.0,113.0,2414.0,0.0,2.0,0.0,0.0,0.0,651.0,0.0,0.0,0.0,0.0,0.0,0.0,0.0,0.0,0.0,0.0,0.0,0.0,0.0,95.0,4.0,0.0,0.0,0.0,0.0,0.0,0.0,0.0,15.0,0.0,0.0,0.0,23.0,573.0,TATGGTAATTGTGTGCCAGCMGCCGCGGTAA,ATTAGAWACCCBDGTAGTCCGGCTGACTGACT,CATAAGGGAGGC,4.0,1D,Agf30-m0,130520.0,05_20,1.0,7.0,Month_02,group2,15,yes,yes
30-0_09_20,222.0,189.0,167.0,208.0,113.0,4.0,594.0,1587.0,0.0,4.0,0.0,0.0,0.0,274.0,0.0,0.0,0.0,0.0,0.0,2.0,0.0,23.0,0.0,0.0,0.0,0.0,0.0,380.0,7.0,0.0,2.0,18.0,0.0,0.0,0.0,21.0,10.0,0.0,0.0,0.0,2.0,173.0,TATGGTAATTGTGTGCCAGCMGCCGCGGTAA,ATTAGAWACCCBDGTAGTCCGGCTGACTGACT,GATAGCACTCGT,4.0,8A,Agf30-m0,90920.0,09_20,3.0,25.0,Month_06,group2,15,yes,no
30-0_11_20,82.0,97.0,152.0,149.0,69.0,0.0,442.0,1771.0,0.0,8.0,0.0,0.0,0.0,603.0,0.0,0.0,0.0,0.0,0.0,3.0,0.0,4.0,0.0,0.0,0.0,0.0,0.0,249.0,4.0,0.0,0.0,15.0,0.0,0.0,0.0,20.0,23.0,0.0,0.0,0.0,6.0,303.0,TATGGTAATTGTGTGCCAGCMGCCGCGGTAA,ATTAGAWACCCBDGTAGTCCGGCTGACTGACT,ATGCTGCAACAC,1.0,2B,Agf30-m0,121120.0,11_20,4.0,33.14285714,Month_08,group2,15,yes,no
30-1_01_21,411.0,300.0,0.0,167.0,56.0,0.0,277.0,1162.0,0.0,4.0,0.0,0.0,1.0,543.0,0.0,0.0,0.0,0.0,0.0,0.0,0.0,11.0,0.0,0.0,0.0,0.0,0.0,302.0,8.0,0.0,6.0,35.0,0.0,0.0,0.0,24.0,32.0,0.0,0.0,0.0,0.0,661.0,TATGGTAATTGTGTGCCAGCMGCCGCGGTAA,ATTAGAWACCCBDGTAGTCCGGCTGACTGACT,ACCAGTGACTCA,4.0,3G,Agf30-m1,100121.0,01_21,5.0,41.57142857,Month_10,group2,NA,no,no
30-1_05_20,143.0,26.0,15.0,30.0,16.0,0.0,132.0,2128.0,0.0,7.0,0.0,0.0,0.0,893.0,0.0,0.0,0.0,0.0,0.0,2.0,0.0,1.0,0.0,0.0,0.0,0.0,0.0,89.0,0.0,0.0,0.0,1.0,0.0,0.0,0.0,0.0,6.0,0.0,0.0,0.0,11.0,500.0,TATGGTAATTGTGTGCCAGCMGCCGCGGTAA,ATTAGAWACCCBDGTAGTCCGGCTGACTGACT,TTAATGGATCGG,2.0,8E,Agf30-m1,130520.0,05_20,1.0,7.0,Month_02,group2,NA,no,yes
30-1_05_21,1154.0,466.0,38.0,979.0,139.0,0.0,92.0,623.0,3.0,0.0,0.0,0.0,0.0,236.0,0.0,0.0,0.0,0.0,0.0,0.0,0.0,17.0,0.0,0.0,0.0,2.0,0.0,203.0,13.0,0.0,0.0,10.0,0.0,0.0,0.0,23.0,1.0,0.0,0.0,0.0,1.0,0.0,TATGGTAATTGTGTGCCAGCMGCCGCGGTAA,ATTAGAWACCCBDGTAGTCCGGCTGACTGACT,TCAGACCAACTG,2.0,1G,Agf30-m1,20521.0,05_21,7.0,53.71428571,Month_14,group2,NA,no,no
30-1_11_20,269.0,210.0,51.0,264.0,143.0,4.0,589.0,978.0,0.0,29.0,0.0,0.0,0.0,427.0,0.0,0.0,0.0,0.0,0.0,1.0,0.0,3.0,0.0,0.0,0.0,0.0,0.0,445.0,7.0,0.0,3.0,11.0,0.0,0.0,0.0,33.0,20.0,0.0,0.0,0.0,3.0,510.0,TATGGTAATTGTGTGCCAGCMGCCGCGGTAA,ATTAGAWACCCBDGTAGTCCGGCTGACTGACT,TACTGTACTGTT,4.0,1G,Agf30-m1,121120.0,11_20,4.0,33.14285714,Month_08,group2,NA,no,no
30-2_01_21,129.0,111.0,15.0,84.0,71.0,0.0,627.0,1366.0,0.0,20.0,0.0,0.0,2.0,615.0,0.0,0.0,0.0,0.0,0.0,0.0,0.0,5.0,0.0,0.0,0.0,0.0,0.0,373.0,11.0,0.0,3.0,4.0,0.0,0.0,0.0,17.0,9.0,0.0,0.0,0.0,12.0,526.0,TATGGTAATTGTGTGCCAGCMGCCGCGGTAA,ATTAGAWACCCBDGTAGTCCGGCTGACTGACT,CCACTGCCCACC,4.0,4B,Agf30-m2,100121.0,01_21,5.0,41.57142857,Month_10,group2,15,yes,no
30-2_03_21,538.0,233.0,6.0,138.0,47.0,0.0,196.0,1515.0,0.0,5.0,0.0,0.0,0.0,562.0,0.0,0.0,0.0,0.0,0.0,1.0,0.0,19.0,0.0,0.0,0.0,0.0,0.0,49.0,12.0,0.0,0.0,2.0,0.0,0.0,0.0,18.0,13.0,0.0,0.0,0.0,7.0,639.0,TATGGTAATTGTGTGCCAGCMGCCGCGGTAA,ATTAGAWACCCBDGTAGTCCGGCTGACTGACT,CTCCGAACAACA,4.0,4A,Agf30-m2,40321.0,03_21,6.0,49.14285714,Month_12,group2,15,yes,no
30-2_05_21,221.0,131.0,11.0,208.0,116.0,4.0,225.0,2164.0,9.0,5.0,2.0,0.0,0.0,570.0,0.0,0.0,0.0,0.0,0.0,2.0,0.0,2.0,0.0,0.0,0.0,0.0,0.0,224.0,8.0,0.0,1.0,7.0,0.0,0.0,0.0,45.0,21.0,0.0,0.0,3.0,21.0,0.0,TATGGTAATTGTGTGCCAGCMGCCGCGGTAA,ATTAGAWACCCBDGTAGTCCGGCTGACTGACT,ATAGTTAGGGCT,4.0,5B,Agf30-m2,20521.0,05_21,7.0,53.71428571,Month_14,group2,15,yes,no
30-2_07_20,310.0,313.0,21.0,227.0,51.0,0.0,375.0,1398.0,0.0,32.0,0.0,0.0,0.0,620.0,0.0,0.0,0.0,0.0,0.0,0.0,0.0,2.0,0.0,0.0,0.0,0.0,0.0,306.0,26.0,0.0,0.0,11.0,0.0,0.0,0.0,0.0,16.0,0.0,0.0,0.0,11.0,281.0,TATGGTAATTGTGTGCCAGCMGCCGCGGTAA,ATTAGAWACCCBDGTAGTCCGGCTGACTGACT,GCCTAGCCCAAT,5.0,6B,Agf30-m2,720.0,07_20,2.0,15.14285714,Month_04,group2,15,yes,yes
30-2_09_20,170.0,186.0,13.0,103.0,33.0,1.0,219.0,1975.0,0.0,41.0,1.0,4.0,0.0,545.0,0.0,0.0,0.0,0.0,0.0,2.0,0.0,1.0,0.0,0.0,0.0,3.0,0.0,124.0,5.0,0.0,1.0,12.0,0.0,0.0,0.0,34.0,17.0,0.0,0.0,0.0,9.0,501.0,TATGGTAATTGTGTGCCAGCMGCCGCGGTAA,ATTAGAWACCCBDGTAGTCCGGCTGACTGACT,CCTTGACCGATG,2.0,3B,Agf30-m2,90920.0,09_20,3.0,25.0,Month_06,group2,15,yes,no
31-0_01_21,352.0,67.0,16.0,72.0,38.0,0.0,143.0,1558.0,0.0,9.0,0.0,0.0,0.0,835.0,0.0,0.0,0.0,0.0,0.0,0.0,0.0,0.0,0.0,0.0,0.0,0.0,0.0,321.0,8.0,0.0,0.0,3.0,0.0,0.0,0.0,0.0,13.0,0.0,0.0,0.0,12.0,553.0,TATGGTAATTGTGTGCCAGCMGCCGCGGTAA,ATTAGAWACCCBDGTAGTCCGGCTGACTGACT,ACCAGAAATGTC,4.0,4D,Agf31-m0,100121.0,01_21,5.0,41.57142857,Month_10,group2,NA,no,no
31-0_03_21,746.0,196.0,14.0,149.0,21.0,0.0,139.0,1141.0,0.0,5.0,0.0,2.0,0.0,572.0,0.0,0.0,0.0,0.0,0.0,8.0,0.0,10.0,0.0,0.0,0.0,2.0,0.0,371.0,10.0,0.0,0.0,10.0,0.0,0.0,0.0,12.0,47.0,0.0,0.0,0.0,8.0,537.0,TATGGTAATTGTGTGCCAGCMGCCGCGGTAA,ATTAGAWACCCBDGTAGTCCGGCTGACTGACT,GAATATACCTGG,4.0,4C,Agf31-m0,40321.0,03_21,6.0,49.14285714,Month_12,group2,NA,no,no
31-0_06_21,337.0,400.0,24.0,364.0,41.0,0.0,79.0,1764.0,0.0,3.0,0.0,0.0,0.0,701.0,0.0,0.0,0.0,0.0,0.0,0.0,0.0,17.0,0.0,0.0,0.0,0.0,0.0,223.0,20.0,0.0,0.0,2.0,0.0,0.0,0.0,11.0,5.0,0.0,0.0,2.0,5.0,2.0,TATGGTAATTGTGTGCCAGCMGCCGCGGTAA,ATTAGAWACCCBDGTAGTCCGGCTGACTGACT,GACCCGTTTCGC,4.0,6B,Agf31-m0,270521.0,06_21,8.0,65.14285714,Month_16,group2,NA,no,no
31-0_09_20,368.0,82.0,32.0,103.0,97.0,0.0,206.0,1743.0,0.0,12.0,0.0,1.0,0.0,369.0,0.0,0.0,0.0,0.0,0.0,2.0,0.0,1.0,0.0,0.0,0.0,3.0,0.0,422.0,11.0,0.0,0.0,0.0,0.0,0.0,0.0,0.0,42.0,0.0,0.0,0.0,36.0,470.0,TATGGTAATTGTGTGCCAGCMGCCGCGGTAA,ATTAGAWACCCBDGTAGTCCGGCTGACTGACT,TAATCGGTGCCA,1.0,12B,Agf31-m0,90920.0,09_20,3.0,25.0,Month_06,group2,NA,no,no
31-0_11_20,223.0,82.0,7.0,77.0,33.0,0.0,58.0,1404.0,0.0,13.0,0.0,4.0,0.0,276.0,0.0,0.0,0.0,0.0,0.0,4.0,0.0,0.0,0.0,0.0,0.0,0.0,0.0,263.0,5.0,0.0,2.0,7.0,0.0,0.0,0.0,0.0,26.0,0.0,0.0,0.0,10.0,1506.0,TATGGTAATTGTGTGCCAGCMGCCGCGGTAA,ATTAGAWACCCBDGTAGTCCGGCTGACTGACT,ACCTATGGTGAA,6.0,4G,Agf31-m0,121120.0,11_20,4.0,33.14285714,Month_08,group2,NA,no,no
31-1_01_21,1220.0,210.0,17.0,219.0,219.0,0.0,70.0,1051.0,0.0,3.0,0.0,4.0,5.0,253.0,0.0,0.0,0.0,0.0,0.0,0.0,0.0,14.0,0.0,0.0,0.0,0.0,0.0,220.0,16.0,0.0,0.0,10.0,0.0,0.0,0.0,0.0,15.0,0.0,0.0,0.0,10.0,444.0,TATGGTAATTGTGTGCCAGCMGCCGCGGTAA,ATTAGAWACCCBDGTAGTCCGGCTGACTGACT,AGCTATGTATGG,7.0,1F,Agf31-m1,100121.0,01_21,5.0,41.57142857,Month_10,group2,14,yes,no
31-1_03_21,647.0,236.0,17.0,127.0,86.0,4.0,188.0,1362.0,0.0,52.0,0.0,5.0,0.0,365.0,0.0,0.0,0.0,0.0,0.0,0.0,0.0,7.0,0.0,0.0,0.0,2.0,0.0,540.0,11.0,0.0,4.0,17.0,0.0,0.0,0.0,8.0,20.0,0.0,0.0,0.0,7.0,295.0,TATGGTAATTGTGTGCCAGCMGCCGCGGTAA,ATTAGAWACCCBDGTAGTCCGGCTGACTGACT,GATATACCAGTG,3.0,12C,Agf31-m1,40321.0,03_21,6.0,49.14285714,Month_12,group2,14,yes,no
31-1_05_20,221.0,93.0,2.0,69.0,32.0,0.0,324.0,1638.0,0.0,26.0,1.0,0.0,5.0,958.0,0.0,0.0,0.0,0.0,0.0,0.0,0.0,5.0,0.0,0.0,0.0,0.0,0.0,156.0,3.0,0.0,2.0,8.0,0.0,0.0,0.0,0.0,9.0,0.0,8.0,0.0,3.0,437.0,TATGGTAATTGTGTGCCAGCMGCCGCGGTAA,ATTAGAWACCCBDGTAGTCCGGCTGACTGACT,GCTGAGCCTTTG,4.0,8G,Agf31-m1,130520.0,05_20,1.0,7.0,Month_02,group2,14,yes,yes
31-1_05_21,1931.0,535.0,54.0,307.0,46.0,1.0,206.0,326.0,0.0,59.0,0.0,0.0,0.0,84.0,0.0,0.0,0.0,0.0,0.0,0.0,0.0,27.0,0.0,0.0,0.0,0.0,0.0,336.0,23.0,0.0,6.0,15.0,0.0,0.0,0.0,39.0,4.0,0.0,0.0,0.0,0.0,1.0,TATGGTAATTGTGTGCCAGCMGCCGCGGTAA,ATTAGAWACCCBDGTAGTCCGGCTGACTGACT,CTTAGGCATGTG,5.0,9H,Agf31-m1,20521.0,05_21,7.0,53.71428571,Month_14,group2,14,yes,no
31-2_03_21,612.0,410.0,9.0,208.0,176.0,1.0,128.0,1205.0,0.0,16.0,1.0,3.0,0.0,499.0,0.0,0.0,0.0,0.0,0.0,4.0,0.0,14.0,0.0,0.0,0.0,0.0,0.0,255.0,16.0,0.0,1.0,30.0,0.0,0.0,0.0,27.0,36.0,0.0,0.0,0.0,2.0,347.0,TATGGTAATTGTGTGCCAGCMGCCGCGGTAA,ATTAGAWACCCBDGTAGTCCGGCTGACTGACT,ACGGCGTTATGT,3.0,1E,Agf31-m2,40321.0,03_21,6.0,49.14285714,Month_12,group2,NA,no,no
31-2_05_20,779.0,167.0,6.0,120.0,82.0,0.0,80.0,1092.0,0.0,11.0,0.0,0.0,0.0,1084.0,0.0,0.0,0.0,0.0,0.0,4.0,0.0,3.0,0.0,0.0,0.0,0.0,0.0,255.0,9.0,0.0,1.0,1.0,0.0,0.0,0.0,0.0,13.0,0.0,0.0,0.0,7.0,286.0,TATGGTAATTGTGTGCCAGCMGCCGCGGTAA,ATTAGAWACCCBDGTAGTCCGGCTGACTGACT,GCAACGAACGAG,2.0,11C,Agf31-m2,130520.0,05_20,1.0,7.0,Month_02,group2,NA,no,yes
31-2_05_21,270.0,137.0,39.0,52.0,100.0,0.0,134.0,2880.0,0.0,3.0,0.0,0.0,0.0,94.0,0.0,0.0,0.0,0.0,0.0,2.0,0.0,0.0,0.0,0.0,0.0,0.0,0.0,217.0,5.0,0.0,0.0,5.0,0.0,0.0,0.0,15.0,32.0,0.0,0.0,0.0,14.0,1.0,TATGGTAATTGTGTGCCAGCMGCCGCGGTAA,ATTAGAWACCCBDGTAGTCCGGCTGACTGACT,AGAGACGCGTAG,4.0,9G,Agf31-m2,20521.0,05_21,7.0,53.71428571,Month_14,group2,NA,no,no
31-2_06_21,1121.0,418.0,1.0,357.0,62.0,3.0,165.0,991.0,0.0,21.0,4.0,0.0,8.0,575.0,0.0,0.0,0.0,0.0,0.0,0.0,0.0,10.0,0.0,0.0,0.0,0.0,0.0,228.0,20.0,0.0,2.0,2.0,0.0,0.0,0.0,7.0,4.0,0.0,0.0,1.0,0.0,0.0,TATGGTAATTGTGTGCCAGCMGCCGCGGTAA,ATTAGAWACCCBDGTAGTCCGGCTGACTGACT,GTCACGGACATT,4.0,3C,Agf31-m2,270521.0,06_21,8.0,65.14285714,Month_16,group2,NA,no,no
31-2_07_20,520.0,517.0,24.0,621.0,204.0,0.0,145.0,1397.0,0.0,29.0,0.0,0.0,0.0,254.0,0.0,0.0,0.0,0.0,0.0,0.0,0.0,11.0,0.0,0.0,0.0,0.0,0.0,171.0,41.0,0.0,7.0,5.0,0.0,0.0,0.0,0.0,8.0,0.0,0.0,0.0,0.0,46.0,TATGGTAATTGTGTGCCAGCMGCCGCGGTAA,ATTAGAWACCCBDGTAGTCCGGCTGACTGACT,AACTTTCAGGAG,3.0,8A,Agf31-m2,720.0,07_20,2.0,15.14285714,Month_04,group2,NA,no,yes
31-2_09_20,1402.0,224.0,11.0,184.0,357.0,3.0,136.0,698.0,0.0,26.0,0.0,0.0,0.0,293.0,0.0,0.0,0.0,0.0,0.0,1.0,0.0,21.0,0.0,0.0,0.0,0.0,0.0,481.0,28.0,0.0,0.0,2.0,0.0,0.0,0.0,0.0,3.0,0.0,0.0,0.0,6.0,124.0,TATGGTAATTGTGTGCCAGCMGCCGCGGTAA,ATTAGAWACCCBDGTAGTCCGGCTGACTGACT,GTAATTGTAATT,4.0,9A,Agf31-m2,90920.0,09_20,3.0,25.0,Month_06,group2,NA,no,no
31-2_09_21,540.0,274.0,65.0,289.0,197.0,7.0,189.0,1848.0,0.0,11.0,0.0,0.0,0.0,190.0,0.0,0.0,0.0,0.0,0.0,3.0,0.0,6.0,0.0,0.0,0.0,0.0,0.0,233.0,2.0,1.0,0.0,1.0,0.0,0.0,0.0,119.0,9.0,0.0,0.0,2.0,4.0,10.0,TATGGTAATTGTGTGCCAGCMGCCGCGGTAA,ATTAGAWACCCBDGTAGTCCGGCTGACTGACT,ACTCACAGGAAT,5.0,9C,Agf31-m2,50921.0,09_21,9.0,75.57142857,Month_18,group2,NA,no,no
31-2_11_20,401.0,590.0,21.0,275.0,208.0,1.0,76.0,1486.0,0.0,0.0,0.0,0.0,0.0,298.0,0.0,0.0,0.0,0.0,0.0,4.0,0.0,18.0,0.0,0.0,0.0,0.0,0.0,173.0,21.0,0.0,2.0,106.0,0.0,0.0,0.0,0.0,9.0,0.0,0.0,0.0,0.0,311.0,TATGGTAATTGTGTGCCAGCMGCCGCGGTAA,ATTAGAWACCCBDGTAGTCCGGCTGACTGACT,TCGATAAGTAAG,7.0,8D,Agf31-m2,121120.0,11_20,4.0,33.14285714,Month_08,group2,NA,no,no
32-0_01_21,101.0,109.0,11.0,107.0,71.0,2.0,102.0,2726.0,10.0,2.0,0.0,0.0,0.0,612.0,0.0,0.0,0.0,0.0,0.0,0.0,0.0,0.0,0.0,0.0,5.0,6.0,0.0,17.0,7.0,2.0,0.0,0.0,0.0,0.0,0.0,22.0,36.0,0.0,0.0,0.0,50.0,2.0,TATGGTAATTGTGTGCCAGCMGCCGCGGTAA,ATTAGAWACCCBDGTAGTCCGGCTGACTGACT,AGCAACATTGCA,6.0,5C,Agf32-m0,100121.0,01_21,5.0,41.0,Month_10,group2,NA,no,no
32-0_03_21,28.0,90.0,1.0,94.0,26.0,0.0,108.0,3033.0,0.0,0.0,0.0,0.0,0.0,337.0,0.0,0.0,0.0,0.0,0.0,3.0,0.0,2.0,0.0,0.0,0.0,0.0,0.0,124.0,3.0,0.0,0.0,7.0,0.0,0.0,0.0,13.0,9.0,0.0,0.0,31.0,16.0,75.0,TATGGTAATTGTGTGCCAGCMGCCGCGGTAA,ATTAGAWACCCBDGTAGTCCGGCTGACTGACT,AGTCCGAGTTGT,4.0,8F,Agf32-m0,40321.0,03_21,6.0,48.57142857,Month_12,group2,NA,no,no
32-0_05_20,9.0,25.0,23.0,14.0,41.0,0.0,103.0,2522.0,0.0,0.0,0.0,0.0,0.0,240.0,7.0,0.0,0.0,0.0,0.0,0.0,0.0,0.0,0.0,0.0,0.0,0.0,0.0,37.0,0.0,0.0,0.0,2.0,0.0,0.0,0.0,0.0,0.0,0.0,12.0,30.0,0.0,935.0,TATGGTAATTGTGTGCCAGCMGCCGCGGTAA,ATTAGAWACCCBDGTAGTCCGGCTGACTGACT,CTTATAGAGAAG,7.0,8H,Agf32-m0,130520.0,05_20,1.0,6.428571429,Month_02,group2,NA,no,yes
32-0_05_21,1692.0,359.0,6.0,170.0,106.0,0.0,163.0,1091.0,0.0,37.0,0.0,0.0,0.0,82.0,0.0,0.0,0.0,0.0,0.0,1.0,0.0,14.0,0.0,0.0,0.0,0.0,0.0,126.0,17.0,0.0,7.0,0.0,0.0,0.0,0.0,18.0,0.0,0.0,0.0,111.0,0.0,0.0,TATGGTAATTGTGTGCCAGCMGCCGCGGTAA,ATTAGAWACCCBDGTAGTCCGGCTGACTGACT,ACCGAACAATCC,2.0,5A,Agf32-m0,20521.0,05_21,7.0,53.14285714,Month_14,group2,NA,no,no
32-0_06_21,994.0,236.0,196.0,237.0,59.0,0.0,263.0,1659.0,0.0,5.0,0.0,1.0,6.0,88.0,0.0,0.0,0.0,0.0,0.0,0.0,0.0,4.0,0.0,0.0,13.0,1.0,0.0,155.0,8.0,0.0,0.0,0.0,0.0,0.0,0.0,17.0,26.0,0.0,0.0,7.0,3.0,22.0,TATGGTAATTGTGTGCCAGCMGCCGCGGTAA,ATTAGAWACCCBDGTAGTCCGGCTGACTGACT,CCTCGCATGACC,3.0,1A,Agf32-m0,270521.0,06_21,8.0,64.57142857,Month_16,group2,NA,no,no
32-0_07_20,86.0,94.0,0.0,134.0,77.0,0.0,275.0,1832.0,0.0,43.0,0.0,0.0,0.0,288.0,0.0,0.0,0.0,0.0,0.0,2.0,0.0,3.0,0.0,0.0,0.0,0.0,0.0,58.0,5.0,0.0,0.0,2.0,0.0,0.0,0.0,0.0,10.0,0.0,72.0,148.0,0.0,871.0,TATGGTAATTGTGTGCCAGCMGCCGCGGTAA,ATTAGAWACCCBDGTAGTCCGGCTGACTGACT,CGGGACACCCGA,1.0,2C,Agf32-m0,720.0,07_20,2.0,14.57142857,Month_04,group2,NA,no,yes
32-0_09_21,72.0,37.0,198.0,32.0,91.0,2.0,45.0,3166.0,0.0,0.0,0.0,0.0,0.0,230.0,0.0,0.0,0.0,0.0,0.0,0.0,0.0,0.0,0.0,0.0,10.0,0.0,0.0,66.0,1.0,0.0,0.0,0.0,0.0,0.0,0.0,17.0,4.0,0.0,0.0,1.0,28.0,0.0,TATGGTAATTGTGTGCCAGCMGCCGCGGTAA,ATTAGAWACCCBDGTAGTCCGGCTGACTGACT,CGCTGGCTTTAG,6.0,8F,Agf32-m0,50921.0,09_21,9.0,75.0,Month_18,group2,NA,no,no
32-0_11_20,79.0,109.0,27.0,134.0,71.0,0.0,254.0,2313.0,0.0,24.0,0.0,3.0,0.0,218.0,0.0,0.0,0.0,0.0,0.0,4.0,0.0,0.0,0.0,0.0,0.0,4.0,0.0,131.0,7.0,0.0,1.0,3.0,0.0,0.0,0.0,54.0,8.0,0.0,38.0,58.0,33.0,427.0,TATGGTAATTGTGTGCCAGCMGCCGCGGTAA,ATTAGAWACCCBDGTAGTCCGGCTGACTGACT,AGGTGAGTTCTA,4.0,11A,Agf32-m0,121120.0,11_20,4.0,32.57142857,Month_08,group2,NA,no,no
32-1_03_21,70.0,392.0,0.0,189.0,197.0,4.0,170.0,1860.0,0.0,41.0,0.0,2.0,0.0,600.0,0.0,0.0,0.0,0.0,0.0,2.0,0.0,28.0,0.0,0.0,0.0,0.0,0.0,250.0,32.0,0.0,2.0,23.0,0.0,0.0,0.0,7.0,30.0,0.0,0.0,58.0,11.0,32.0,TATGGTAATTGTGTGCCAGCMGCCGCGGTAA,ATTAGAWACCCBDGTAGTCCGGCTGACTGACT,ACTGGCAAACCT,4.0,3E,Agf32-m1,40321.0,03_21,6.0,48.57142857,Month_12,group2,NA,no,no
32-1_05_20,49.0,87.0,65.0,140.0,76.0,0.0,106.0,2452.0,0.0,23.0,0.0,0.0,0.0,501.0,4.0,0.0,0.0,0.0,0.0,2.0,0.0,3.0,0.0,0.0,0.0,0.0,0.0,34.0,0.0,0.0,0.0,2.0,0.0,0.0,0.0,0.0,11.0,0.0,35.0,131.0,2.0,277.0,TATGGTAATTGTGTGCCAGCMGCCGCGGTAA,ATTAGAWACCCBDGTAGTCCGGCTGACTGACT,TTGCGACAAAGT,6.0,6B,Agf32-m1,130520.0,05_20,1.0,6.428571429,Month_02,group2,NA,no,no
32-1_05_21,179.0,620.0,3.0,430.0,35.0,0.0,209.0,1857.0,0.0,18.0,0.0,0.0,0.0,408.0,0.0,0.0,0.0,0.0,0.0,0.0,0.0,16.0,0.0,0.0,0.0,0.0,0.0,93.0,16.0,0.0,5.0,9.0,2.0,0.0,0.0,18.0,0.0,0.0,0.0,77.0,5.0,0.0,TATGGTAATTGTGTGCCAGCMGCCGCGGTAA,ATTAGAWACCCBDGTAGTCCGGCTGACTGACT,ATGTGCTGCTCG,2.0,2F,Agf32-m1,20521.0,05_21,7.0,53.14285714,Month_14,group2,NA,no,no
32-1_07_20,71.0,145.0,58.0,75.0,28.0,0.0,418.0,1772.0,0.0,42.0,0.0,0.0,0.0,295.0,0.0,0.0,0.0,0.0,0.0,0.0,0.0,0.0,0.0,0.0,0.0,0.0,0.0,242.0,6.0,0.0,0.0,11.0,0.0,0.0,0.0,3.0,114.0,0.0,0.0,0.0,1.0,719.0,TATGGTAATTGTGTGCCAGCMGCCGCGGTAA,ATTAGAWACCCBDGTAGTCCGGCTGACTGACT,AATCTTGCGCCG,1.0,9D,Agf32-m1,720.0,07_20,2.0,14.57142857,Month_04,group2,NA,no,yes
32-1_09_20,1041.0,108.0,6.0,120.0,34.0,1.0,173.0,1210.0,0.0,26.0,0.0,0.0,0.0,436.0,0.0,0.0,0.0,0.0,0.0,3.0,0.0,6.0,0.0,0.0,0.0,0.0,0.0,368.0,6.0,0.0,1.0,4.0,0.0,0.0,0.0,20.0,8.0,0.0,73.0,1.0,12.0,343.0,TATGGTAATTGTGTGCCAGCMGCCGCGGTAA,ATTAGAWACCCBDGTAGTCCGGCTGACTGACT,ACTACTGAGGAT,1.0,11A,Agf32-m1,90920.0,09_20,3.0,24.42857143,Month_06,group2,NA,no,no
32-1_09_21,534.0,141.0,139.0,202.0,113.0,2.0,32.0,2370.0,0.0,0.0,0.0,0.0,0.0,394.0,0.0,0.0,0.0,0.0,0.0,0.0,0.0,2.0,0.0,0.0,0.0,0.0,0.0,20.0,7.0,0.0,0.0,2.0,0.0,0.0,0.0,0.0,3.0,0.0,0.0,31.0,6.0,2.0,TATGGTAATTGTGTGCCAGCMGCCGCGGTAA,ATTAGAWACCCBDGTAGTCCGGCTGACTGACT,TGAGTCATTGAG,2.0,7A,Agf32-m1,50921.0,09_21,9.0,75.0,Month_18,group2,NA,no,no
32-1_11_20,348.0,190.0,48.0,105.0,54.0,0.0,289.0,2084.0,0.0,54.0,0.0,6.0,0.0,337.0,0.0,0.0,0.0,0.0,0.0,4.0,0.0,0.0,0.0,0.0,0.0,6.0,0.0,287.0,7.0,0.0,0.0,13.0,0.0,0.0,0.0,6.0,0.0,0.0,74.0,69.0,17.0,2.0,TATGGTAATTGTGTGCCAGCMGCCGCGGTAA,ATTAGAWACCCBDGTAGTCCGGCTGACTGACT,TCATCCGTCGGC,5.0,3A,Agf32-m1,121120.0,11_20,4.0,32.57142857,Month_08,group2,NA,no,no
32-2_05_20,13.0,53.0,13.0,53.0,57.0,0.0,36.0,2899.0,0.0,13.0,0.0,0.0,0.0,228.0,3.0,0.0,0.0,0.0,0.0,0.0,0.0,0.0,0.0,0.0,0.0,0.0,0.0,23.0,3.0,0.0,0.0,2.0,0.0,0.0,0.0,0.0,11.0,0.0,13.0,77.0,16.0,487.0,TATGGTAATTGTGTGCCAGCMGCCGCGGTAA,ATTAGAWACCCBDGTAGTCCGGCTGACTGACT,ACTGTTTACTGT,4.0,2C,Agf32-m2,130520.0,05_20,1.0,6.428571429,Month_02,group2,NA,no,yes
32-2_05_21,1697.0,260.0,70.0,219.0,204.0,0.0,73.0,1030.0,0.0,2.0,0.0,0.0,0.0,130.0,0.0,0.0,0.0,0.0,0.0,2.0,0.0,8.0,0.0,0.0,0.0,0.0,0.0,275.0,13.0,0.0,0.0,4.0,0.0,0.0,0.0,0.0,0.0,0.0,0.0,0.0,9.0,4.0,TATGGTAATTGTGTGCCAGCMGCCGCGGTAA,ATTAGAWACCCBDGTAGTCCGGCTGACTGACT,TAGGACGGGAGT,4.0,1A,Agf32-m2,20521.0,05_21,7.0,53.14285714,Month_14,group2,NA,no,no
32-2_06_21,369.0,154.0,27.0,103.0,110.0,3.0,151.0,2488.0,0.0,7.0,0.0,0.0,3.0,221.0,0.0,0.0,0.0,0.0,0.0,0.0,0.0,5.0,0.0,0.0,0.0,2.0,0.0,207.0,2.0,0.0,0.0,12.0,0.0,0.0,0.0,20.0,14.0,0.0,0.0,32.0,24.0,46.0,TATGGTAATTGTGTGCCAGCMGCCGCGGTAA,ATTAGAWACCCBDGTAGTCCGGCTGACTGACT,CAAGTGAAGGGA,1.0,10B,Agf32-m2,270521.0,06_21,8.0,64.57142857,Month_16,group2,NA,no,no
32-2_07_20,1310.0,148.0,110.0,292.0,46.0,0.0,198.0,668.0,0.0,2.0,0.0,0.0,0.0,541.0,0.0,0.0,0.0,0.0,0.0,1.0,0.0,6.0,0.0,0.0,0.0,0.0,0.0,502.0,12.0,0.0,2.0,9.0,0.0,0.0,0.0,0.0,6.0,0.0,10.0,0.0,1.0,136.0,TATGGTAATTGTGTGCCAGCMGCCGCGGTAA,ATTAGAWACCCBDGTAGTCCGGCTGACTGACT,ACATCAGGTCAC,7.0,1E,Agf32-m2,720.0,07_20,2.0,14.57142857,Month_04,group2,NA,no,no
32-2_09_20,334.0,65.0,43.0,60.0,47.0,0.0,182.0,2320.0,0.0,8.0,0.0,0.0,0.0,472.0,0.0,0.0,0.0,0.0,0.0,0.0,0.0,4.0,0.0,0.0,0.0,2.0,0.0,206.0,6.0,0.0,0.0,2.0,0.0,0.0,0.0,7.0,5.0,0.0,46.0,0.0,29.0,162.0,TATGGTAATTGTGTGCCAGCMGCCGCGGTAA,ATTAGAWACCCBDGTAGTCCGGCTGACTGACT,TCTTCGCAGCAG,5.0,5G,Agf32-m2,90920.0,09_20,3.0,24.42857143,Month_06,group2,NA,no,no
32-2_11_20,370.0,1030.0,16.0,1157.0,233.0,7.0,249.0,569.0,0.0,19.0,0.0,0.0,0.0,32.0,0.0,0.0,0.0,0.0,0.0,0.0,0.0,20.0,0.0,0.0,0.0,0.0,0.0,187.0,20.0,0.0,0.0,25.0,0.0,0.0,0.0,13.0,0.0,0.0,2.0,38.0,1.0,12.0,TATGGTAATTGTGTGCCAGCMGCCGCGGTAA,ATTAGAWACCCBDGTAGTCCGGCTGACTGACT,CTTCAAGATGGA,6.0,11G,Agf32-m2,121120.0,11_20,4.0,32.57142857,Month_08,group2,NA,no,no
33-0_01_21,444.0,292.0,36.0,312.0,147.0,0.0,972.0,1011.0,0.0,32.0,0.0,9.0,0.0,219.0,0.0,0.0,0.0,0.0,0.0,3.0,0.0,6.0,0.0,0.0,0.0,2.0,0.0,307.0,8.0,0.0,3.0,57.0,0.0,0.0,0.0,60.0,19.0,0.0,0.0,57.0,4.0,0.0,TATGGTAATTGTGTGCCAGCMGCCGCGGTAA,ATTAGAWACCCBDGTAGTCCGGCTGACTGACT,GTCAACGCTGTC,1.0,8E,Agf33-m0,100121.0,01_21,5.0,41.0,Month_10,group2,NA,no,no
33-0_03_21,1549.0,415.0,14.0,370.0,127.0,5.0,223.0,718.0,0.0,6.0,0.0,3.0,0.0,182.0,0.0,0.0,0.0,0.0,0.0,0.0,0.0,30.0,0.0,0.0,0.0,2.0,0.0,208.0,22.0,0.0,0.0,7.0,0.0,0.0,0.0,22.0,41.0,0.0,0.0,50.0,6.0,0.0,TATGGTAATTGTGTGCCAGCMGCCGCGGTAA,ATTAGAWACCCBDGTAGTCCGGCTGACTGACT,AATAACTAGGGT,1.0,11D,Agf33-m0,40321.0,03_21,6.0,48.57142857,Month_12,group2,NA,no,no
33-0_05_20,20.0,37.0,11.0,59.0,70.0,0.0,73.0,2317.0,0.0,9.0,0.0,0.0,0.0,863.0,0.0,0.0,0.0,0.0,0.0,0.0,0.0,1.0,0.0,0.0,0.0,0.0,0.0,69.0,2.0,0.0,0.0,0.0,0.0,0.0,0.0,0.0,10.0,0.0,41.0,89.0,7.0,322.0,TATGGTAATTGTGTGCCAGCMGCCGCGGTAA,ATTAGAWACCCBDGTAGTCCGGCTGACTGACT,CTTGGAGGCTTA,2.0,2A,Agf33-m0,130520.0,05_20,1.0,6.428571429,Month_02,group2,NA,no,yes
33-0_05_21,247.0,265.0,48.0,900.0,261.0,5.0,722.0,850.0,1.0,7.0,0.0,4.0,0.0,245.0,0.0,0.0,0.0,0.0,0.0,3.0,0.0,3.0,0.0,0.0,0.0,6.0,0.0,295.0,7.0,0.0,0.0,23.0,0.0,0.0,0.0,73.0,1.0,0.0,0.0,33.0,1.0,0.0,TATGGTAATTGTGTGCCAGCMGCCGCGGTAA,ATTAGAWACCCBDGTAGTCCGGCTGACTGACT,TATTGCAGCAGC,1.0,12D,Agf33-m0,20521.0,05_21,7.0,53.14285714,Month_14,group2,NA,no,no
33-0_06_21,179.0,70.0,5.0,66.0,55.0,0.0,246.0,3040.0,1.0,3.0,0.0,0.0,0.0,159.0,0.0,0.0,0.0,0.0,0.0,2.0,0.0,1.0,0.0,0.0,1.0,0.0,0.0,119.0,3.0,0.0,0.0,2.0,0.0,0.0,0.0,5.0,3.0,0.0,0.0,25.0,15.0,0.0,TATGGTAATTGTGTGCCAGCMGCCGCGGTAA,ATTAGAWACCCBDGTAGTCCGGCTGACTGACT,ATAATTGCCGAG,3.0,9H,Agf33-m0,270521.0,06_21,8.0,64.57142857,Month_16,group2,NA,no,no
33-0_07_20,804.0,124.0,7.0,109.0,107.0,0.0,149.0,1466.0,0.0,1.0,0.0,0.0,0.0,604.0,0.0,0.0,0.0,0.0,0.0,2.0,0.0,8.0,0.0,0.0,0.0,0.0,0.0,136.0,10.0,0.0,0.0,0.0,0.0,0.0,0.0,2.0,13.0,0.0,1.0,0.0,9.0,448.0,TATGGTAATTGTGTGCCAGCMGCCGCGGTAA,ATTAGAWACCCBDGTAGTCCGGCTGACTGACT,TCATGGCCTCCG,2.0,2E,Agf33-m0,720.0,07_20,2.0,14.57142857,Month_04,group2,NA,no,yes
33-0_09_20,79.0,108.0,0.0,72.0,28.0,0.0,236.0,2517.0,0.0,0.0,0.0,0.0,0.0,754.0,0.0,0.0,0.0,0.0,0.0,0.0,0.0,5.0,0.0,0.0,0.0,0.0,0.0,108.0,5.0,0.0,0.0,8.0,0.0,0.0,0.0,8.0,2.0,0.0,15.0,31.0,23.0,1.0,TATGGTAATTGTGTGCCAGCMGCCGCGGTAA,ATTAGAWACCCBDGTAGTCCGGCTGACTGACT,AGTGCAGGAGCC,3.0,10F,Agf33-m0,90920.0,09_20,3.0,24.42857143,Month_06,group2,NA,no,no
33-0_09_21,291.0,136.0,496.0,264.0,159.0,1.0,235.0,1916.0,2.0,11.0,0.0,9.0,0.0,141.0,0.0,0.0,0.0,0.0,0.0,0.0,0.0,0.0,0.0,0.0,0.0,42.0,0.0,174.0,5.0,12.0,0.0,8.0,0.0,0.0,0.0,66.0,12.0,0.0,0.0,0.0,20.0,0.0,TATGGTAATTGTGTGCCAGCMGCCGCGGTAA,ATTAGAWACCCBDGTAGTCCGGCTGACTGACT,GTCTCCTCCCTT,5.0,11G,Agf33-m0,50921.0,09_21,9.0,75.0,Month_18,group2,NA,no,no
33-0_11_20,128.0,119.0,26.0,122.0,46.0,3.0,340.0,2664.0,0.0,0.0,0.0,0.0,0.0,192.0,0.0,0.0,0.0,0.0,0.0,1.0,0.0,1.0,0.0,0.0,0.0,2.0,0.0,284.0,9.0,0.0,0.0,5.0,0.0,0.0,0.0,14.0,11.0,0.0,0.0,18.0,15.0,0.0,TATGGTAATTGTGTGCCAGCMGCCGCGGTAA,ATTAGAWACCCBDGTAGTCCGGCTGACTGACT,GTGCAACCAATC,4.0,1E,Agf33-m0,121120.0,11_20,4.0,32.57142857,Month_08,group2,NA,no,no
33-1_01_21,164.0,132.0,43.0,175.0,76.0,3.0,236.0,2632.0,0.0,25.0,0.0,0.0,0.0,172.0,0.0,0.0,0.0,0.0,0.0,3.0,0.0,1.0,0.0,0.0,0.0,2.0,0.0,157.0,3.0,0.0,0.0,31.0,0.0,0.0,0.0,37.0,4.0,0.0,0.0,84.0,20.0,0.0,TATGGTAATTGTGTGCCAGCMGCCGCGGTAA,ATTAGAWACCCBDGTAGTCCGGCTGACTGACT,GCGTGGTCATTA,5.0,10A,Agf33-m1,100121.0,01_21,5.0,41.0,Month_10,group2,17,yes,no
33-1_05_20,25.0,58.0,15.0,47.0,114.0,0.0,143.0,2438.0,0.0,10.0,0.0,0.0,0.0,441.0,0.0,0.0,0.0,0.0,0.0,2.0,0.0,0.0,0.0,0.0,0.0,0.0,0.0,93.0,4.0,0.0,0.0,5.0,0.0,0.0,0.0,0.0,6.0,0.0,54.0,252.0,10.0,283.0,TATGGTAATTGTGTGCCAGCMGCCGCGGTAA,ATTAGAWACCCBDGTAGTCCGGCTGACTGACT,GTCAGTATGGCT,4.0,12C,Agf33-m1,130520.0,05_20,1.0,6.428571429,Month_02,group2,17,yes,no
33-1_05_21,1443.0,334.0,65.0,357.0,276.0,0.0,178.0,898.0,0.0,11.0,0.0,0.0,0.0,205.0,0.0,0.0,0.0,0.0,0.0,2.0,0.0,6.0,0.0,0.0,0.0,0.0,0.0,197.0,23.0,0.0,0.0,3.0,0.0,0.0,0.0,2.0,0.0,0.0,0.0,0.0,0.0,0.0,TATGGTAATTGTGTGCCAGCMGCCGCGGTAA,ATTAGAWACCCBDGTAGTCCGGCTGACTGACT,AGTATCATATAT,5.0,11H,Agf33-m1,20521.0,05_21,7.0,53.14285714,Month_14,group2,17,yes,no
33-1_06_21,205.0,150.0,19.0,183.0,136.0,0.0,199.0,2444.0,0.0,19.0,0.0,0.0,4.0,354.0,0.0,0.0,0.0,0.0,0.0,2.0,0.0,0.0,0.0,0.0,0.0,0.0,0.0,113.0,8.0,0.0,0.0,21.0,0.0,0.0,0.0,10.0,1.0,0.0,0.0,121.0,11.0,0.0,TATGGTAATTGTGTGCCAGCMGCCGCGGTAA,ATTAGAWACCCBDGTAGTCCGGCTGACTGACT,GTGCGGTTCACT,5.0,10D,Agf33-m1,270521.0,06_21,8.0,64.57142857,Month_16,group2,17,yes,no
33-1_07_20,217.0,86.0,0.0,71.0,33.0,0.0,270.0,1580.0,0.0,33.0,0.0,0.0,0.0,954.0,0.0,0.0,0.0,0.0,0.0,0.0,0.0,6.0,0.0,0.0,0.0,0.0,0.0,294.0,4.0,0.0,0.0,10.0,0.0,0.0,0.0,0.0,30.0,0.0,0.0,0.0,9.0,403.0,TATGGTAATTGTGTGCCAGCMGCCGCGGTAA,ATTAGAWACCCBDGTAGTCCGGCTGACTGACT,CAGTCTAGTACG,4.0,6F,Agf33-m1,720.0,07_20,2.0,14.57142857,Month_04,group2,17,yes,yes
33-1_11_20,173.0,290.0,77.0,467.0,88.0,0.0,187.0,1983.0,0.0,23.0,0.0,0.0,0.0,342.0,0.0,0.0,0.0,0.0,0.0,0.0,0.0,3.0,0.0,0.0,0.0,0.0,0.0,202.0,7.0,0.0,0.0,6.0,0.0,0.0,0.0,3.0,1.0,0.0,0.0,138.0,10.0,0.0,TATGGTAATTGTGTGCCAGCMGCCGCGGTAA,ATTAGAWACCCBDGTAGTCCGGCTGACTGACT,GAGATACAGTTC,1.0,12C,Agf33-m1,121120.0,11_20,4.0,32.57142857,Month_08,group2,17,yes,no
33-2_01_21,578.0,123.0,29.0,89.0,53.0,1.0,112.0,2465.0,0.0,10.0,0.0,0.0,0.0,365.0,0.0,0.0,0.0,0.0,0.0,3.0,0.0,4.0,0.0,0.0,0.0,2.0,0.0,70.0,12.0,0.0,0.0,0.0,0.0,0.0,0.0,18.0,19.0,0.0,0.0,2.0,45.0,0.0,TATGGTAATTGTGTGCCAGCMGCCGCGGTAA,ATTAGAWACCCBDGTAGTCCGGCTGACTGACT,CGCCGTACTTGC,2.0,2H,Agf33-m2,100121.0,01_21,5.0,41.0,Month_10,group2,NA,no,no
33-2_03_21,598.0,513.0,22.0,433.0,259.0,0.0,339.0,1355.0,0.0,36.0,0.0,3.0,0.0,104.0,0.0,0.0,0.0,0.0,0.0,0.0,0.0,13.0,0.0,0.0,0.0,1.0,0.0,164.0,28.0,0.0,0.0,15.0,0.0,0.0,0.0,48.0,1.0,0.0,0.0,51.0,17.0,0.0,TATGGTAATTGTGTGCCAGCMGCCGCGGTAA,ATTAGAWACCCBDGTAGTCCGGCTGACTGACT,ACTTGGTGTAAG,1.0,10E,Agf33-m2,40321.0,03_21,6.0,48.57142857,Month_12,group2,NA,no,no
33-2_05_20,29.0,57.0,21.0,41.0,46.0,0.0,96.0,2595.0,0.0,10.0,0.0,0.0,0.0,405.0,0.0,0.0,0.0,0.0,0.0,3.0,0.0,0.0,0.0,0.0,0.0,0.0,0.0,77.0,3.0,0.0,0.0,0.0,0.0,0.0,0.0,0.0,7.0,0.0,72.0,137.0,12.0,389.0,TATGGTAATTGTGTGCCAGCMGCCGCGGTAA,ATTAGAWACCCBDGTAGTCCGGCTGACTGACT,AACCACTAACCG,3.0,7A,Agf33-m2,130520.0,05_20,1.0,6.428571429,Month_02,group2,NA,no,no
33-2_05_21,652.0,433.0,3.0,832.0,339.0,2.0,366.0,964.0,2.0,18.0,3.0,0.0,0.0,184.0,0.0,0.0,0.0,0.0,0.0,2.0,0.0,12.0,0.0,0.0,0.0,7.0,0.0,110.0,22.0,0.0,0.0,0.0,0.0,0.0,0.0,11.0,6.0,0.0,0.0,26.0,3.0,3.0,TATGGTAATTGTGTGCCAGCMGCCGCGGTAA,ATTAGAWACCCBDGTAGTCCGGCTGACTGACT,ATATGTTCTCAA,2.0,1F,Agf33-m2,20521.0,05_21,7.0,53.14285714,Month_14,group2,NA,no,no
33-2_06_21,108.0,73.0,48.0,184.0,56.0,0.0,137.0,2830.0,0.0,0.0,2.0,3.0,3.0,365.0,0.0,0.0,0.0,0.0,0.0,3.0,0.0,2.0,0.0,0.0,0.0,5.0,0.0,98.0,0.0,0.0,0.0,12.0,0.0,0.0,0.0,27.0,0.0,0.0,0.0,12.0,32.0,0.0,TATGGTAATTGTGTGCCAGCMGCCGCGGTAA,ATTAGAWACCCBDGTAGTCCGGCTGACTGACT,GAGGCCTCGGGT,7.0,12G,Agf33-m2,270521.0,06_21,8.0,64.57142857,Month_16,group2,NA,no,no
33-2_07_20,206.0,195.0,28.0,172.0,105.0,0.0,337.0,1936.0,0.0,37.0,1.0,0.0,0.0,252.0,0.0,0.0,0.0,0.0,0.0,2.0,0.0,1.0,0.0,0.0,0.0,0.0,0.0,110.0,7.0,0.0,0.0,4.0,0.0,0.0,0.0,13.0,4.0,0.0,27.0,165.0,18.0,380.0,TATGGTAATTGTGTGCCAGCMGCCGCGGTAA,ATTAGAWACCCBDGTAGTCCGGCTGACTGACT,ACTAGTTGGACC,5.0,2B,Agf33-m2,720.0,07_20,2.0,14.57142857,Month_04,group2,NA,no,no
33-2_09_20,288.0,70.0,68.0,110.0,48.0,1.0,399.0,2293.0,0.0,25.0,0.0,10.0,0.0,338.0,0.0,0.0,0.0,0.0,0.0,3.0,0.0,3.0,0.0,0.0,0.0,16.0,0.0,127.0,4.0,0.0,2.0,3.0,0.0,0.0,0.0,47.0,5.0,0.0,36.0,51.0,42.0,11.0,TATGGTAATTGTGTGCCAGCMGCCGCGGTAA,ATTAGAWACCCBDGTAGTCCGGCTGACTGACT,GTAAATTCAGGC,6.0,2C,Agf33-m2,90920.0,09_20,3.0,24.42857143,Month_06,group2,NA,no,no
33-2_09_21,21.0,13.0,164.0,15.0,83.0,0.0,69.0,3441.0,0.0,0.0,1.0,9.0,0.0,4.0,0.0,0.0,0.0,0.0,0.0,2.0,0.0,0.0,0.0,0.0,0.0,13.0,0.0,54.0,0.0,4.0,0.0,0.0,0.0,0.0,0.0,56.0,0.0,0.0,0.0,0.0,51.0,0.0,TATGGTAATTGTGTGCCAGCMGCCGCGGTAA,ATTAGAWACCCBDGTAGTCCGGCTGACTGACT,AGAGGAGTCGAC,5.0,11F,Agf33-m2,50921.0,09_21,9.0,75.0,Month_18,group2,NA,no,no
34-0_01_21,1297.0,107.0,27.0,302.0,29.0,0.0,149.0,1485.0,0.0,4.0,0.0,1.0,0.0,450.0,0.0,0.0,0.0,0.0,0.0,2.0,0.0,8.0,0.0,0.0,0.0,0.0,0.0,23.0,10.0,0.0,0.0,0.0,0.0,0.0,0.0,0.0,21.0,0.0,0.0,0.0,13.0,72.0,TATGGTAATTGTGTGCCAGCMGCCGCGGTAA,ATTAGAWACCCBDGTAGTCCGGCTGACTGACT,GTTCATTAAACT,2.0,1B,Agf34-m0,100121.0,01_21,5.0,41.42857143,Month_10,group2,13,yes,no
34-0_03_21,88.0,202.0,10.0,235.0,153.0,0.0,112.0,2744.0,0.0,12.0,0.0,3.0,0.0,132.0,0.0,0.0,0.0,0.0,0.0,3.0,0.0,4.0,0.0,0.0,0.0,0.0,0.0,209.0,11.0,0.0,0.0,11.0,0.0,0.0,0.0,29.0,18.0,0.0,0.0,0.0,19.0,5.0,TATGGTAATTGTGTGCCAGCMGCCGCGGTAA,ATTAGAWACCCBDGTAGTCCGGCTGACTGACT,GTAGTAGACCAT,1.0,2E,Agf34-m0,40321.0,03_21,6.0,49.0,Month_12,group2,13,yes,no
34-0_05_20,115.0,49.0,26.0,51.0,21.0,0.0,208.0,2378.0,0.0,8.0,3.0,0.0,0.0,818.0,0.0,0.0,0.0,0.0,0.0,1.0,0.0,2.0,0.0,0.0,1.0,0.0,0.0,275.0,2.0,0.0,0.0,0.0,0.0,0.0,0.0,0.0,14.0,0.0,0.0,0.0,28.0,0.0,TATGGTAATTGTGTGCCAGCMGCCGCGGTAA,ATTAGAWACCCBDGTAGTCCGGCTGACTGACT,TCCATACCGGAA,1.0,2A,Agf34-m0,130520.0,05_20,1.0,6.857142857,Month_02,group2,13,yes,yes
34-0_07_20,87.0,105.0,69.0,107.0,111.0,0.0,293.0,2402.0,0.0,25.0,0.0,0.0,0.0,672.0,0.0,0.0,0.0,0.0,0.0,0.0,0.0,0.0,0.0,0.0,0.0,0.0,0.0,97.0,0.0,0.0,0.0,6.0,0.0,0.0,0.0,0.0,7.0,0.0,0.0,10.0,9.0,0.0,TATGGTAATTGTGTGCCAGCMGCCGCGGTAA,ATTAGAWACCCBDGTAGTCCGGCTGACTGACT,CTGCGGATATAC,5.0,2F,Agf34-m0,720.0,07_20,2.0,15.0,Month_04,group2,13,yes,yes
34-0_09_20,275.0,177.0,21.0,267.0,57.0,1.0,440.0,1623.0,0.0,34.0,0.0,0.0,0.0,666.0,0.0,0.0,0.0,0.0,0.0,0.0,0.0,0.0,0.0,0.0,2.0,2.0,0.0,287.0,9.0,0.0,0.0,1.0,0.0,0.0,0.0,27.0,8.0,0.0,0.0,49.0,9.0,45.0,TATGGTAATTGTGTGCCAGCMGCCGCGGTAA,ATTAGAWACCCBDGTAGTCCGGCTGACTGACT,GCATAAACGACT,2.0,5F,Agf34-m0,90920.0,09_20,3.0,24.85714286,Month_06,group2,13,yes,no
34-0_11_20,151.0,282.0,9.0,469.0,138.0,0.0,200.0,2013.0,0.0,4.0,0.0,0.0,0.0,460.0,0.0,0.0,0.0,0.0,0.0,0.0,0.0,8.0,0.0,0.0,0.0,0.0,0.0,225.0,14.0,0.0,0.0,0.0,0.0,0.0,0.0,18.0,0.0,0.0,0.0,5.0,4.0,0.0,TATGGTAATTGTGTGCCAGCMGCCGCGGTAA,ATTAGAWACCCBDGTAGTCCGGCTGACTGACT,ACCTACTTGTCT,2.0,8A,Agf34-m0,121120.0,11_20,4.0,33.0,Month_08,group2,13,yes,no
34-1_01_21,104.0,16.0,6.0,42.0,11.0,0.0,63.0,2325.0,0.0,0.0,0.0,0.0,0.0,584.0,0.0,0.0,0.0,0.0,0.0,0.0,0.0,0.0,0.0,0.0,0.0,0.0,0.0,50.0,4.0,0.0,0.0,0.0,0.0,0.0,0.0,0.0,54.0,0.0,0.0,0.0,32.0,709.0,TATGGTAATTGTGTGCCAGCMGCCGCGGTAA,ATTAGAWACCCBDGTAGTCCGGCTGACTGACT,CCAGGACAGGAA,3.0,9A,Agf34-m1,100121.0,01_21,5.0,41.42857143,Month_10,group2,NA,no,no
34-1_03_21,82.0,206.0,13.0,179.0,140.0,2.0,275.0,2698.0,0.0,44.0,0.0,0.0,0.0,194.0,0.0,0.0,0.0,0.0,0.0,2.0,0.0,2.0,0.0,0.0,0.0,0.0,0.0,75.0,9.0,0.0,1.0,22.0,0.0,0.0,0.0,3.0,3.0,0.0,0.0,0.0,40.0,10.0,TATGGTAATTGTGTGCCAGCMGCCGCGGTAA,ATTAGAWACCCBDGTAGTCCGGCTGACTGACT,ACTTAGACTCTT,4.0,8H,Agf34-m1,40321.0,03_21,6.0,49.0,Month_12,group2,NA,no,no
34-1_05_21,244.0,203.0,30.0,92.0,43.0,0.0,201.0,2211.0,0.0,12.0,0.0,3.0,0.0,582.0,0.0,0.0,0.0,0.0,0.0,3.0,0.0,6.0,0.0,0.0,0.0,1.0,0.0,282.0,9.0,0.0,3.0,22.0,0.0,0.0,0.0,14.0,21.0,0.0,0.0,1.0,11.0,6.0,TATGGTAATTGTGTGCCAGCMGCCGCGGTAA,ATTAGAWACCCBDGTAGTCCGGCTGACTGACT,ATTTGCTTTGCC,6.0,3B,Agf34-m1,20521.0,05_21,7.0,53.57142857,Month_14,group2,NA,no,no
34-1_06_21,18.0,93.0,20.0,3.0,7.0,0.0,185.0,3138.0,0.0,16.0,0.0,0.0,0.0,198.0,0.0,0.0,0.0,0.0,0.0,0.0,0.0,4.0,0.0,0.0,0.0,0.0,0.0,144.0,8.0,3.0,0.0,1.0,0.0,0.0,0.0,0.0,136.0,0.0,0.0,15.0,9.0,2.0,TATGGTAATTGTGTGCCAGCMGCCGCGGTAA,ATTAGAWACCCBDGTAGTCCGGCTGACTGACT,TCGAGCCGATCT,3.0,9F,Agf34-m1,270521.0,06_21,8.0,65.0,Month_16,group2,NA,no,no
34-1_07_20,37.0,123.0,32.0,86.0,132.0,0.0,186.0,2867.0,0.0,27.0,0.0,0.0,0.0,325.0,0.0,0.0,0.0,0.0,0.0,0.0,0.0,3.0,0.0,0.0,0.0,0.0,0.0,138.0,8.0,0.0,0.0,0.0,0.0,0.0,0.0,0.0,23.0,0.0,0.0,10.0,3.0,0.0,TATGGTAATTGTGTGCCAGCMGCCGCGGTAA,ATTAGAWACCCBDGTAGTCCGGCTGACTGACT,TATCATATTACG,2.0,3A,Agf34-m1,720.0,07_20,2.0,15.0,Month_04,group2,NA,no,yes
34-1_09_21,695.0,152.0,555.0,285.0,281.0,2.0,482.0,1103.0,2.0,18.0,4.0,0.0,0.0,65.0,0.0,0.0,0.0,0.0,0.0,0.0,0.0,4.0,0.0,0.0,0.0,0.0,0.0,333.0,5.0,0.0,0.0,1.0,0.0,0.0,0.0,0.0,3.0,0.0,0.0,5.0,0.0,5.0,TATGGTAATTGTGTGCCAGCMGCCGCGGTAA,ATTAGAWACCCBDGTAGTCCGGCTGACTGACT,AACTCAATAGCG,2.0,12F,Agf34-m1,50921.0,09_21,9.0,75.42857143,Month_18,group2,NA,no,no
35-0_03_21,38.0,25.0,20.0,69.0,59.0,0.0,129.0,3209.0,0.0,0.0,0.0,0.0,0.0,97.0,0.0,0.0,0.0,0.0,0.0,2.0,0.0,0.0,0.0,0.0,0.0,0.0,0.0,205.0,0.0,0.0,0.0,8.0,0.0,0.0,0.0,99.0,8.0,0.0,0.0,0.0,29.0,3.0,TATGGTAATTGTGTGCCAGCMGCCGCGGTAA,ATTAGAWACCCBDGTAGTCCGGCTGACTGACT,GTTCGGTGTCCA,6.0,1A,Agf35-m0,40321.0,03_21,6.0,49.0,Month_12,group2,NA,no,no
35-0_06_21,295.0,226.0,21.0,302.0,91.0,5.0,326.0,1885.0,0.0,30.0,0.0,1.0,0.0,349.0,0.0,0.0,0.0,2.0,0.0,4.0,0.0,6.0,0.0,0.0,0.0,6.0,0.0,283.0,7.0,2.0,0.0,29.0,0.0,0.0,0.0,71.0,25.0,0.0,0.0,19.0,8.0,7.0,TATGGTAATTGTGTGCCAGCMGCCGCGGTAA,ATTAGAWACCCBDGTAGTCCGGCTGACTGACT,TGGTTTCGAAGA,7.0,4D,Agf35-m0,270521.0,06_21,8.0,65.0,Month_16,group2,NA,no,no
35-0_07_20,167.0,108.0,117.0,122.0,75.0,0.0,405.0,2437.0,0.0,17.0,0.0,0.0,0.0,361.0,0.0,0.0,0.0,0.0,0.0,0.0,0.0,4.0,0.0,0.0,0.0,0.0,0.0,154.0,2.0,0.0,0.0,5.0,0.0,0.0,0.0,4.0,8.0,0.0,0.0,4.0,2.0,8.0,TATGGTAATTGTGTGCCAGCMGCCGCGGTAA,ATTAGAWACCCBDGTAGTCCGGCTGACTGACT,TCAGTCAGATGA,5.0,6E,Agf35-m0,720.0,07_20,2.0,15.0,Month_04,group2,NA,no,yes
35-0_09_20,586.0,72.0,34.0,52.0,49.0,2.0,226.0,2684.0,0.0,3.0,0.0,0.0,0.0,129.0,0.0,0.0,0.0,0.0,0.0,0.0,0.0,0.0,0.0,0.0,0.0,0.0,0.0,125.0,0.0,2.0,3.0,10.0,0.0,0.0,0.0,0.0,4.0,0.0,0.0,0.0,12.0,7.0,TATGGTAATTGTGTGCCAGCMGCCGCGGTAA,ATTAGAWACCCBDGTAGTCCGGCTGACTGACT,GCCGCCAGGGTC,3.0,5H,Agf35-m0,90920.0,09_20,3.0,24.85714286,Month_06,group2,NA,no,no
35-0_09_21,193.0,80.0,231.0,113.0,24.0,0.0,232.0,2444.0,0.0,19.0,0.0,1.0,0.0,376.0,0.0,0.0,0.0,0.0,0.0,4.0,0.0,1.0,0.0,0.0,0.0,29.0,0.0,190.0,0.0,0.0,0.0,9.0,0.0,0.0,0.0,30.0,14.0,0.0,0.0,3.0,6.0,1.0,TATGGTAATTGTGTGCCAGCMGCCGCGGTAA,ATTAGAWACCCBDGTAGTCCGGCTGACTGACT,CGCAGATTAGTA,6.0,9C,Agf35-m0,50921.0,09_21,9.0,75.42857143,Month_18,group2,NA,no,no
35-0_11_20,33.0,69.0,7.0,58.0,37.0,0.0,253.0,3084.0,0.0,10.0,0.0,4.0,0.0,215.0,0.0,0.0,0.0,0.0,0.0,2.0,0.0,1.0,0.0,0.0,0.0,1.0,0.0,145.0,4.0,0.0,0.0,10.0,0.0,0.0,0.0,15.0,29.0,0.0,0.0,0.0,21.0,2.0,TATGGTAATTGTGTGCCAGCMGCCGCGGTAA,ATTAGAWACCCBDGTAGTCCGGCTGACTGACT,TCTACATACATA,4.0,4F,Agf35-m0,121120.0,11_20,4.0,33.0,Month_08,group2,NA,no,no
35-1_01_21,87.0,111.0,25.0,86.0,52.0,1.0,128.0,2652.0,0.0,0.0,0.0,11.0,0.0,580.0,0.0,0.0,0.0,0.0,0.0,6.0,0.0,4.0,0.0,0.0,0.0,6.0,0.0,148.0,1.0,0.0,0.0,4.0,0.0,0.0,0.0,22.0,47.0,0.0,0.0,0.0,26.0,3.0,TATGGTAATTGTGTGCCAGCMGCCGCGGTAA,ATTAGAWACCCBDGTAGTCCGGCTGACTGACT,AGGAACCAGACG,6.0,7B,Agf35-m1,100121.0,01_21,5.0,41.42857143,Month_10,group2,NA,no,no
35-1_03_21,182.0,507.0,1.0,255.0,288.0,2.0,213.0,2012.0,0.0,7.0,0.0,0.0,0.0,309.0,0.0,0.0,0.0,0.0,0.0,1.0,0.0,25.0,0.0,0.0,0.0,0.0,0.0,124.0,21.0,0.0,0.0,3.0,0.0,0.0,0.0,1.0,21.0,0.0,0.0,0.0,6.0,22.0,TATGGTAATTGTGTGCCAGCMGCCGCGGTAA,ATTAGAWACCCBDGTAGTCCGGCTGACTGACT,GTGGGACTGCGC,4.0,6G,Agf35-m1,40321.0,03_21,6.0,49.0,Month_12,group2,NA,no,no
35-1_05_20,302.0,78.0,23.0,40.0,49.0,0.0,358.0,1763.0,0.0,4.0,0.0,0.0,0.0,1222.0,0.0,0.0,0.0,0.0,0.0,5.0,0.0,0.0,0.0,0.0,0.0,0.0,0.0,142.0,1.0,0.0,0.0,0.0,0.0,0.0,0.0,0.0,7.0,0.0,0.0,0.0,6.0,0.0,TATGGTAATTGTGTGCCAGCMGCCGCGGTAA,ATTAGAWACCCBDGTAGTCCGGCTGACTGACT,TGACGAGGGCTG,6.0,7G,Agf35-m1,130520.0,05_20,1.0,6.857142857,Month_02,group2,NA,no,yes
35-1_06_21,183.0,140.0,0.0,54.0,42.0,1.0,83.0,2690.0,0.0,2.0,0.0,0.0,0.0,416.0,0.0,0.0,0.0,0.0,0.0,0.0,0.0,5.0,0.0,0.0,0.0,0.0,0.0,276.0,11.0,0.0,4.0,4.0,0.0,0.0,0.0,0.0,61.0,0.0,0.0,1.0,13.0,14.0,TATGGTAATTGTGTGCCAGCMGCCGCGGTAA,ATTAGAWACCCBDGTAGTCCGGCTGACTGACT,GTTGCTGAGTCC,3.0,10G,Agf35-m1,270521.0,06_21,8.0,65.0,Month_16,group2,NA,no,no
35-1_07_20,27.0,43.0,14.0,51.0,37.0,0.0,114.0,2833.0,0.0,1.0,0.0,0.0,0.0,469.0,0.0,0.0,0.0,0.0,0.0,0.0,0.0,0.0,0.0,0.0,0.0,0.0,0.0,113.0,3.0,0.0,0.0,0.0,0.0,0.0,0.0,0.0,28.0,0.0,0.0,3.0,14.0,250.0,TATGGTAATTGTGTGCCAGCMGCCGCGGTAA,ATTAGAWACCCBDGTAGTCCGGCTGACTGACT,GCGAGGAAGTCC,3.0,3A,Agf35-m1,720.0,07_20,2.0,15.0,Month_04,group2,NA,no,no
35-1_09_20,1093.0,227.0,4.0,163.0,101.0,1.0,201.0,1129.0,0.0,8.0,0.0,0.0,0.0,310.0,0.0,0.0,0.0,0.0,0.0,2.0,0.0,11.0,0.0,0.0,0.0,0.0,0.0,234.0,10.0,0.0,0.0,4.0,0.0,0.0,0.0,0.0,47.0,0.0,0.0,0.0,3.0,452.0,TATGGTAATTGTGTGCCAGCMGCCGCGGTAA,ATTAGAWACCCBDGTAGTCCGGCTGACTGACT,ATAGGAATAACC,3.0,12F,Agf35-m1,90920.0,09_20,3.0,24.85714286,Month_06,group2,NA,no,no
35-1_09_21,182.0,79.0,64.0,41.0,22.0,0.0,164.0,2671.0,0.0,5.0,3.0,0.0,0.0,410.0,0.0,0.0,0.0,0.0,0.0,3.0,0.0,2.0,0.0,0.0,0.0,0.0,0.0,198.0,0.0,0.0,0.0,0.0,0.0,0.0,0.0,0.0,122.0,0.0,0.0,18.0,11.0,5.0,TATGGTAATTGTGTGCCAGCMGCCGCGGTAA,ATTAGAWACCCBDGTAGTCCGGCTGACTGACT,TAATCCATAATC,2.0,11B,Agf35-m1,50921.0,09_21,9.0,75.42857143,Month_18,group2,NA,no,no
35-2_01_21,251.0,324.0,111.0,254.0,455.0,3.0,109.0,2048.0,0.0,21.0,0.0,0.0,0.0,157.0,0.0,0.0,0.0,0.0,0.0,5.0,0.0,22.0,0.0,0.0,0.0,2.0,0.0,146.0,18.0,0.0,5.0,9.0,0.0,0.0,0.0,17.0,22.0,0.0,0.0,0.0,19.0,2.0,TATGGTAATTGTGTGCCAGCMGCCGCGGTAA,ATTAGAWACCCBDGTAGTCCGGCTGACTGACT,GAAATCTTGAAG,1.0,11C,Agf35-m2,100121.0,01_21,5.0,41.42857143,Month_10,group2,12,yes,no
35-2_03_21,166.0,326.0,0.0,199.0,171.0,1.0,60.0,2366.0,0.0,10.0,0.0,0.0,0.0,409.0,0.0,0.0,0.0,0.0,0.0,2.0,0.0,5.0,0.0,0.0,0.0,0.0,0.0,73.0,11.0,0.0,1.0,9.0,0.0,0.0,0.0,14.0,78.0,0.0,0.0,0.0,11.0,88.0,TATGGTAATTGTGTGCCAGCMGCCGCGGTAA,ATTAGAWACCCBDGTAGTCCGGCTGACTGACT,GTCACTCCGAAC,2.0,5E,Agf35-m2,40321.0,03_21,6.0,49.0,Month_12,group2,12,yes,no
35-2_07_20,130.0,33.0,44.0,32.0,22.0,0.0,85.0,2891.0,0.0,11.0,0.0,0.0,0.0,459.0,0.0,0.0,0.0,0.0,0.0,2.0,0.0,0.0,0.0,0.0,0.0,2.0,0.0,109.0,1.0,0.0,0.0,0.0,0.0,0.0,0.0,2.0,6.0,0.0,0.0,0.0,26.0,145.0,TATGGTAATTGTGTGCCAGCMGCCGCGGTAA,ATTAGAWACCCBDGTAGTCCGGCTGACTGACT,GGACAAGTGCGA,3.0,3B,Agf35-m2,720.0,07_20,2.0,15.0,Month_04,group2,12,yes,yes
35-2_09_20,69.0,69.0,23.0,163.0,68.0,0.0,287.0,2991.0,0.0,4.0,0.0,0.0,0.0,143.0,0.0,0.0,0.0,0.0,0.0,2.0,0.0,6.0,0.0,0.0,0.0,0.0,0.0,149.0,4.0,0.0,4.0,0.0,0.0,0.0,0.0,0.0,6.0,0.0,0.0,0.0,7.0,5.0,TATGGTAATTGTGTGCCAGCMGCCGCGGTAA,ATTAGAWACCCBDGTAGTCCGGCTGACTGACT,TTGCCGCTCTGG,3.0,9B,Agf35-m2,90920.0,09_20,3.0,24.85714286,Month_06,group2,12,yes,no
35-2_11_20,93.0,87.0,29.0,105.0,83.0,0.0,142.0,3098.0,0.0,3.0,0.0,2.0,0.0,173.0,0.0,0.0,0.0,0.0,0.0,2.0,0.0,0.0,0.0,0.0,0.0,9.0,0.0,124.0,0.0,0.0,0.0,3.0,0.0,0.0,0.0,30.0,0.0,0.0,0.0,0.0,15.0,2.0,TATGGTAATTGTGTGCCAGCMGCCGCGGTAA,ATTAGAWACCCBDGTAGTCCGGCTGACTGACT,GCACGCGAGCAC,5.0,9G,Agf35-m2,121120.0,11_20,4.0,33.0,Month_08,group2,12,yes,no
36-0_01_21,151.0,117.0,16.0,180.0,70.0,6.0,179.0,2348.0,0.0,3.0,0.0,0.0,0.0,544.0,0.0,0.0,0.0,0.0,0.0,2.0,0.0,0.0,0.0,0.0,0.0,0.0,0.0,254.0,4.0,0.0,0.0,8.0,0.0,0.0,0.0,49.0,30.0,0.0,0.0,31.0,8.0,0.0,TATGGTAATTGTGTGCCAGCMGCCGCGGTAA,ATTAGAWACCCBDGTAGTCCGGCTGACTGACT,ACGTGAGGAACG,1.0,6B,Agf36-m0,100121.0,01_21,5.0,41.0,Month_10,group2,NA,no,no
36-0_03_21,118.0,181.0,1.0,234.0,164.0,0.0,170.0,2250.0,0.0,17.0,0.0,5.0,0.0,396.0,0.0,0.0,0.0,0.0,0.0,0.0,0.0,1.0,0.0,0.0,0.0,0.0,0.0,236.0,14.0,0.0,3.0,18.0,0.0,0.0,0.0,38.0,48.0,0.0,0.0,96.0,10.0,0.0,TATGGTAATTGTGTGCCAGCMGCCGCGGTAA,ATTAGAWACCCBDGTAGTCCGGCTGACTGACT,TGGCGCACGGAC,4.0,4G,Agf36-m0,40321.0,03_21,6.0,48.57142857,Month_12,group2,NA,no,no
36-0_05_20,408.0,92.0,0.0,82.0,115.0,2.0,115.0,1998.0,0.0,6.0,0.0,0.0,0.0,417.0,0.0,0.0,0.0,0.0,0.0,0.0,0.0,1.0,0.0,0.0,0.0,0.0,0.0,143.0,9.0,0.0,0.0,0.0,0.0,0.0,0.0,0.0,19.0,0.0,0.0,0.0,1.0,592.0,TATGGTAATTGTGTGCCAGCMGCCGCGGTAA,ATTAGAWACCCBDGTAGTCCGGCTGACTGACT,AACGGGCGACGT,5.0,4F,Agf36-m0,130520.0,05_20,1.0,6.428571429,Month_02,group2,NA,no,no
36-0_05_21,73.0,121.0,5.0,132.0,63.0,0.0,202.0,2753.0,0.0,12.0,0.0,0.0,0.0,343.0,0.0,0.0,0.0,0.0,0.0,1.0,0.0,3.0,0.0,0.0,0.0,0.0,0.0,148.0,17.0,0.0,0.0,7.0,0.0,0.0,0.0,52.0,16.0,0.0,0.0,36.0,14.0,2.0,TATGGTAATTGTGTGCCAGCMGCCGCGGTAA,ATTAGAWACCCBDGTAGTCCGGCTGACTGACT,ACCTTACACCTT,1.0,2D,Agf36-m0,20521.0,05_21,7.0,53.14285714,Month_14,group2,NA,no,no
36-0_09_20,722.0,523.0,11.0,691.0,168.0,3.0,171.0,1170.0,0.0,22.0,0.0,3.0,0.0,137.0,0.0,0.0,0.0,0.0,0.0,0.0,0.0,22.0,0.0,0.0,0.0,0.0,0.0,255.0,24.0,0.0,0.0,17.0,0.0,0.0,0.0,6.0,12.0,0.0,20.0,10.0,13.0,0.0,TATGGTAATTGTGTGCCAGCMGCCGCGGTAA,ATTAGAWACCCBDGTAGTCCGGCTGACTGACT,CCGCATGACCTA,7.0,2C,Agf36-m0,90920.0,09_20,3.0,24.42857143,Month_06,group2,NA,no,no
36-0_09_21,46.0,69.0,150.0,42.0,23.0,0.0,55.0,3474.0,0.0,0.0,6.0,0.0,0.0,15.0,0.0,0.0,0.0,0.0,0.0,0.0,0.0,0.0,0.0,0.0,0.0,45.0,0.0,21.0,0.0,2.0,0.0,0.0,0.0,0.0,2.0,12.0,8.0,0.0,0.0,0.0,30.0,0.0,TATGGTAATTGTGTGCCAGCMGCCGCGGTAA,ATTAGAWACCCBDGTAGTCCGGCTGACTGACT,CGCACGTACCTC,4.0,11D,Agf36-m0,50921.0,09_21,9.0,75.0,Month_18,group2,NA,no,no
36-1_01_21,167.0,133.0,53.0,122.0,80.0,1.0,202.0,2344.0,0.0,17.0,2.0,6.0,0.0,438.0,0.0,0.0,0.0,0.0,0.0,2.0,0.0,3.0,0.0,0.0,0.0,7.0,0.0,209.0,4.0,0.0,0.0,43.0,0.0,0.0,3.0,91.0,25.0,0.0,0.0,40.0,8.0,0.0,TATGGTAATTGTGTGCCAGCMGCCGCGGTAA,ATTAGAWACCCBDGTAGTCCGGCTGACTGACT,CTCTATTCCACC,6.0,12C,Agf36-m1,100121.0,01_21,5.0,41.0,Month_10,group2,NA,no,no
36-1_03_21,150.0,544.0,2.0,191.0,107.0,1.0,152.0,2042.0,0.0,30.0,0.0,1.0,0.0,330.0,0.0,0.0,0.0,0.0,0.0,1.0,0.0,25.0,0.0,0.0,0.0,0.0,0.0,225.0,30.0,0.0,0.0,22.0,0.0,0.0,0.0,15.0,27.0,0.0,0.0,85.0,19.0,1.0,TATGGTAATTGTGTGCCAGCMGCCGCGGTAA,ATTAGAWACCCBDGTAGTCCGGCTGACTGACT,CCACCGGGCCGA,4.0,10G,Agf36-m1,40321.0,03_21,6.0,48.57142857,Month_12,group2,NA,no,no
36-1_05_20,706.0,62.0,2.0,53.0,27.0,0.0,90.0,1906.0,0.0,0.0,0.0,0.0,0.0,335.0,0.0,0.0,0.0,0.0,0.0,0.0,0.0,8.0,0.0,0.0,0.0,0.0,0.0,208.0,8.0,0.0,0.0,2.0,0.0,0.0,0.0,0.0,20.0,0.0,0.0,0.0,34.0,539.0,TATGGTAATTGTGTGCCAGCMGCCGCGGTAA,ATTAGAWACCCBDGTAGTCCGGCTGACTGACT,CGATTCCTTAAT,4.0,11F,Agf36-m1,130520.0,05_20,1.0,6.428571429,Month_02,group2,NA,no,no
36-1_06_21,226.0,291.0,3.0,211.0,50.0,0.0,253.0,1684.0,0.0,8.0,0.0,0.0,0.0,793.0,0.0,0.0,0.0,0.0,0.0,1.0,0.0,7.0,0.0,0.0,0.0,5.0,0.0,297.0,21.0,0.0,0.0,9.0,0.0,0.0,0.0,27.0,34.0,0.0,0.0,75.0,2.0,3.0,TATGGTAATTGTGTGCCAGCMGCCGCGGTAA,ATTAGAWACCCBDGTAGTCCGGCTGACTGACT,CTTGCTCATAAT,2.0,7G,Agf36-m1,270521.0,06_21,8.0,64.57142857,Month_16,group2,NA,no,no
36-1_09_20,201.0,161.0,10.0,167.0,41.0,0.0,92.0,2939.0,0.0,23.0,0.0,0.0,0.0,125.0,0.0,0.0,0.0,0.0,0.0,4.0,0.0,0.0,0.0,0.0,0.0,0.0,0.0,88.0,9.0,0.0,0.0,0.0,0.0,0.0,0.0,4.0,17.0,0.0,28.0,51.0,40.0,0.0,TATGGTAATTGTGTGCCAGCMGCCGCGGTAA,ATTAGAWACCCBDGTAGTCCGGCTGACTGACT,GTCCGTCCTGGT,2.0,9F,Agf36-m1,90920.0,09_20,3.0,24.42857143,Month_06,group2,NA,no,no
36-1_09_21,52.0,42.0,190.0,34.0,17.0,0.0,74.0,3355.0,1.0,0.0,2.0,6.0,0.0,61.0,0.0,0.0,0.0,0.0,0.0,0.0,0.0,0.0,0.0,0.0,0.0,9.0,0.0,91.0,0.0,0.0,0.0,0.0,0.0,0.0,0.0,5.0,22.0,0.0,0.0,8.0,30.0,1.0,TATGGTAATTGTGTGCCAGCMGCCGCGGTAA,ATTAGAWACCCBDGTAGTCCGGCTGACTGACT,CAAACCTATGGC,3.0,12E,Agf36-m1,50921.0,09_21,9.0,75.0,Month_18,group2,NA,no,no
36-1_11_20,140.0,241.0,8.0,196.0,249.0,3.0,359.0,1880.0,0.0,73.0,0.0,11.0,0.0,218.0,0.0,0.0,0.0,0.0,0.0,1.0,0.0,6.0,0.0,0.0,0.0,1.0,0.0,314.0,5.0,0.0,0.0,11.0,0.0,0.0,0.0,35.0,27.0,0.0,0.0,215.0,4.0,3.0,TATGGTAATTGTGTGCCAGCMGCCGCGGTAA,ATTAGAWACCCBDGTAGTCCGGCTGACTGACT,ATTATGATTATG,3.0,6G,Agf36-m1,121120.0,11_20,4.0,32.57142857,Month_08,group2,NA,no,no
36-2_03_21,153.0,419.0,36.0,588.0,168.0,8.0,295.0,1162.0,5.0,20.0,1.0,3.0,0.0,353.0,0.0,0.0,0.0,0.0,0.0,7.0,0.0,29.0,0.0,0.0,0.0,0.0,0.0,519.0,44.0,0.0,0.0,3.0,0.0,0.0,0.0,30.0,39.0,0.0,0.0,106.0,9.0,3.0,TATGGTAATTGTGTGCCAGCMGCCGCGGTAA,ATTAGAWACCCBDGTAGTCCGGCTGACTGACT,AATTCACCTCCT,1.0,12A,Agf36-m2,40321.0,03_21,6.0,48.57142857,Month_12,group2,17,yes,no
36-2_05_20,125.0,63.0,15.0,49.0,48.0,1.0,158.0,2108.0,0.0,23.0,0.0,0.0,0.0,616.0,0.0,0.0,0.0,0.0,0.0,0.0,0.0,2.0,0.0,0.0,0.0,0.0,0.0,122.0,1.0,0.0,0.0,7.0,0.0,0.0,0.0,0.0,4.0,0.0,52.0,219.0,5.0,382.0,TATGGTAATTGTGTGCCAGCMGCCGCGGTAA,ATTAGAWACCCBDGTAGTCCGGCTGACTGACT,GTCCTCGCGACT,4.0,12D,Agf36-m2,130520.0,05_20,1.0,6.428571429,Month_02,group2,17,yes,no
36-2_05_21,78.0,178.0,12.0,98.0,38.0,0.0,168.0,2437.0,0.0,11.0,0.0,1.0,0.0,766.0,0.0,0.0,0.0,0.0,0.0,1.0,0.0,7.0,0.0,0.0,0.0,2.0,0.0,78.0,6.0,0.0,0.0,20.0,0.0,0.0,0.0,19.0,28.0,0.0,0.0,46.0,6.0,0.0,TATGGTAATTGTGTGCCAGCMGCCGCGGTAA,ATTAGAWACCCBDGTAGTCCGGCTGACTGACT,TGCCTGCTCGAC,4.0,12F,Agf36-m2,20521.0,05_21,7.0,53.14285714,Month_14,group2,17,yes,no
36-2_06_21,414.0,255.0,3.0,269.0,103.0,2.0,113.0,1827.0,3.0,17.0,0.0,0.0,2.0,545.0,0.0,0.0,0.0,0.0,0.0,4.0,0.0,15.0,0.0,0.0,0.0,4.0,0.0,275.0,13.0,0.0,0.0,7.0,0.0,0.0,0.0,26.0,19.0,0.0,0.0,80.0,4.0,0.0,TATGGTAATTGTGTGCCAGCMGCCGCGGTAA,ATTAGAWACCCBDGTAGTCCGGCTGACTGACT,GTTTATCTTAAG,4.0,6E,Agf36-m2,270521.0,06_21,8.0,64.57142857,Month_16,group2,17,yes,no
36-2_07_20,347.0,360.0,0.0,469.0,211.0,0.0,161.0,1763.0,0.0,16.0,0.0,0.0,0.0,246.0,0.0,0.0,0.0,0.0,0.0,0.0,0.0,13.0,0.0,0.0,0.0,0.0,0.0,114.0,31.0,0.0,4.0,2.0,0.0,0.0,0.0,4.0,3.0,0.0,35.0,139.0,14.0,68.0,TATGGTAATTGTGTGCCAGCMGCCGCGGTAA,ATTAGAWACCCBDGTAGTCCGGCTGACTGACT,CCACAACGATCA,3.0,9C,Agf36-m2,720.0,07_20,2.0,14.57142857,Month_04,group2,17,yes,yes
36-2_09_20,340.0,213.0,47.0,333.0,50.0,6.0,507.0,1919.0,0.0,10.0,3.0,0.0,0.0,99.0,0.0,0.0,0.0,0.0,0.0,2.0,0.0,3.0,0.0,0.0,0.0,2.0,0.0,336.0,6.0,0.0,1.0,10.0,0.0,0.0,0.0,26.0,3.0,0.0,22.0,42.0,19.0,1.0,TATGGTAATTGTGTGCCAGCMGCCGCGGTAA,ATTAGAWACCCBDGTAGTCCGGCTGACTGACT,CATTTGACGACG,3.0,1F,Agf36-m2,90920.0,09_20,3.0,24.42857143,Month_06,group2,17,yes,no
36-2_11_20,84.0,247.0,11.0,219.0,296.0,1.0,248.0,2238.0,2.0,12.0,0.0,4.0,0.0,266.0,0.0,0.0,0.0,0.0,0.0,0.0,0.0,6.0,0.0,0.0,0.0,0.0,0.0,268.0,14.0,0.0,0.0,2.0,0.0,0.0,0.0,16.0,7.0,0.0,0.0,52.0,7.0,0.0,TATGGTAATTGTGTGCCAGCMGCCGCGGTAA,ATTAGAWACCCBDGTAGTCCGGCTGACTGACT,CGTTCGCTAGCC,4.0,12E,Agf36-m2,121120.0,11_20,4.0,32.57142857,Month_08,group2,17,yes,no
37-0_09_20,1423.0,335.0,21.0,268.0,131.0,0.0,334.0,818.0,0.0,8.0,0.0,0.0,0.0,314.0,0.0,0.0,0.0,0.0,0.0,0.0,0.0,26.0,0.0,0.0,0.0,0.0,0.0,249.0,15.0,0.0,0.0,5.0,0.0,0.0,0.0,2.0,0.0,0.0,23.0,21.0,3.0,4.0,TATGGTAATTGTGTGCCAGCMGCCGCGGTAA,ATTAGAWACCCBDGTAGTCCGGCTGACTGACT,CTCCACATTCCT,5.0,5F,Agf37-m0,90920.0,09_20,3.0,24.42857143,Month_06,group2,10,yes,no
37-1_01_21,306.0,341.0,30.0,360.0,229.0,2.0,243.0,1834.0,0.0,10.0,0.0,0.0,0.0,184.0,0.0,0.0,0.0,0.0,0.0,0.0,0.0,11.0,0.0,0.0,0.0,0.0,0.0,237.0,22.0,0.0,2.0,21.0,0.0,0.0,0.0,77.0,7.0,0.0,24.0,53.0,6.0,1.0,TATGGTAATTGTGTGCCAGCMGCCGCGGTAA,ATTAGAWACCCBDGTAGTCCGGCTGACTGACT,TATGGGTAGCTA,5.0,8H,Agf37-m1,100121.0,01_21,5.0,41.0,Month_10,group2,NA,no,no
37-1_05_21,659.0,150.0,6.0,226.0,83.0,0.0,176.0,1691.0,0.0,27.0,0.0,5.0,0.0,430.0,0.0,0.0,0.0,0.0,0.0,0.0,0.0,2.0,0.0,0.0,1.0,0.0,0.0,290.0,11.0,0.0,0.0,5.0,0.0,0.0,0.0,37.0,16.0,0.0,86.0,0.0,17.0,82.0,TATGGTAATTGTGTGCCAGCMGCCGCGGTAA,ATTAGAWACCCBDGTAGTCCGGCTGACTGACT,TGTGCACGCCAT,1.0,1F,Agf37-m1,20521.0,05_21,7.0,53.14285714,Month_14,group2,NA,no,no
37-1_06_21,108.0,140.0,14.0,115.0,61.0,0.0,101.0,2871.0,0.0,2.0,0.0,0.0,0.0,435.0,0.0,0.0,0.0,0.0,0.0,0.0,0.0,2.0,0.0,0.0,0.0,0.0,0.0,40.0,3.0,0.0,1.0,8.0,0.0,0.0,0.0,23.0,6.0,0.0,39.0,3.0,25.0,3.0,TATGGTAATTGTGTGCCAGCMGCCGCGGTAA,ATTAGAWACCCBDGTAGTCCGGCTGACTGACT,GGTGTGAGAAAG,6.0,4F,Agf37-m1,270521.0,06_21,8.0,64.57142857,Month_16,group2,NA,no,no
37-2_01_21,51.0,92.0,10.0,167.0,53.0,0.0,102.0,2622.0,0.0,5.0,0.0,0.0,0.0,483.0,0.0,0.0,0.0,0.0,0.0,2.0,0.0,2.0,0.0,0.0,0.0,0.0,0.0,152.0,12.0,0.0,0.0,0.0,0.0,0.0,0.0,16.0,24.0,0.0,33.0,76.0,21.0,77.0,TATGGTAATTGTGTGCCAGCMGCCGCGGTAA,ATTAGAWACCCBDGTAGTCCGGCTGACTGACT,CCAACCCAGATC,2.0,4H,Agf37-m2,100121.0,01_21,5.0,41.0,Month_10,group2,13,yes,no
37-2_03_21,185.0,621.0,12.0,366.0,575.0,4.0,394.0,755.0,0.0,34.0,0.0,0.0,0.0,372.0,0.0,0.0,0.0,0.0,0.0,0.0,0.0,15.0,0.0,0.0,0.0,0.0,0.0,437.0,20.0,0.0,4.0,32.0,0.0,0.0,0.0,91.0,6.0,0.0,24.0,53.0,0.0,0.0,TATGGTAATTGTGTGCCAGCMGCCGCGGTAA,ATTAGAWACCCBDGTAGTCCGGCTGACTGACT,ACTCGCTCGCTG,1.0,3B,Agf37-m2,40321.0,03_21,6.0,48.57142857,Month_12,group2,13,yes,no
37-2_05_20,63.0,95.0,13.0,54.0,105.0,0.0,110.0,1720.0,0.0,26.0,0.0,0.0,0.0,1003.0,0.0,0.0,0.0,0.0,0.0,0.0,0.0,4.0,0.0,0.0,0.0,0.0,0.0,194.0,1.0,0.0,0.0,0.0,0.0,0.0,0.0,0.0,10.0,0.0,46.0,375.0,9.0,172.0,TATGGTAATTGTGTGCCAGCMGCCGCGGTAA,ATTAGAWACCCBDGTAGTCCGGCTGACTGACT,GCTGCGTATACC,3.0,1G,Agf37-m2,130520.0,05_20,1.0,6.428571429,Month_02,group2,13,yes,no
37-2_07_20,39.0,138.0,21.0,90.0,29.0,0.0,106.0,1918.0,2.0,14.0,0.0,0.0,0.0,835.0,0.0,0.0,0.0,0.0,0.0,0.0,0.0,3.0,0.0,0.0,0.0,0.0,0.0,82.0,7.0,0.0,0.0,3.0,0.0,0.0,0.0,7.0,13.0,0.0,29.0,150.0,8.0,506.0,TATGGTAATTGTGTGCCAGCMGCCGCGGTAA,ATTAGAWACCCBDGTAGTCCGGCTGACTGACT,GTTGACCATCGC,6.0,7C,Agf37-m2,720.0,07_20,2.0,14.57142857,Month_04,group2,13,yes,yes
37-2_11_20,254.0,361.0,5.0,354.0,349.0,0.0,281.0,1524.0,0.0,27.0,1.0,0.0,0.0,381.0,0.0,0.0,0.0,0.0,0.0,0.0,0.0,9.0,0.0,0.0,0.0,0.0,0.0,202.0,21.0,0.0,0.0,14.0,0.0,0.0,0.0,17.0,12.0,0.0,114.0,73.0,1.0,0.0,TATGGTAATTGTGTGCCAGCMGCCGCGGTAA,ATTAGAWACCCBDGTAGTCCGGCTGACTGACT,CCACGAGCAGGC,2.0,2G,Agf37-m2,121120.0,11_20,4.0,32.57142857,Month_08,group2,13,yes,no
38-0_07_20,749.0,104.0,5.0,60.0,60.0,0.0,236.0,2295.0,0.0,1.0,0.0,0.0,0.0,263.0,0.0,0.0,0.0,0.0,0.0,0.0,0.0,6.0,0.0,0.0,0.0,0.0,0.0,190.0,5.0,0.0,3.0,2.0,0.0,0.0,0.0,0.0,5.0,0.0,13.0,0.0,2.0,1.0,TATGGTAATTGTGTGCCAGCMGCCGCGGTAA,ATTAGAWACCCBDGTAGTCCGGCTGACTGACT,TATGCCAGAGAT,1.0,4C,Agf38-m0,720.0,07_20,2.0,14.57142857,Month_04,group2,12,yes,no
38-0_11_20,26.0,20.0,17.0,41.0,30.0,0.0,38.0,3389.0,0.0,0.0,0.0,0.0,0.0,289.0,0.0,0.0,0.0,0.0,0.0,2.0,0.0,0.0,0.0,0.0,0.0,6.0,0.0,36.0,3.0,5.0,0.0,0.0,0.0,0.0,0.0,21.0,10.0,0.0,33.0,0.0,30.0,4.0,TATGGTAATTGTGTGCCAGCMGCCGCGGTAA,ATTAGAWACCCBDGTAGTCCGGCTGACTGACT,GAGGCGCCATAG,7.0,9C,Agf38-m0,121120.0,11_20,4.0,32.57142857,Month_08,group2,12,yes,no
38-1_03_21,410.0,402.0,2.0,253.0,273.0,1.0,270.0,1381.0,0.0,2.0,0.0,0.0,0.0,574.0,0.0,0.0,0.0,0.0,0.0,0.0,0.0,11.0,0.0,0.0,0.0,0.0,0.0,162.0,39.0,0.0,1.0,2.0,0.0,0.0,0.0,16.0,6.0,0.0,0.0,26.0,6.0,163.0,TATGGTAATTGTGTGCCAGCMGCCGCGGTAA,ATTAGAWACCCBDGTAGTCCGGCTGACTGACT,TCTAACGAGTGC,4.0,9B,Agf38-m1,40321.0,03_21,6.0,48.57142857,Month_12,group2,NA,no,no
38-1_05_20,363.0,84.0,96.0,102.0,77.0,0.0,527.0,914.0,0.0,44.0,0.0,0.0,0.0,1210.0,0.0,0.0,0.0,0.0,0.0,2.0,0.0,0.0,0.0,0.0,0.0,0.0,0.0,191.0,6.0,0.0,0.0,8.0,0.0,0.0,0.0,0.0,3.0,0.0,47.0,115.0,0.0,211.0,TATGGTAATTGTGTGCCAGCMGCCGCGGTAA,ATTAGAWACCCBDGTAGTCCGGCTGACTGACT,ACACGCGGTTTA,6.0,10E,Agf38-m1,130520.0,05_20,1.0,6.428571429,Month_02,group2,NA,no,no
38-1_05_21,877.0,48.0,5.0,80.0,48.0,0.0,116.0,1528.0,0.0,0.0,0.0,2.0,0.0,969.0,0.0,0.0,0.0,0.0,0.0,4.0,0.0,8.0,0.0,0.0,0.0,0.0,0.0,262.0,4.0,0.0,0.0,5.0,0.0,0.0,0.0,21.0,14.0,0.0,0.0,0.0,6.0,3.0,TATGGTAATTGTGTGCCAGCMGCCGCGGTAA,ATTAGAWACCCBDGTAGTCCGGCTGACTGACT,TGCGCGCCTTCC,5.0,3E,Agf38-m1,20521.0,05_21,7.0,53.14285714,Month_14,group2,NA,no,no
38-1_06_21,112.0,108.0,6.0,85.0,106.0,0.0,157.0,2498.0,0.0,0.0,0.0,0.0,5.0,683.0,0.0,0.0,0.0,0.0,0.0,0.0,0.0,0.0,0.0,0.0,0.0,0.0,0.0,120.0,6.0,0.0,0.0,4.0,0.0,0.0,0.0,24.0,45.0,0.0,0.0,0.0,41.0,0.0,TATGGTAATTGTGTGCCAGCMGCCGCGGTAA,ATTAGAWACCCBDGTAGTCCGGCTGACTGACT,AATCCGGTCACC,4.0,11G,Agf38-m1,270521.0,06_21,8.0,64.57142857,Month_16,group2,NA,no,no
38-1_07_20,583.0,495.0,18.0,249.0,355.0,1.0,317.0,856.0,1.0,74.0,1.0,0.0,0.0,760.0,0.0,0.0,0.0,0.0,0.0,0.0,0.0,8.0,0.0,0.0,0.0,0.0,0.0,139.0,8.0,0.0,2.0,13.0,0.0,0.0,0.0,15.0,2.0,0.0,21.0,74.0,2.0,6.0,TATGGTAATTGTGTGCCAGCMGCCGCGGTAA,ATTAGAWACCCBDGTAGTCCGGCTGACTGACT,TTGAACAAGCCA,2.0,12E,Agf38-m1,720.0,07_20,2.0,14.57142857,Month_04,group2,NA,no,no
38-1_09_21,81.0,40.0,201.0,33.0,37.0,0.0,204.0,2849.0,0.0,4.0,2.0,0.0,0.0,374.0,0.0,0.0,0.0,0.0,0.0,2.0,0.0,0.0,0.0,0.0,0.0,2.0,0.0,121.0,0.0,0.0,0.0,0.0,0.0,0.0,0.0,14.0,3.0,0.0,0.0,0.0,30.0,3.0,TATGGTAATTGTGTGCCAGCMGCCGCGGTAA,ATTAGAWACCCBDGTAGTCCGGCTGACTGACT,TCATCTTGATTG,4.0,12B,Agf38-m1,50921.0,09_21,9.0,75.0,Month_18,group2,NA,no,no
38-1_11_20,511.0,558.0,16.0,369.0,425.0,1.0,355.0,799.0,0.0,41.0,0.0,0.0,0.0,512.0,0.0,0.0,0.0,0.0,0.0,0.0,0.0,17.0,0.0,0.0,0.0,0.0,0.0,277.0,21.0,0.0,6.0,21.0,0.0,0.0,0.0,8.0,4.0,0.0,0.0,56.0,2.0,1.0,TATGGTAATTGTGTGCCAGCMGCCGCGGTAA,ATTAGAWACCCBDGTAGTCCGGCTGACTGACT,TACGGTCTGGAT,3.0,4B,Agf38-m1,121120.0,11_20,4.0,32.57142857,Month_08,group2,NA,no,no
38-2_03_21,485.0,805.0,32.0,69.0,72.0,2.0,301.0,1372.0,0.0,0.0,0.0,0.0,0.0,490.0,2.0,0.0,0.0,0.0,0.0,0.0,0.0,48.0,0.0,0.0,0.0,0.0,0.0,213.0,31.0,0.0,0.0,31.0,0.0,0.0,0.0,22.0,3.0,0.0,0.0,22.0,0.0,0.0,TATGGTAATTGTGTGCCAGCMGCCGCGGTAA,ATTAGAWACCCBDGTAGTCCGGCTGACTGACT,TACTGAGCCTCG,5.0,4G,Agf38-m2,40321.0,03_21,6.0,48.57142857,Month_12,group2,NA,no,no
38-2_05_20,221.0,102.0,53.0,95.0,70.0,2.0,395.0,1263.0,0.0,38.0,1.0,0.0,0.0,1195.0,0.0,0.0,0.0,0.0,0.0,3.0,0.0,0.0,0.0,0.0,0.0,0.0,0.0,193.0,9.0,0.0,0.0,13.0,0.0,0.0,0.0,0.0,0.0,0.0,48.0,195.0,2.0,102.0,TATGGTAATTGTGTGCCAGCMGCCGCGGTAA,ATTAGAWACCCBDGTAGTCCGGCTGACTGACT,AGATTCGCTCGA,3.0,8B,Agf38-m2,130520.0,05_20,1.0,6.428571429,Month_02,group2,NA,no,yes
38-2_05_21,1664.0,218.0,2.0,250.0,290.0,1.0,87.0,1092.0,0.0,4.0,0.0,5.0,0.0,170.0,0.0,0.0,0.0,0.0,0.0,0.0,0.0,9.0,0.0,0.0,0.0,0.0,0.0,184.0,7.0,0.0,0.0,0.0,0.0,0.0,0.0,13.0,0.0,0.0,0.0,0.0,4.0,0.0,TATGGTAATTGTGTGCCAGCMGCCGCGGTAA,ATTAGAWACCCBDGTAGTCCGGCTGACTGACT,AATAGATGCTGA,5.0,12G,Agf38-m2,20521.0,05_21,7.0,53.14285714,Month_14,group2,NA,no,no
38-2_06_21,145.0,182.0,31.0,275.0,56.0,0.0,147.0,2117.0,1.0,0.0,0.0,5.0,9.0,882.0,0.0,0.0,0.0,0.0,0.0,0.0,0.0,3.0,0.0,0.0,0.0,0.0,0.0,76.0,12.0,0.0,0.0,11.0,0.0,0.0,0.0,14.0,2.0,0.0,0.0,0.0,31.0,1.0,TATGGTAATTGTGTGCCAGCMGCCGCGGTAA,ATTAGAWACCCBDGTAGTCCGGCTGACTGACT,TCATTAGCGTGG,2.0,1H,Agf38-m2,270521.0,06_21,8.0,64.57142857,Month_16,group2,NA,no,no
38-2_07_20,56.0,49.0,7.0,19.0,34.0,0.0,306.0,2788.0,0.0,40.0,0.0,0.0,2.0,506.0,0.0,0.0,0.0,0.0,0.0,0.0,0.0,0.0,0.0,0.0,0.0,0.0,0.0,92.0,0.0,0.0,0.0,2.0,0.0,0.0,0.0,9.0,5.0,0.0,24.0,58.0,3.0,0.0,TATGGTAATTGTGTGCCAGCMGCCGCGGTAA,ATTAGAWACCCBDGTAGTCCGGCTGACTGACT,AGTTGTAGTCCG,3.0,4E,Agf38-m2,720.0,07_20,2.0,14.57142857,Month_04,group2,NA,no,yes
38-2_09_20,818.0,467.0,16.0,530.0,414.0,0.0,460.0,671.0,0.0,154.0,0.0,1.0,0.0,149.0,0.0,0.0,0.0,0.0,0.0,0.0,0.0,13.0,0.0,0.0,0.0,0.0,0.0,191.0,10.0,0.0,0.0,14.0,0.0,0.0,0.0,21.0,0.0,0.0,7.0,60.0,1.0,3.0,TATGGTAATTGTGTGCCAGCMGCCGCGGTAA,ATTAGAWACCCBDGTAGTCCGGCTGACTGACT,CGCGCAAGTATT,3.0,1B,Agf38-m2,90920.0,09_20,3.0,24.42857143,Month_06,group2,NA,no,no
38-2_09_21,423.0,50.0,88.0,290.0,72.0,0.0,119.0,2599.0,0.0,4.0,3.0,0.0,0.0,100.0,0.0,0.0,0.0,0.0,0.0,0.0,0.0,0.0,0.0,0.0,0.0,7.0,0.0,187.0,0.0,0.0,0.0,0.0,0.0,0.0,0.0,47.0,1.0,0.0,0.0,0.0,8.0,2.0,TATGGTAATTGTGTGCCAGCMGCCGCGGTAA,ATTAGAWACCCBDGTAGTCCGGCTGACTGACT,AGCGGTAGCGGT,4.0,11C,Agf38-m2,50921.0,09_21,9.0,75.0,Month_18,group2,NA,no,no
38-2_11_20,186.0,145.0,15.0,82.0,79.0,0.0,322.0,2037.0,0.0,8.0,0.0,0.0,0.0,835.0,0.0,0.0,0.0,0.0,0.0,0.0,0.0,0.0,0.0,0.0,0.0,0.0,0.0,143.0,4.0,0.0,0.0,6.0,0.0,0.0,0.0,6.0,0.0,0.0,0.0,126.0,5.0,1.0,TATGGTAATTGTGTGCCAGCMGCCGCGGTAA,ATTAGAWACCCBDGTAGTCCGGCTGACTGACT,CCATGTGGCTCC,4.0,8C,Agf38-m2,121120.0,11_20,4.0,32.57142857,Month_08,group2,NA,no,no
39-0_03_21,318.0,861.0,18.0,1110.0,75.0,1.0,384.0,620.0,0.0,12.0,2.0,3.0,0.0,181.0,0.0,0.0,0.0,0.0,0.0,0.0,0.0,20.0,0.0,0.0,0.0,0.0,0.0,270.0,59.0,0.0,5.0,6.0,0.0,0.0,0.0,0.0,2.0,0.0,0.0,52.0,0.0,1.0,TATGGTAATTGTGTGCCAGCMGCCGCGGTAA,ATTAGAWACCCBDGTAGTCCGGCTGACTGACT,CTCATATGCTAT,6.0,9D,Agf39-m0,40321.0,03_21,6.0,48.57142857,Month_12,group2,NA,no,no
39-0_06_21,416.0,531.0,7.0,584.0,500.0,2.0,147.0,1172.0,1.0,0.0,0.0,0.0,0.0,440.0,0.0,0.0,0.0,0.0,0.0,0.0,0.0,13.0,0.0,0.0,0.0,0.0,0.0,107.0,17.0,0.0,1.0,6.0,0.0,0.0,0.0,2.0,1.0,0.0,22.0,24.0,4.0,3.0,TATGGTAATTGTGTGCCAGCMGCCGCGGTAA,ATTAGAWACCCBDGTAGTCCGGCTGACTGACT,TCGTTATTCAGT,2.0,1D,Agf39-m0,270521.0,06_21,8.0,64.57142857,Month_16,group2,NA,no,no
39-0_07_20,152.0,141.0,13.0,200.0,36.0,0.0,237.0,2441.0,0.0,4.0,0.0,0.0,0.0,620.0,0.0,0.0,0.0,0.0,0.0,0.0,0.0,3.0,0.0,0.0,0.0,0.0,0.0,93.0,7.0,0.0,0.0,0.0,0.0,0.0,0.0,5.0,5.0,0.0,15.0,21.0,5.0,2.0,TATGGTAATTGTGTGCCAGCMGCCGCGGTAA,ATTAGAWACCCBDGTAGTCCGGCTGACTGACT,AATGTTCAACTT,2.0,3D,Agf39-m0,720.0,07_20,2.0,14.57142857,Month_04,group2,NA,no,yes
39-0_09_21,241.0,168.0,159.0,390.0,153.0,4.0,221.0,1831.0,0.0,0.0,2.0,0.0,0.0,362.0,0.0,0.0,0.0,0.0,0.0,0.0,0.0,2.0,0.0,0.0,4.0,0.0,0.0,355.0,9.0,0.0,0.0,0.0,0.0,0.0,0.0,0.0,4.0,0.0,81.0,13.0,1.0,0.0,TATGGTAATTGTGTGCCAGCMGCCGCGGTAA,ATTAGAWACCCBDGTAGTCCGGCTGACTGACT,CTATCTCCTGTC,3.0,12B,Agf39-m0,50921.0,09_21,9.0,75.0,Month_18,group2,NA,no,no
39-0_11_20,410.0,289.0,147.0,322.0,155.0,0.0,442.0,1724.0,0.0,4.0,0.0,0.0,0.0,80.0,0.0,0.0,0.0,0.0,0.0,0.0,0.0,4.0,0.0,0.0,0.0,0.0,0.0,322.0,5.0,0.0,3.0,4.0,0.0,0.0,0.0,21.0,7.0,0.0,0.0,42.0,4.0,15.0,TATGGTAATTGTGTGCCAGCMGCCGCGGTAA,ATTAGAWACCCBDGTAGTCCGGCTGACTGACT,TCTTCCTAAAGT,5.0,11C,Agf39-m0,121120.0,11_20,4.0,32.57142857,Month_08,group2,NA,no,no
39-1_01_21,126.0,162.0,10.0,207.0,71.0,1.0,230.0,2294.0,0.0,3.0,0.0,4.0,0.0,598.0,0.0,0.0,0.0,0.0,0.0,2.0,0.0,7.0,0.0,0.0,0.0,0.0,0.0,198.0,8.0,0.0,1.0,0.0,1.0,0.0,0.0,27.0,17.0,0.0,0.0,8.0,22.0,3.0,TATGGTAATTGTGTGCCAGCMGCCGCGGTAA,ATTAGAWACCCBDGTAGTCCGGCTGACTGACT,CGGCCAGAAGCA,3.0,6E,Agf39-m1,100121.0,01_21,5.0,41.0,Month_10,group2,18,yes,no
39-1_03_21,688.0,459.0,15.0,457.0,17.0,2.0,301.0,1002.0,0.0,46.0,0.0,0.0,0.0,709.0,0.0,0.0,0.0,0.0,0.0,2.0,0.0,6.0,0.0,0.0,0.0,0.0,0.0,208.0,30.0,0.0,0.0,8.0,0.0,0.0,0.0,11.0,21.0,0.0,0.0,11.0,2.0,5.0,TATGGTAATTGTGTGCCAGCMGCCGCGGTAA,ATTAGAWACCCBDGTAGTCCGGCTGACTGACT,TGGAGCCTTGTC,3.0,3D,Agf39-m1,40321.0,03_21,6.0,48.57142857,Month_12,group2,18,yes,no
39-1_05_21,1433.0,332.0,12.0,76.0,0.0,0.0,29.0,1576.0,0.0,98.0,3.0,0.0,0.0,45.0,0.0,0.0,0.0,0.0,0.0,0.0,0.0,21.0,0.0,0.0,0.0,0.0,0.0,122.0,39.0,0.0,3.0,4.0,0.0,0.0,0.0,0.0,50.0,0.0,0.0,8.0,29.0,120.0,TATGGTAATTGTGTGCCAGCMGCCGCGGTAA,ATTAGAWACCCBDGTAGTCCGGCTGACTGACT,ATAACGGTGTAC,5.0,12B,Agf39-m1,20521.0,05_21,7.0,53.14285714,Month_14,group2,18,yes,no
39-1_06_21,145.0,139.0,21.0,146.0,166.0,0.0,86.0,2406.0,2.0,1.0,0.0,3.0,0.0,633.0,0.0,0.0,1.0,0.0,0.0,2.0,0.0,1.0,0.0,0.0,2.0,0.0,0.0,53.0,8.0,0.0,1.0,1.0,3.0,0.0,0.0,31.0,8.0,0.0,59.0,4.0,72.0,6.0,TATGGTAATTGTGTGCCAGCMGCCGCGGTAA,ATTAGAWACCCBDGTAGTCCGGCTGACTGACT,GCAAGAATACAT,6.0,1B,Agf39-m1,270521.0,06_21,8.0,64.57142857,Month_16,group2,18,yes,no
39-1_09_21,679.0,288.0,170.0,224.0,77.0,4.0,193.0,1550.0,1.0,0.0,1.0,0.0,2.0,282.0,0.0,0.0,0.0,0.0,0.0,0.0,0.0,7.0,0.0,0.0,0.0,12.0,0.0,376.0,8.0,0.0,0.0,5.0,0.0,0.0,0.0,75.0,10.0,0.0,0.0,35.0,1.0,0.0,TATGGTAATTGTGTGCCAGCMGCCGCGGTAA,ATTAGAWACCCBDGTAGTCCGGCTGACTGACT,TATAGGCTCCGC,3.0,8H,Agf39-m1,50921.0,09_21,9.0,75.0,Month_18,group2,18,yes,no
39-1_11_20,349.0,146.0,19.0,145.0,66.0,0.0,166.0,2245.0,0.0,10.0,0.0,0.0,0.0,534.0,0.0,0.0,0.0,0.0,0.0,0.0,0.0,4.0,0.0,0.0,0.0,0.0,0.0,281.0,5.0,0.0,0.0,0.0,0.0,0.0,0.0,5.0,14.0,0.0,0.0,0.0,7.0,4.0,TATGGTAATTGTGTGCCAGCMGCCGCGGTAA,ATTAGAWACCCBDGTAGTCCGGCTGACTGACT,AATAAGCAATAG,5.0,8G,Agf39-m1,121120.0,11_20,4.0,32.57142857,Month_08,group2,18,yes,no
40-0_01_21,329.0,195.0,149.0,262.0,256.0,1.0,325.0,2019.0,0.0,7.0,0.0,0.0,0.0,87.0,0.0,0.0,0.0,0.0,0.0,0.0,0.0,6.0,0.0,0.0,0.0,0.0,0.0,305.0,14.0,0.0,5.0,24.0,0.0,0.0,0.0,8.0,1.0,0.0,0.0,0.0,3.0,4.0,TATGGTAATTGTGTGCCAGCMGCCGCGGTAA,ATTAGAWACCCBDGTAGTCCGGCTGACTGACT,TAGGAGAGACAG,6.0,4E,Agf40-m0,100121.0,01_21,5.0,40.71428571,Month_10,group2,15,yes,no
40-0_03_21,239.0,32.0,6.0,44.0,16.0,1.0,58.0,2690.0,0.0,1.0,0.0,0.0,0.0,225.0,0.0,0.0,0.0,0.0,0.0,3.0,0.0,0.0,0.0,0.0,0.0,0.0,0.0,150.0,8.0,0.0,0.0,0.0,0.0,0.0,0.0,0.0,100.0,0.0,1.0,0.0,46.0,380.0,TATGGTAATTGTGTGCCAGCMGCCGCGGTAA,ATTAGAWACCCBDGTAGTCCGGCTGACTGACT,TAAGGTCGATAA,3.0,9G,Agf40-m0,40321.0,03_21,6.0,48.28571429,Month_12,group2,15,yes,no
40-0_05_20,130.0,28.0,3.0,36.0,24.0,0.0,259.0,2352.0,0.0,0.0,0.0,0.0,0.0,519.0,0.0,0.0,0.0,0.0,0.0,2.0,0.0,1.0,0.0,0.0,0.0,0.0,0.0,163.0,7.0,0.0,0.0,3.0,0.0,0.0,0.0,0.0,5.0,0.0,0.0,0.0,8.0,460.0,TATGGTAATTGTGTGCCAGCMGCCGCGGTAA,ATTAGAWACCCBDGTAGTCCGGCTGACTGACT,GTACGTCACTGA,3.0,5F,Agf40-m0,130520.0,05_20,1.0,6.142857143,Month_02,group2,15,yes,yes
40-0_09_20,395.0,100.0,19.0,189.0,57.0,0.0,282.0,2175.0,0.0,3.0,0.0,0.0,0.0,216.0,0.0,0.0,0.0,0.0,0.0,0.0,0.0,5.0,0.0,0.0,0.0,0.0,0.0,221.0,8.0,0.0,0.0,6.0,0.0,0.0,0.0,0.0,7.0,0.0,1.0,10.0,23.0,283.0,TATGGTAATTGTGTGCCAGCMGCCGCGGTAA,ATTAGAWACCCBDGTAGTCCGGCTGACTGACT,TTATACGTTGTA,6.0,3F,Agf40-m0,90920.0,09_20,3.0,24.14285714,Month_06,group2,15,yes,no
40-0_11_20,363.0,325.0,15.0,298.0,270.0,0.0,231.0,1875.0,0.0,0.0,2.0,0.0,0.0,514.0,0.0,0.0,0.0,0.0,0.0,2.0,0.0,2.0,0.0,0.0,0.0,0.0,0.0,69.0,24.0,0.0,0.0,0.0,0.0,0.0,0.0,0.0,8.0,0.0,0.0,0.0,2.0,0.0,TATGGTAATTGTGTGCCAGCMGCCGCGGTAA,ATTAGAWACCCBDGTAGTCCGGCTGACTGACT,GTCGCTTGCACA,3.0,11A,Agf40-m0,121120.0,11_20,4.0,32.28571429,Month_08,group2,15,yes,no
40-1_01_21,389.0,67.0,50.0,70.0,51.0,3.0,83.0,2619.0,0.0,4.0,0.0,6.0,0.0,311.0,0.0,0.0,0.0,0.0,0.0,14.0,0.0,2.0,0.0,0.0,0.0,1.0,0.0,209.0,4.0,0.0,0.0,2.0,0.0,0.0,0.0,14.0,17.0,0.0,0.0,0.0,69.0,15.0,TATGGTAATTGTGTGCCAGCMGCCGCGGTAA,ATTAGAWACCCBDGTAGTCCGGCTGACTGACT,TACTTAAACATC,6.0,7H,Agf40-m1,100121.0,01_21,5.0,40.71428571,Month_10,group2,NA,no,no
40-1_03_21,89.0,215.0,3.0,160.0,87.0,0.0,239.0,2153.0,0.0,0.0,0.0,3.0,0.0,610.0,0.0,0.0,0.0,0.0,0.0,2.0,0.0,8.0,0.0,0.0,0.0,0.0,0.0,374.0,10.0,0.0,4.0,3.0,0.0,0.0,0.0,4.0,23.0,0.0,0.0,0.0,11.0,2.0,TATGGTAATTGTGTGCCAGCMGCCGCGGTAA,ATTAGAWACCCBDGTAGTCCGGCTGACTGACT,GAAGTAGCGAGC,3.0,8D,Agf40-m1,40321.0,03_21,6.0,48.28571429,Month_12,group2,NA,no,no
40-1_05_20,123.0,34.0,24.0,24.0,11.0,0.0,245.0,2122.0,0.0,0.0,0.0,0.0,2.0,693.0,0.0,0.0,0.0,0.0,0.0,0.0,0.0,0.0,0.0,0.0,0.0,0.0,0.0,192.0,0.0,0.0,1.0,2.0,0.0,0.0,0.0,0.0,11.0,0.0,0.0,0.0,3.0,513.0,TATGGTAATTGTGTGCCAGCMGCCGCGGTAA,ATTAGAWACCCBDGTAGTCCGGCTGACTGACT,GTCCTACACAGC,4.0,2B,Agf40-m1,130520.0,05_20,1.0,6.142857143,Month_02,group2,NA,no,yes
40-1_05_21,336.0,261.0,1.0,252.0,42.0,0.0,129.0,2376.0,1.0,1.0,1.0,1.0,0.0,317.0,0.0,0.0,0.0,0.0,0.0,2.0,0.0,6.0,0.0,0.0,0.0,0.0,0.0,204.0,12.0,0.0,0.0,4.0,0.0,0.0,0.0,5.0,9.0,0.0,0.0,3.0,23.0,14.0,TATGGTAATTGTGTGCCAGCMGCCGCGGTAA,ATTAGAWACCCBDGTAGTCCGGCTGACTGACT,TAGCAGTTGCGT,2.0,12D,Agf40-m1,20521.0,05_21,7.0,52.85714286,Month_14,group2,NA,no,no
40-1_06_21,144.0,364.0,8.0,412.0,176.0,0.0,191.0,2257.0,0.0,3.0,2.0,0.0,0.0,116.0,0.0,0.0,0.0,0.0,0.0,0.0,0.0,12.0,0.0,0.0,0.0,0.0,0.0,236.0,25.0,0.0,0.0,1.0,0.0,0.0,0.0,8.0,12.0,0.0,0.0,0.0,30.0,3.0,TATGGTAATTGTGTGCCAGCMGCCGCGGTAA,ATTAGAWACCCBDGTAGTCCGGCTGACTGACT,CAATGTAGACAC,3.0,6A,Agf40-m1,270521.0,06_21,8.0,64.28571429,Month_16,group2,NA,no,no
40-1_07_20,422.0,96.0,41.0,134.0,42.0,0.0,269.0,1291.0,0.0,9.0,0.0,0.0,5.0,1279.0,0.0,0.0,0.0,0.0,0.0,0.0,0.0,4.0,0.0,0.0,0.0,0.0,0.0,221.0,4.0,0.0,0.0,5.0,0.0,0.0,0.0,0.0,6.0,0.0,0.0,0.0,3.0,169.0,TATGGTAATTGTGTGCCAGCMGCCGCGGTAA,ATTAGAWACCCBDGTAGTCCGGCTGACTGACT,CTAATCAGAGTG,2.0,8D,Agf40-m1,720.0,07_20,2.0,14.28571429,Month_04,group2,NA,no,no
40-1_09_20,1142.0,274.0,12.0,165.0,170.0,1.0,111.0,1236.0,0.0,1.0,2.0,0.0,0.0,499.0,0.0,0.0,0.0,0.0,0.0,3.0,0.0,13.0,0.0,0.0,0.0,0.0,0.0,297.0,9.0,0.0,0.0,7.0,0.0,0.0,0.0,0.0,19.0,0.0,37.0,0.0,2.0,0.0,TATGGTAATTGTGTGCCAGCMGCCGCGGTAA,ATTAGAWACCCBDGTAGTCCGGCTGACTGACT,GAATGCGTATAA,6.0,12F,Agf40-m1,90920.0,09_20,3.0,24.14285714,Month_06,group2,NA,no,no
40-1_09_21,156.0,292.0,6.0,149.0,102.0,3.0,121.0,1412.0,0.0,8.0,1.0,2.0,9.0,981.0,0.0,0.0,0.0,0.0,0.0,8.0,0.0,3.0,0.0,0.0,0.0,0.0,0.0,228.0,4.0,0.0,3.0,60.0,0.0,0.0,0.0,7.0,169.0,0.0,0.0,24.0,13.0,239.0,TATGGTAATTGTGTGCCAGCMGCCGCGGTAA,ATTAGAWACCCBDGTAGTCCGGCTGACTGACT,TTGCACCGTCGA,4.0,3A,Agf40-m1,50921.0,09_21,9.0,74.71428571,Month_18,group2,NA,no,no
40-1_11_20,231.0,248.0,3.0,156.0,108.0,0.0,140.0,2295.0,0.0,0.0,0.0,0.0,0.0,634.0,0.0,0.0,0.0,0.0,0.0,0.0,0.0,20.0,0.0,0.0,0.0,0.0,0.0,83.0,12.0,0.0,0.0,39.0,0.0,0.0,0.0,0.0,21.0,0.0,0.0,0.0,7.0,3.0,TATGGTAATTGTGTGCCAGCMGCCGCGGTAA,ATTAGAWACCCBDGTAGTCCGGCTGACTGACT,GTGTCGAGGGCA,3.0,10D,Agf40-m1,121120.0,11_20,4.0,32.28571429,Month_08,group2,NA,no,no
40-2_03_21,181.0,177.0,12.0,524.0,58.0,0.0,280.0,1403.0,0.0,58.0,0.0,0.0,0.0,969.0,0.0,0.0,0.0,0.0,0.0,4.0,0.0,3.0,0.0,0.0,0.0,0.0,0.0,259.0,9.0,0.0,0.0,9.0,0.0,0.0,0.0,9.0,23.0,0.0,0.0,0.0,2.0,20.0,TATGGTAATTGTGTGCCAGCMGCCGCGGTAA,ATTAGAWACCCBDGTAGTCCGGCTGACTGACT,ACGGTACCCTAC,2.0,6A,Agf40-m2,40321.0,03_21,6.0,48.28571429,Month_12,group2,NA,no,no
40-2_05_20,399.0,53.0,10.0,90.0,23.0,0.0,256.0,2042.0,0.0,0.0,0.0,0.0,0.0,455.0,0.0,0.0,0.0,0.0,0.0,2.0,0.0,4.0,0.0,0.0,0.0,0.0,0.0,164.0,4.0,0.0,0.0,2.0,0.0,0.0,0.0,0.0,2.0,0.0,3.0,0.0,13.0,478.0,TATGGTAATTGTGTGCCAGCMGCCGCGGTAA,ATTAGAWACCCBDGTAGTCCGGCTGACTGACT,AGCACCGGTCTT,6.0,3H,Agf40-m2,130520.0,05_20,1.0,6.142857143,Month_02,group2,NA,no,yes
40-2_05_21,295.0,195.0,9.0,336.0,61.0,3.0,139.0,1856.0,0.0,4.0,0.0,0.0,0.0,774.0,0.0,0.0,0.0,0.0,0.0,1.0,0.0,1.0,0.0,0.0,0.0,0.0,0.0,262.0,14.0,0.0,0.0,3.0,0.0,0.0,0.0,5.0,10.0,0.0,0.0,0.0,6.0,26.0,TATGGTAATTGTGTGCCAGCMGCCGCGGTAA,ATTAGAWACCCBDGTAGTCCGGCTGACTGACT,CAATCATAGGTG,2.0,3E,Agf40-m2,20521.0,05_21,7.0,52.85714286,Month_14,group2,NA,no,no
40-2_06_21,96.0,90.0,28.0,80.0,31.0,1.0,159.0,2604.0,0.0,5.0,0.0,0.0,8.0,667.0,0.0,0.0,0.0,0.0,0.0,1.0,0.0,1.0,0.0,0.0,0.0,0.0,0.0,105.0,3.0,0.0,1.0,0.0,0.0,0.0,0.0,5.0,25.0,0.0,0.0,66.0,18.0,6.0,TATGGTAATTGTGTGCCAGCMGCCGCGGTAA,ATTAGAWACCCBDGTAGTCCGGCTGACTGACT,GATCCCACGTAC,4.0,10B,Agf40-m2,270521.0,06_21,8.0,64.28571429,Month_16,group2,NA,no,no
40-2_07_20,66.0,7.0,8.0,14.0,3.0,0.0,89.0,2441.0,0.0,0.0,0.0,0.0,0.0,202.0,0.0,0.0,0.0,0.0,0.0,0.0,0.0,0.0,0.0,0.0,0.0,0.0,0.0,101.0,0.0,0.0,0.0,0.0,0.0,0.0,0.0,0.0,12.0,0.0,0.0,0.0,11.0,1046.0,TATGGTAATTGTGTGCCAGCMGCCGCGGTAA,ATTAGAWACCCBDGTAGTCCGGCTGACTGACT,GCATCGTCTGGT,7.0,10H,Agf40-m2,720.0,07_20,2.0,14.28571429,Month_04,group2,NA,no,yes
40-2_09_20,114.0,10.0,6.0,18.0,12.0,0.0,155.0,2666.0,0.0,0.0,0.0,0.0,0.0,440.0,0.0,0.0,0.0,0.0,0.0,0.0,0.0,3.0,0.0,0.0,0.0,0.0,0.0,122.0,0.0,0.0,0.0,0.0,0.0,0.0,0.0,0.0,29.0,0.0,5.0,0.0,24.0,396.0,TATGGTAATTGTGTGCCAGCMGCCGCGGTAA,ATTAGAWACCCBDGTAGTCCGGCTGACTGACT,CAAACGCACTAA,1.0,6F,Agf40-m2,90920.0,09_20,3.0,24.14285714,Month_06,group2,NA,no,no
40-2_11_20,43.0,88.0,83.0,104.0,80.0,2.0,288.0,2728.0,0.0,1.0,0.0,0.0,0.0,359.0,0.0,0.0,0.0,0.0,0.0,5.0,0.0,4.0,0.0,0.0,0.0,0.0,0.0,144.0,5.0,0.0,0.0,14.0,0.0,0.0,0.0,16.0,16.0,0.0,0.0,2.0,2.0,16.0,TATGGTAATTGTGTGCCAGCMGCCGCGGTAA,ATTAGAWACCCBDGTAGTCCGGCTGACTGACT,GAGAGTCCACTT,6.0,3A,Agf40-m2,121120.0,11_20,4.0,32.28571429,Month_08,group2,NA,no,no
41-0_03_21,834.0,292.0,18.0,240.0,99.0,0.0,91.0,1511.0,0.0,0.0,0.0,2.0,0.0,435.0,0.0,0.0,0.0,0.0,0.0,0.0,0.0,5.0,0.0,0.0,0.0,0.0,0.0,323.0,9.0,0.0,4.0,5.0,0.0,0.0,0.0,8.0,6.0,0.0,0.0,2.0,13.0,103.0,TATGGTAATTGTGTGCCAGCMGCCGCGGTAA,ATTAGAWACCCBDGTAGTCCGGCTGACTGACT,TGAACCCTATGG,5.0,8F,Agf41-m0,40321.0,03_21,6.0,48.28571429,Month_12,group2,NA,no,no
41-0_05_20,1354.0,188.0,12.0,203.0,119.0,0.0,343.0,1007.0,0.0,6.0,0.0,0.0,0.0,453.0,0.0,0.0,0.0,0.0,0.0,0.0,0.0,10.0,0.0,0.0,0.0,0.0,0.0,233.0,22.0,0.0,0.0,0.0,0.0,0.0,0.0,0.0,5.0,0.0,8.0,0.0,1.0,36.0,TATGGTAATTGTGTGCCAGCMGCCGCGGTAA,ATTAGAWACCCBDGTAGTCCGGCTGACTGACT,CCGCGTCTCAAC,3.0,6B,Agf41-m0,130520.0,05_20,1.0,6.142857143,Month_02,group2,NA,no,yes
41-0_05_21,187.0,38.0,93.0,63.0,8.0,0.0,36.0,3213.0,0.0,0.0,0.0,0.0,0.0,173.0,0.0,0.0,0.0,0.0,0.0,0.0,0.0,1.0,0.0,0.0,0.0,1.0,0.0,124.0,0.0,0.0,4.0,0.0,0.0,0.0,0.0,2.0,3.0,0.0,0.0,0.0,54.0,0.0,TATGGTAATTGTGTGCCAGCMGCCGCGGTAA,ATTAGAWACCCBDGTAGTCCGGCTGACTGACT,AGATGTCCGTCA,2.0,12C,Agf41-m0,20521.0,05_21,7.0,52.85714286,Month_14,group2,NA,no,no
41-0_06_21,151.0,213.0,45.0,220.0,147.0,1.0,183.0,2690.0,3.0,10.0,0.0,1.0,0.0,107.0,0.0,0.0,0.0,0.0,0.0,0.0,0.0,3.0,0.0,0.0,0.0,4.0,0.0,152.0,9.0,0.0,0.0,0.0,0.0,0.0,0.0,23.0,8.0,0.0,0.0,0.0,27.0,3.0,TATGGTAATTGTGTGCCAGCMGCCGCGGTAA,ATTAGAWACCCBDGTAGTCCGGCTGACTGACT,AGCGATTCCTCG,4.0,9E,Agf41-m0,270521.0,06_21,8.0,64.28571429,Month_16,group2,NA,no,no
41-0_07_20,1723.0,267.0,34.0,316.0,143.0,0.0,317.0,550.0,0.0,0.0,0.0,0.0,0.0,83.0,0.0,0.0,0.0,0.0,0.0,0.0,0.0,10.0,0.0,0.0,0.0,0.0,0.0,527.0,15.0,0.0,0.0,5.0,0.0,0.0,0.0,0.0,0.0,0.0,3.0,0.0,3.0,4.0,TATGGTAATTGTGTGCCAGCMGCCGCGGTAA,ATTAGAWACCCBDGTAGTCCGGCTGACTGACT,CCACTCTCTCTA,6.0,6E,Agf41-m0,720.0,07_20,2.0,14.28571429,Month_04,group2,NA,no,yes
41-0_09_20,425.0,85.0,13.0,52.0,57.0,0.0,128.0,2327.0,0.0,13.0,0.0,5.0,0.0,387.0,0.0,0.0,0.0,0.0,0.0,0.0,0.0,1.0,0.0,0.0,0.0,0.0,0.0,383.0,3.0,0.0,2.0,4.0,0.0,0.0,0.0,0.0,6.0,0.0,50.0,2.0,25.0,32.0,TATGGTAATTGTGTGCCAGCMGCCGCGGTAA,ATTAGAWACCCBDGTAGTCCGGCTGACTGACT,ACATAGCGGTTC,5.0,9A,Agf41-m0,90920.0,09_20,3.0,24.14285714,Month_06,group2,NA,no,no
41-0_11_20,1900.0,214.0,15.0,248.0,157.0,0.0,39.0,1183.0,0.0,0.0,0.0,0.0,0.0,57.0,0.0,0.0,0.0,0.0,0.0,0.0,0.0,4.0,0.0,0.0,4.0,0.0,0.0,153.0,12.0,0.0,0.0,0.0,0.0,0.0,0.0,0.0,1.0,0.0,0.0,0.0,12.0,1.0,TATGGTAATTGTGTGCCAGCMGCCGCGGTAA,ATTAGAWACCCBDGTAGTCCGGCTGACTGACT,GGTAATAGAGTT,6.0,2B,Agf41-m0,121120.0,11_20,4.0,32.28571429,Month_08,group2,NA,no,no
41-1_01_21,180.0,579.0,6.0,283.0,412.0,3.0,97.0,1665.0,0.0,10.0,0.0,0.0,0.0,293.0,0.0,0.0,0.0,0.0,0.0,0.0,0.0,25.0,0.0,0.0,0.0,0.0,0.0,261.0,21.0,0.0,2.0,17.0,0.0,0.0,0.0,19.0,27.0,0.0,0.0,0.0,9.0,91.0,TATGGTAATTGTGTGCCAGCMGCCGCGGTAA,ATTAGAWACCCBDGTAGTCCGGCTGACTGACT,ATTTGAAGAGGT,6.0,10A,Agf41-m1,100121.0,01_21,5.0,40.71428571,Month_10,group2,16,yes,no
41-1_03_21,978.0,113.0,18.0,97.0,96.0,0.0,156.0,1382.0,0.0,0.0,0.0,0.0,0.0,618.0,0.0,0.0,0.0,0.0,0.0,0.0,0.0,4.0,0.0,0.0,0.0,3.0,0.0,161.0,3.0,0.0,0.0,14.0,0.0,0.0,0.0,7.0,23.0,0.0,0.0,0.0,12.0,315.0,TATGGTAATTGTGTGCCAGCMGCCGCGGTAA,ATTAGAWACCCBDGTAGTCCGGCTGACTGACT,AGACAGTAGGAG,6.0,8G,Agf41-m1,40321.0,03_21,6.0,48.28571429,Month_12,group2,16,yes,no
41-1_05_20,590.0,109.0,33.0,111.0,70.0,1.0,418.0,1453.0,0.0,0.0,0.0,0.0,0.0,783.0,6.0,0.0,0.0,0.0,0.0,0.0,0.0,1.0,0.0,0.0,0.0,0.0,0.0,299.0,4.0,0.0,0.0,23.0,0.0,0.0,0.0,0.0,5.0,0.0,7.0,0.0,4.0,83.0,TATGGTAATTGTGTGCCAGCMGCCGCGGTAA,ATTAGAWACCCBDGTAGTCCGGCTGACTGACT,TCACTGCTAGGA,7.0,1D,Agf41-m1,130520.0,05_20,1.0,6.142857143,Month_02,group2,16,yes,yes
41-1_05_21,149.0,206.0,80.0,127.0,15.0,0.0,138.0,2638.0,0.0,3.0,0.0,4.0,0.0,411.0,0.0,0.0,0.0,0.0,0.0,0.0,0.0,0.0,0.0,0.0,0.0,3.0,0.0,136.0,6.0,0.0,0.0,15.0,0.0,0.0,0.0,19.0,34.0,0.0,0.0,0.0,11.0,5.0,TATGGTAATTGTGTGCCAGCMGCCGCGGTAA,ATTAGAWACCCBDGTAGTCCGGCTGACTGACT,ATGTTCCTCATC,5.0,4C,Agf41-m1,20521.0,05_21,7.0,52.85714286,Month_14,group2,16,yes,no
41-1_09_20,94.0,119.0,10.0,119.0,45.0,0.0,96.0,2899.0,3.0,3.0,2.0,0.0,0.0,480.0,0.0,0.0,0.0,0.0,0.0,0.0,0.0,0.0,0.0,0.0,3.0,0.0,0.0,39.0,2.0,0.0,0.0,10.0,0.0,0.0,0.0,12.0,9.0,0.0,33.0,2.0,15.0,5.0,TATGGTAATTGTGTGCCAGCMGCCGCGGTAA,ATTAGAWACCCBDGTAGTCCGGCTGACTGACT,GCCAAGGATAGG,6.0,5F,Agf41-m1,90920.0,09_20,3.0,24.14285714,Month_06,group2,16,yes,no
41-1_11_20,186.0,571.0,12.0,512.0,320.0,0.0,351.0,1343.0,0.0,3.0,1.0,0.0,0.0,241.0,0.0,0.0,0.0,0.0,0.0,0.0,0.0,8.0,0.0,0.0,0.0,0.0,0.0,374.0,27.0,0.0,0.0,9.0,0.0,0.0,0.0,35.0,5.0,0.0,0.0,0.0,0.0,2.0,TATGGTAATTGTGTGCCAGCMGCCGCGGTAA,ATTAGAWACCCBDGTAGTCCGGCTGACTGACT,GCCTCTACGTCG,1.0,10A,Agf41-m1,121120.0,11_20,4.0,32.28571429,Month_08,group2,16,yes,no
42-1_03_21,1750.0,280.0,0.0,355.0,284.0,0.0,158.0,627.0,0.0,6.0,0.0,10.0,0.0,139.0,0.0,0.0,0.0,0.0,0.0,0.0,0.0,10.0,0.0,0.0,0.0,2.0,0.0,351.0,14.0,0.0,0.0,7.0,0.0,0.0,0.0,0.0,0.0,0.0,0.0,0.0,4.0,3.0,TATGGTAATTGTGTGCCAGCMGCCGCGGTAA,ATTAGAWACCCBDGTAGTCCGGCTGACTGACT,ACGCGAACTAAT,7.0,2H,Agf42-m1,40321.0,03_21,6.0,49.14285714,Month_12,group2,4,yes,no
42-1_05_21,143.0,112.0,19.0,102.0,72.0,1.0,139.0,2816.0,0.0,7.0,0.0,7.0,0.0,324.0,0.0,0.0,0.0,0.0,0.0,0.0,0.0,1.0,0.0,0.0,0.0,16.0,0.0,117.0,8.0,0.0,0.0,4.0,0.0,0.0,0.0,21.0,3.0,0.0,50.0,0.0,37.0,1.0,TATGGTAATTGTGTGCCAGCMGCCGCGGTAA,ATTAGAWACCCBDGTAGTCCGGCTGACTGACT,TTGGACGTCCAC,5.0,9F,Agf42-m1,20521.0,05_21,7.0,53.71428571,Month_14,group2,4,yes,no
42-1_06_21,304.0,227.0,1.0,195.0,59.0,0.0,64.0,2916.0,0.0,12.0,0.0,0.0,0.0,27.0,0.0,0.0,0.0,0.0,0.0,0.0,0.0,10.0,0.0,0.0,0.0,0.0,0.0,69.0,11.0,0.0,1.0,7.0,0.0,0.0,0.0,13.0,9.0,0.0,7.0,13.0,51.0,4.0,TATGGTAATTGTGTGCCAGCMGCCGCGGTAA,ATTAGAWACCCBDGTAGTCCGGCTGACTGACT,ACCTCAGTCAAG,2.0,12G,Agf42-m1,270521.0,06_21,8.0,65.14285714,Month_16,group2,4,yes,no
42-1_07_20,81.0,230.0,19.0,364.0,245.0,2.0,228.0,1475.0,0.0,8.0,0.0,0.0,0.0,973.0,0.0,0.0,0.0,0.0,0.0,0.0,0.0,8.0,0.0,0.0,0.0,0.0,0.0,102.0,5.0,0.0,0.0,6.0,0.0,0.0,0.0,0.0,14.0,0.0,18.0,0.0,0.0,222.0,TATGGTAATTGTGTGCCAGCMGCCGCGGTAA,ATTAGAWACCCBDGTAGTCCGGCTGACTGACT,GTGCGAGGACAA,6.0,8H,Agf42-m1,720.0,07_20,2.0,15.14285714,Month_04,group2,4,yes,no
42-1_09_20,133.0,26.0,16.0,38.0,56.0,0.0,177.0,3164.0,0.0,1.0,0.0,2.0,0.0,11.0,0.0,0.0,0.0,0.0,0.0,0.0,0.0,0.0,0.0,0.0,0.0,0.0,0.0,256.0,3.0,0.0,0.0,2.0,0.0,0.0,0.0,1.0,13.0,0.0,24.0,0.0,54.0,23.0,TATGGTAATTGTGTGCCAGCMGCCGCGGTAA,ATTAGAWACCCBDGTAGTCCGGCTGACTGACT,AGAGCCAAGAGC,1.0,12F,Agf42-m1,90920.0,09_20,3.0,25.0,Month_06,group2,4,yes,no
42-1_11_20,735.0,173.0,4.0,193.0,127.0,0.0,101.0,2101.0,0.0,0.0,1.0,5.0,0.0,139.0,0.0,0.0,0.0,0.0,0.0,0.0,0.0,18.0,0.0,0.0,0.0,0.0,0.0,335.0,14.0,0.0,0.0,1.0,0.0,0.0,0.0,0.0,0.0,0.0,14.0,0.0,37.0,2.0,TATGGTAATTGTGTGCCAGCMGCCGCGGTAA,ATTAGAWACCCBDGTAGTCCGGCTGACTGACT,TATCCAAGCGCA,1.0,11F,Agf42-m1,121120.0,11_20,4.0,33.14285714,Month_08,group2,4,yes,no
43-0_01_21,472.0,134.0,4.0,135.0,68.0,3.0,210.0,2240.0,0.0,10.0,1.0,2.0,0.0,89.0,0.0,0.0,0.0,0.0,0.0,0.0,0.0,3.0,0.0,0.0,0.0,4.0,0.0,278.0,3.0,0.0,0.0,8.0,0.0,0.0,0.0,43.0,22.0,0.0,249.0,0.0,21.0,1.0,TATGGTAATTGTGTGCCAGCMGCCGCGGTAA,ATTAGAWACCCBDGTAGTCCGGCTGACTGACT,GTTGATACGATG,1.0,7E,Agf43-m0,100121.0,01_21,5.0,41.57142857,Month_10,group2,NA,no,no
43-0_03_21,192.0,142.0,9.0,71.0,95.0,0.0,324.0,2808.0,0.0,67.0,0.0,5.0,0.0,0.0,0.0,0.0,0.0,0.0,0.0,0.0,0.0,0.0,0.0,0.0,0.0,3.0,0.0,174.0,7.0,0.0,0.0,21.0,0.0,0.0,0.0,34.0,2.0,0.0,37.0,0.0,6.0,3.0,TATGGTAATTGTGTGCCAGCMGCCGCGGTAA,ATTAGAWACCCBDGTAGTCCGGCTGACTGACT,GTTCTAAGGTGA,2.0,9H,Agf43-m0,40321.0,03_21,6.0,49.14285714,Month_12,group2,NA,no,no
43-0_05_20,57.0,17.0,22.0,14.0,10.0,0.0,64.0,2386.0,0.0,0.0,0.0,0.0,0.0,28.0,0.0,0.0,0.0,0.0,0.0,0.0,0.0,2.0,0.0,0.0,0.0,0.0,0.0,117.0,0.0,0.0,0.0,1.0,0.0,0.0,0.0,0.0,6.0,0.0,0.0,0.0,4.0,1272.0,TATGGTAATTGTGTGCCAGCMGCCGCGGTAA,ATTAGAWACCCBDGTAGTCCGGCTGACTGACT,CACGCTATTGGA,5.0,5H,Agf43-m0,130520.0,05_20,1.0,7.0,Month_02,group2,NA,no,yes
43-0_06_21,162.0,95.0,6.0,109.0,93.0,0.0,258.0,2702.0,11.0,0.0,0.0,1.0,3.0,73.0,0.0,0.0,0.0,0.0,0.0,0.0,0.0,0.0,0.0,0.0,0.0,0.0,0.0,175.0,6.0,0.0,1.0,5.0,0.0,0.0,0.0,30.0,12.0,0.0,17.0,0.0,52.0,189.0,TATGGTAATTGTGTGCCAGCMGCCGCGGTAA,ATTAGAWACCCBDGTAGTCCGGCTGACTGACT,ATGACTAAGATG,2.0,10H,Agf43-m0,270521.0,06_21,8.0,65.14285714,Month_16,group2,NA,no,no
43-0_07_20,116.0,56.0,53.0,81.0,36.0,0.0,237.0,2832.0,0.0,8.0,0.0,3.0,0.0,23.0,0.0,0.0,0.0,0.0,0.0,0.0,0.0,2.0,0.0,0.0,0.0,0.0,0.0,78.0,3.0,0.0,0.0,9.0,0.0,0.0,0.0,2.0,3.0,0.0,10.0,0.0,19.0,429.0,TATGGTAATTGTGTGCCAGCMGCCGCGGTAA,ATTAGAWACCCBDGTAGTCCGGCTGACTGACT,AGACACCAATGT,6.0,8C,Agf43-m0,720.0,07_20,2.0,15.14285714,Month_04,group2,NA,no,yes
43-0_09_21,805.0,245.0,30.0,659.0,356.0,0.0,178.0,1324.0,6.0,13.0,6.0,1.0,0.0,2.0,0.0,0.0,0.0,0.0,0.0,0.0,0.0,15.0,0.0,0.0,0.0,11.0,0.0,240.0,18.0,3.0,0.0,0.0,0.0,0.0,0.0,32.0,2.0,0.0,33.0,8.0,3.0,10.0,TATGGTAATTGTGTGCCAGCMGCCGCGGTAA,ATTAGAWACCCBDGTAGTCCGGCTGACTGACT,TGGTGTTTATAT,5.0,10C,Agf43-m0,50921.0,09_21,9.0,75.57142857,Month_18,group2,NA,no,no
43-0_11_20,907.0,476.0,9.0,429.0,324.0,0.0,404.0,887.0,0.0,23.0,0.0,0.0,0.0,11.0,0.0,0.0,0.0,0.0,0.0,0.0,0.0,20.0,0.0,0.0,0.0,1.0,0.0,288.0,30.0,0.0,3.0,79.0,0.0,0.0,0.0,14.0,0.0,0.0,15.0,0.0,1.0,79.0,TATGGTAATTGTGTGCCAGCMGCCGCGGTAA,ATTAGAWACCCBDGTAGTCCGGCTGACTGACT,ACATGATATTCT,2.0,10C,Agf43-m0,121120.0,11_20,4.0,33.14285714,Month_08,group2,NA,no,no
43-1_01_21,296.0,102.0,3.0,257.0,40.0,0.0,136.0,2700.0,0.0,17.0,0.0,0.0,0.0,13.0,0.0,0.0,0.0,0.0,0.0,0.0,0.0,4.0,0.0,0.0,0.0,0.0,0.0,123.0,5.0,0.0,0.0,4.0,0.0,0.0,0.0,3.0,78.0,0.0,140.0,0.0,9.0,70.0,TATGGTAATTGTGTGCCAGCMGCCGCGGTAA,ATTAGAWACCCBDGTAGTCCGGCTGACTGACT,CTGGTCTTACGG,5.0,7E,Agf43-m1,100121.0,01_21,5.0,41.57142857,Month_10,group2,NA,no,no
43-1_05_21,1037.0,584.0,8.0,631.0,487.0,0.0,123.0,840.0,0.0,3.0,0.0,1.0,9.0,0.0,0.0,0.0,0.0,0.0,2.0,0.0,0.0,12.0,0.0,0.0,0.0,2.0,0.0,178.0,18.0,0.0,0.0,18.0,0.0,0.0,0.0,16.0,4.0,0.0,21.0,0.0,6.0,0.0,TATGGTAATTGTGTGCCAGCMGCCGCGGTAA,ATTAGAWACCCBDGTAGTCCGGCTGACTGACT,CAATAGAATAAG,5.0,8A,Agf43-m1,20521.0,05_21,7.0,53.71428571,Month_14,group2,NA,no,no
43-1_06_21,592.0,281.0,13.0,326.0,133.0,0.0,332.0,1684.0,2.0,12.0,0.0,2.0,0.0,5.0,0.0,0.0,0.0,0.0,0.0,0.0,0.0,9.0,0.0,0.0,1.0,2.0,0.0,470.0,20.0,0.0,2.0,7.0,0.0,0.0,0.0,23.0,18.0,0.0,48.0,0.0,9.0,9.0,TATGGTAATTGTGTGCCAGCMGCCGCGGTAA,ATTAGAWACCCBDGTAGTCCGGCTGACTGACT,CGGTGACCTACT,1.0,8C,Agf43-m1,270521.0,06_21,8.0,65.14285714,Month_16,group2,NA,no,no
43-1_07_20,378.0,219.0,31.0,304.0,81.0,4.0,463.0,1208.0,0.0,21.0,0.0,0.0,0.0,494.0,0.0,0.0,0.0,0.0,0.0,0.0,0.0,2.0,0.0,0.0,0.0,0.0,0.0,217.0,7.0,0.0,4.0,17.0,0.0,0.0,0.0,4.0,12.0,0.0,63.0,0.0,2.0,469.0,TATGGTAATTGTGTGCCAGCMGCCGCGGTAA,ATTAGAWACCCBDGTAGTCCGGCTGACTGACT,CGGATCTAGTGT,5.0,12A,Agf43-m1,720.0,07_20,2.0,15.14285714,Month_04,group2,NA,no,yes
44-0_01_21,295.0,30.0,50.0,54.0,31.0,0.0,61.0,2637.0,0.0,0.0,0.0,3.0,0.0,337.0,0.0,0.0,0.0,0.0,0.0,0.0,0.0,1.0,0.0,0.0,0.0,0.0,0.0,163.0,0.0,0.0,0.0,0.0,0.0,0.0,0.0,24.0,27.0,0.0,0.0,0.0,70.0,217.0,TATGGTAATTGTGTGCCAGCMGCCGCGGTAA,ATTAGAWACCCBDGTAGTCCGGCTGACTGACT,CTATGTATTAGT,1.0,1H,Agf44-m0,100121.0,01_21,5.0,41.42857143,Month_10,group2,NA,no,no
44-0_03_21,221.0,529.0,5.0,867.0,104.0,2.0,283.0,1304.0,0.0,6.0,0.0,0.0,0.0,311.0,0.0,0.0,0.0,0.0,0.0,0.0,0.0,14.0,0.0,0.0,0.0,0.0,0.0,271.0,22.0,0.0,0.0,11.0,0.0,0.0,0.0,13.0,12.0,0.0,0.0,0.0,15.0,10.0,TATGGTAATTGTGTGCCAGCMGCCGCGGTAA,ATTAGAWACCCBDGTAGTCCGGCTGACTGACT,CTTCCAACTCAT,5.0,5B,Agf44-m0,40321.0,03_21,6.0,49.0,Month_12,group2,NA,no,no
44-0_05_20,165.0,88.0,3.0,61.0,46.0,0.0,181.0,2083.0,0.0,5.0,0.0,0.0,0.0,769.0,0.0,0.0,0.0,0.0,0.0,0.0,0.0,4.0,0.0,0.0,0.0,0.0,0.0,214.0,2.0,0.0,0.0,0.0,0.0,0.0,0.0,0.0,7.0,0.0,0.0,0.0,17.0,355.0,TATGGTAATTGTGTGCCAGCMGCCGCGGTAA,ATTAGAWACCCBDGTAGTCCGGCTGACTGACT,GAACCGTGCAGG,3.0,2E,Agf44-m0,130520.0,05_20,1.0,6.857142857,Month_02,group2,NA,no,yes
44-0_05_21,264.0,318.0,24.0,232.0,73.0,0.0,239.0,2229.0,0.0,12.0,3.0,2.0,0.0,319.0,2.0,0.0,0.0,0.0,0.0,0.0,0.0,6.0,0.0,0.0,0.0,0.0,0.0,200.0,18.0,0.0,0.0,9.0,23.0,0.0,0.0,4.0,7.0,0.0,0.0,0.0,16.0,0.0,TATGGTAATTGTGTGCCAGCMGCCGCGGTAA,ATTAGAWACCCBDGTAGTCCGGCTGACTGACT,TCCTAGGTCCGA,6.0,10C,Agf44-m0,20521.0,05_21,7.0,53.57142857,Month_14,group2,NA,no,no
44-0_06_21,862.0,483.0,69.0,867.0,159.0,0.0,345.0,761.0,0.0,36.0,0.0,0.0,0.0,90.0,0.0,0.0,0.0,0.0,0.0,0.0,0.0,12.0,0.0,0.0,0.0,0.0,0.0,229.0,29.0,0.0,0.0,1.0,0.0,0.0,0.0,51.0,5.0,0.0,0.0,0.0,1.0,0.0,TATGGTAATTGTGTGCCAGCMGCCGCGGTAA,ATTAGAWACCCBDGTAGTCCGGCTGACTGACT,AATTTAGGTAGG,1.0,8A,Agf44-m0,270521.0,06_21,8.0,65.0,Month_16,group2,NA,no,no
44-0_11_20,257.0,307.0,26.0,288.0,69.0,2.0,357.0,1751.0,0.0,3.0,0.0,1.0,0.0,503.0,0.0,0.0,0.0,0.0,0.0,0.0,0.0,3.0,0.0,0.0,0.0,0.0,0.0,288.0,9.0,0.0,2.0,3.0,0.0,0.0,0.0,58.0,30.0,0.0,0.0,0.0,4.0,39.0,TATGGTAATTGTGTGCCAGCMGCCGCGGTAA,ATTAGAWACCCBDGTAGTCCGGCTGACTGACT,TTGGAACGGCTT,6.0,1F,Agf44-m0,121120.0,11_20,4.0,33.0,Month_08,group2,NA,no,no
44-1_01_21,403.0,204.0,18.0,232.0,155.0,3.0,313.0,1804.0,0.0,2.0,0.0,0.0,0.0,361.0,0.0,0.0,0.0,0.0,0.0,0.0,0.0,9.0,0.0,0.0,0.0,0.0,0.0,407.0,7.0,0.0,1.0,2.0,0.0,0.0,0.0,10.0,5.0,0.0,0.0,0.0,2.0,62.0,TATGGTAATTGTGTGCCAGCMGCCGCGGTAA,ATTAGAWACCCBDGTAGTCCGGCTGACTGACT,CTTGTGCGACAA,5.0,11D,Agf44-m1,100121.0,01_21,5.0,41.42857143,Month_10,group2,NA,no,no
44-1_05_20,82.0,21.0,1.0,22.0,17.0,1.0,99.0,1973.0,0.0,0.0,1.0,0.0,0.0,1142.0,0.0,0.0,0.0,0.0,0.0,0.0,0.0,0.0,0.0,0.0,1.0,0.0,0.0,140.0,5.0,0.0,0.0,0.0,0.0,0.0,0.0,0.0,6.0,0.0,0.0,0.0,6.0,483.0,TATGGTAATTGTGTGCCAGCMGCCGCGGTAA,ATTAGAWACCCBDGTAGTCCGGCTGACTGACT,CTACTCCACGAG,2.0,9D,Agf44-m1,130520.0,05_20,1.0,6.857142857,Month_02,group2,NA,no,no
44-1_06_21,504.0,217.0,25.0,161.0,105.0,0.0,205.0,1876.0,4.0,12.0,0.0,0.0,0.0,700.0,0.0,0.0,0.0,0.0,0.0,0.0,0.0,11.0,0.0,0.0,0.0,0.0,0.0,141.0,13.0,0.0,0.0,3.0,0.0,0.0,0.0,2.0,3.0,0.0,0.0,0.0,18.0,0.0,TATGGTAATTGTGTGCCAGCMGCCGCGGTAA,ATTAGAWACCCBDGTAGTCCGGCTGACTGACT,AGAAGGCCTTAT,6.0,1E,Agf44-m1,270521.0,06_21,8.0,65.0,Month_16,group2,NA,no,no
44-1_07_20,29.0,54.0,11.0,32.0,16.0,0.0,156.0,2059.0,0.0,3.0,0.0,0.0,0.0,752.0,0.0,0.0,0.0,0.0,0.0,0.0,0.0,0.0,0.0,0.0,0.0,0.0,0.0,70.0,3.0,0.0,0.0,4.0,0.0,0.0,0.0,5.0,6.0,0.0,0.0,0.0,9.0,791.0,TATGGTAATTGTGTGCCAGCMGCCGCGGTAA,ATTAGAWACCCBDGTAGTCCGGCTGACTGACT,GTAAACGACTTG,5.0,9E,Agf44-m1,720.0,07_20,2.0,15.0,Month_04,group2,NA,no,yes
44-1_09_20,795.0,204.0,5.0,198.0,51.0,1.0,218.0,1230.0,0.0,11.0,0.0,0.0,0.0,421.0,0.0,0.0,0.0,0.0,0.0,0.0,0.0,6.0,0.0,0.0,0.0,0.0,0.0,424.0,10.0,0.0,0.0,1.0,0.0,0.0,0.0,0.0,16.0,0.0,0.0,0.0,0.0,409.0,TATGGTAATTGTGTGCCAGCMGCCGCGGTAA,ATTAGAWACCCBDGTAGTCCGGCTGACTGACT,CTTTGATAATAA,6.0,9H,Agf44-m1,90920.0,09_20,3.0,24.85714286,Month_06,group2,NA,no,no
44-1_09_21,512.0,247.0,225.0,545.0,236.0,4.0,197.0,1554.0,0.0,9.0,2.0,0.0,0.0,178.0,0.0,0.0,0.0,0.0,0.0,0.0,0.0,12.0,0.0,0.0,0.0,0.0,0.0,188.0,6.0,0.0,0.0,6.0,0.0,0.0,0.0,3.0,8.0,0.0,0.0,62.0,3.0,3.0,TATGGTAATTGTGTGCCAGCMGCCGCGGTAA,ATTAGAWACCCBDGTAGTCCGGCTGACTGACT,TCCGGACTCCTG,5.0,10H,Agf44-m1,50921.0,09_21,9.0,75.42857143,Month_18,group2,NA,no,no
44-1_11_20,599.0,645.0,4.0,506.0,305.0,2.0,176.0,1159.0,0.0,0.0,0.0,0.0,0.0,390.0,0.0,0.0,0.0,0.0,0.0,0.0,0.0,14.0,0.0,0.0,0.0,0.0,0.0,150.0,18.0,0.0,6.0,2.0,0.0,0.0,0.0,6.0,4.0,0.0,0.0,0.0,0.0,14.0,TATGGTAATTGTGTGCCAGCMGCCGCGGTAA,ATTAGAWACCCBDGTAGTCCGGCTGACTGACT,ACAAAGGTATCA,5.0,8E,Agf44-m1,121120.0,11_20,4.0,33.0,Month_08,group2,NA,no,no
45-0_05_20,10.0,43.0,15.0,42.0,19.0,0.0,127.0,2593.0,0.0,14.0,0.0,0.0,0.0,612.0,0.0,0.0,0.0,0.0,0.0,2.0,0.0,2.0,0.0,0.0,0.0,0.0,0.0,16.0,1.0,0.0,0.0,0.0,0.0,0.0,0.0,0.0,0.0,0.0,24.0,61.0,9.0,410.0,TATGGTAATTGTGTGCCAGCMGCCGCGGTAA,ATTAGAWACCCBDGTAGTCCGGCTGACTGACT,ACCCAAGCGTTA,4.0,2E,Agf45-m0,130520.0,05_20,1.0,6.428571429,Month_02,group2,12,yes,yes
45-0_07_20,729.0,153.0,11.0,133.0,110.0,0.0,373.0,1439.0,0.0,16.0,0.0,0.0,0.0,572.0,0.0,0.0,0.0,0.0,0.0,0.0,0.0,4.0,0.0,0.0,0.0,0.0,0.0,374.0,6.0,0.0,0.0,4.0,0.0,0.0,0.0,0.0,6.0,0.0,62.0,0.0,7.0,1.0,TATGGTAATTGTGTGCCAGCMGCCGCGGTAA,ATTAGAWACCCBDGTAGTCCGGCTGACTGACT,CTCACCTAGGAA,4.0,1F,Agf45-m0,720.0,07_20,2.0,14.57142857,Month_04,group2,12,yes,yes
45-1_03_21,96.0,242.0,17.0,238.0,192.0,0.0,264.0,2099.0,0.0,28.0,0.0,5.0,0.0,462.0,0.0,0.0,0.0,0.0,0.0,3.0,0.0,4.0,0.0,0.0,0.0,0.0,0.0,171.0,8.0,0.0,2.0,26.0,0.0,0.0,0.0,19.0,22.0,0.0,0.0,49.0,9.0,44.0,TATGGTAATTGTGTGCCAGCMGCCGCGGTAA,ATTAGAWACCCBDGTAGTCCGGCTGACTGACT,CATTCGTGGCGT,5.0,6C,Agf45-m1,40321.0,03_21,6.0,48.57142857,Month_12,group2,17,yes,no
45-1_05_20,20.0,61.0,13.0,51.0,106.0,0.0,59.0,2846.0,0.0,9.0,0.0,0.0,0.0,381.0,0.0,0.0,0.0,0.0,0.0,0.0,0.0,3.0,0.0,0.0,0.0,0.0,0.0,27.0,4.0,0.0,0.0,0.0,0.0,0.0,0.0,0.0,7.0,0.0,19.0,163.0,3.0,228.0,TATGGTAATTGTGTGCCAGCMGCCGCGGTAA,ATTAGAWACCCBDGTAGTCCGGCTGACTGACT,CATGTCTTCCAT,2.0,11A,Agf45-m1,130520.0,05_20,1.0,6.428571429,Month_02,group2,17,yes,no
45-1_05_21,1064.0,245.0,21.0,314.0,132.0,1.0,127.0,1357.0,0.0,18.0,0.0,1.0,0.0,426.0,0.0,0.0,0.0,0.0,0.0,0.0,0.0,0.0,2.0,0.0,0.0,0.0,0.0,105.0,13.0,0.0,2.0,6.0,0.0,0.0,0.0,2.0,27.0,0.0,0.0,0.0,5.0,132.0,TATGGTAATTGTGTGCCAGCMGCCGCGGTAA,ATTAGAWACCCBDGTAGTCCGGCTGACTGACT,TGGCAGCGAGCC,3.0,7E,Agf45-m1,20521.0,05_21,7.0,53.14285714,Month_14,group2,17,yes,no
45-1_06_21,611.0,211.0,29.0,172.0,46.0,1.0,153.0,1648.0,0.0,18.0,0.0,0.0,0.0,700.0,0.0,0.0,0.0,0.0,0.0,2.0,0.0,4.0,0.0,0.0,0.0,0.0,0.0,274.0,10.0,0.0,0.0,2.0,0.0,0.0,0.0,16.0,23.0,0.0,0.0,40.0,21.0,19.0,TATGGTAATTGTGTGCCAGCMGCCGCGGTAA,ATTAGAWACCCBDGTAGTCCGGCTGACTGACT,CTTGAGAAATCG,6.0,10F,Agf45-m1,270521.0,06_21,8.0,64.57142857,Month_16,group2,17,yes,no
45-2_01_21,354.0,533.0,44.0,804.0,449.0,2.0,506.0,839.0,0.0,6.0,2.0,0.0,0.0,136.0,0.0,0.0,0.0,0.0,0.0,0.0,0.0,31.0,0.0,0.0,0.0,0.0,0.0,212.0,16.0,0.0,4.0,8.0,2.0,0.0,0.0,13.0,7.0,0.0,0.0,31.0,0.0,1.0,TATGGTAATTGTGTGCCAGCMGCCGCGGTAA,ATTAGAWACCCBDGTAGTCCGGCTGACTGACT,CATAAATTCTTG,6.0,10H,Agf45-m2,100121.0,01_21,5.0,41.0,Month_10,group2,NA,no,no
45-2_03_21,176.0,642.0,9.0,578.0,539.0,2.0,484.0,977.0,0.0,29.0,0.0,0.0,0.0,213.0,0.0,0.0,0.0,0.0,0.0,6.0,0.0,12.0,0.0,0.0,0.0,0.0,0.0,232.0,21.0,0.0,0.0,14.0,0.0,0.0,0.0,17.0,14.0,0.0,0.0,35.0,0.0,0.0,TATGGTAATTGTGTGCCAGCMGCCGCGGTAA,ATTAGAWACCCBDGTAGTCCGGCTGACTGACT,CACGAAAGCAGG,5.0,3G,Agf45-m2,40321.0,03_21,6.0,48.57142857,Month_12,group2,NA,no,no
45-2_05_21,18.0,101.0,10.0,55.0,27.0,0.0,57.0,3091.0,0.0,21.0,0.0,1.0,0.0,225.0,0.0,0.0,0.0,0.0,0.0,2.0,0.0,1.0,0.0,0.0,0.0,2.0,0.0,13.0,4.0,0.0,0.0,2.0,0.0,0.0,0.0,0.0,8.0,0.0,0.0,0.0,33.0,329.0,TATGGTAATTGTGTGCCAGCMGCCGCGGTAA,ATTAGAWACCCBDGTAGTCCGGCTGACTGACT,AGTGTTTCGGAC,3.0,10E,Agf45-m2,20521.0,05_21,7.0,53.14285714,Month_14,group2,NA,no,no
45-2_07_20,130.0,138.0,6.0,103.0,115.0,0.0,213.0,2448.0,0.0,18.0,0.0,0.0,0.0,461.0,0.0,0.0,0.0,0.0,0.0,0.0,0.0,0.0,0.0,0.0,0.0,0.0,0.0,101.0,19.0,0.0,0.0,5.0,0.0,0.0,0.0,6.0,2.0,0.0,25.0,195.0,4.0,11.0,TATGGTAATTGTGTGCCAGCMGCCGCGGTAA,ATTAGAWACCCBDGTAGTCCGGCTGACTGACT,GCATTCGGCGTT,4.0,3F,Agf45-m2,720.0,07_20,2.0,14.57142857,Month_04,group2,NA,no,yes
45-2_11_20,79.0,130.0,42.0,108.0,89.0,2.0,319.0,2597.0,0.0,14.0,0.0,0.0,0.0,304.0,0.0,0.0,0.0,0.0,0.0,2.0,0.0,1.0,0.0,0.0,0.0,2.0,0.0,146.0,2.0,0.0,0.0,8.0,0.0,0.0,0.0,13.0,5.0,0.0,0.0,96.0,1.0,40.0,TATGGTAATTGTGTGCCAGCMGCCGCGGTAA,ATTAGAWACCCBDGTAGTCCGGCTGACTGACT,TGTTGCGTTTCT,6.0,2F,Agf45-m2,121120.0,11_20,4.0,32.57142857,Month_08,group2,NA,no,no
46-0_01_21,108.0,279.0,16.0,111.0,163.0,0.0,180.0,2105.0,0.0,21.0,1.0,11.0,4.0,434.0,0.0,0.0,0.0,0.0,0.0,6.0,0.0,5.0,0.0,0.0,0.0,7.0,0.0,284.0,11.0,0.0,2.0,9.0,0.0,0.0,0.0,56.0,27.0,0.0,0.0,0.0,25.0,135.0,TATGGTAATTGTGTGCCAGCMGCCGCGGTAA,ATTAGAWACCCBDGTAGTCCGGCTGACTGACT,CTACTTACATCC,4.0,10D,Agf46-m0,100121.0,01_21,5.0,41.57142857,Month_10,group2,NA,no,no
46-0_03_21,127.0,50.0,12.0,37.0,31.0,0.0,83.0,2977.0,0.0,7.0,0.0,6.0,0.0,333.0,0.0,0.0,0.0,0.0,0.0,3.0,0.0,1.0,0.0,0.0,0.0,1.0,0.0,104.0,5.0,0.0,5.0,0.0,0.0,0.0,0.0,105.0,52.0,0.0,0.0,1.0,54.0,6.0,TATGGTAATTGTGTGCCAGCMGCCGCGGTAA,ATTAGAWACCCBDGTAGTCCGGCTGACTGACT,CTAGTCGCTGGT,6.0,1D,Agf46-m0,40321.0,03_21,6.0,49.14285714,Month_12,group2,NA,no,no
46-0_05_20,36.0,32.0,7.0,16.0,5.0,0.0,113.0,2577.0,0.0,4.0,0.0,0.0,0.0,372.0,0.0,0.0,0.0,0.0,0.0,0.0,0.0,0.0,0.0,0.0,1.0,0.0,0.0,46.0,1.0,0.0,0.0,2.0,0.0,0.0,0.0,0.0,11.0,0.0,24.0,0.0,25.0,728.0,TATGGTAATTGTGTGCCAGCMGCCGCGGTAA,ATTAGAWACCCBDGTAGTCCGGCTGACTGACT,CTGATGTACACG,3.0,3C,Agf46-m0,130520.0,05_20,1.0,7.0,Month_02,group2,NA,no,yes
46-0_05_21,225.0,188.0,1.0,232.0,164.0,0.0,152.0,2211.0,0.0,1.0,0.0,3.0,0.0,500.0,0.0,0.0,0.0,0.0,0.0,1.0,0.0,7.0,0.0,0.0,0.0,0.0,0.0,74.0,17.0,0.0,0.0,4.0,0.0,0.0,0.0,5.0,12.0,0.0,0.0,0.0,11.0,192.0,TATGGTAATTGTGTGCCAGCMGCCGCGGTAA,ATTAGAWACCCBDGTAGTCCGGCTGACTGACT,TTACTTATCCGA,3.0,4D,Agf46-m0,20521.0,05_21,7.0,53.71428571,Month_14,group2,NA,no,no
46-0_07_20,2345.0,231.0,0.0,246.0,154.0,0.0,192.0,260.0,0.0,0.0,0.0,0.0,0.0,104.0,0.0,0.0,0.0,0.0,0.0,0.0,0.0,12.0,0.0,0.0,0.0,0.0,0.0,355.0,16.0,0.0,0.0,5.0,0.0,0.0,0.0,0.0,4.0,0.0,22.0,0.0,0.0,54.0,TATGGTAATTGTGTGCCAGCMGCCGCGGTAA,ATTAGAWACCCBDGTAGTCCGGCTGACTGACT,AATGGTTCAGCA,1.0,8H,Agf46-m0,720.0,07_20,2.0,15.14285714,Month_04,group2,NA,no,yes
46-0_11_20,1349.0,272.0,11.0,275.0,187.0,3.0,245.0,942.0,0.0,38.0,0.0,0.0,0.0,151.0,0.0,0.0,0.0,0.0,0.0,1.0,0.0,3.0,0.0,0.0,0.0,1.0,0.0,317.0,10.0,0.0,0.0,1.0,0.0,0.0,0.0,7.0,27.0,0.0,0.0,0.0,12.0,148.0,TATGGTAATTGTGTGCCAGCMGCCGCGGTAA,ATTAGAWACCCBDGTAGTCCGGCTGACTGACT,TTCCAATACTCA,2.0,11F,Agf46-m0,121120.0,11_20,4.0,33.14285714,Month_08,group2,NA,no,no
46-1_05_20,197.0,29.0,41.0,42.0,28.0,0.0,352.0,1829.0,0.0,7.0,0.0,1.0,0.0,520.0,0.0,0.0,0.0,0.0,0.0,0.0,0.0,3.0,0.0,0.0,0.0,0.0,0.0,197.0,3.0,0.0,0.0,5.0,0.0,0.0,0.0,0.0,8.0,0.0,31.0,0.0,12.0,695.0,TATGGTAATTGTGTGCCAGCMGCCGCGGTAA,ATTAGAWACCCBDGTAGTCCGGCTGACTGACT,GGAATCCGATTA,7.0,1B,Agf46-m1,130520.0,05_20,1.0,7.0,Month_02,group2,17,yes,no
46-1_05_21,463.0,107.0,0.0,131.0,111.0,0.0,54.0,1461.0,0.0,0.0,0.0,12.0,0.0,624.0,0.0,0.0,0.0,0.0,0.0,2.0,0.0,0.0,0.0,0.0,0.0,0.0,0.0,0.0,6.0,0.0,0.0,5.0,0.0,0.0,0.0,10.0,156.0,0.0,0.0,0.0,25.0,833.0,TATGGTAATTGTGTGCCAGCMGCCGCGGTAA,ATTAGAWACCCBDGTAGTCCGGCTGACTGACT,GTGCCATAATCG,1.0,11H,Agf46-m1,20521.0,05_21,7.0,53.71428571,Month_14,group2,17,yes,no
46-1_07_20,344.0,54.0,11.0,93.0,24.0,0.0,306.0,2137.0,0.0,16.0,2.0,0.0,0.0,530.0,0.0,0.0,0.0,0.0,0.0,0.0,0.0,5.0,0.0,0.0,0.0,0.0,0.0,161.0,5.0,0.0,0.0,0.0,0.0,0.0,0.0,0.0,15.0,0.0,27.0,0.0,10.0,260.0,TATGGTAATTGTGTGCCAGCMGCCGCGGTAA,ATTAGAWACCCBDGTAGTCCGGCTGACTGACT,CTCTGAGGTAAC,2.0,10A,Agf46-m1,720.0,07_20,2.0,15.14285714,Month_04,group2,17,yes,no
46-1_09_20,1183.0,573.0,6.0,516.0,49.0,1.0,263.0,888.0,0.0,28.0,1.0,0.0,3.0,153.0,0.0,0.0,0.0,0.0,0.0,0.0,0.0,8.0,0.0,0.0,0.0,0.0,0.0,69.0,34.0,0.0,0.0,8.0,0.0,0.0,0.0,0.0,14.0,0.0,35.0,0.0,3.0,165.0,TATGGTAATTGTGTGCCAGCMGCCGCGGTAA,ATTAGAWACCCBDGTAGTCCGGCTGACTGACT,CCTAACGGTCCA,1.0,4A,Agf46-m1,90920.0,09_20,3.0,25.0,Month_06,group2,17,yes,no
47-0_05_20,204.0,48.0,16.0,59.0,16.0,0.0,277.0,2468.0,0.0,7.0,3.0,0.0,0.0,475.0,0.0,0.0,0.0,0.0,0.0,1.0,0.0,3.0,0.0,0.0,1.0,0.0,0.0,91.0,7.0,0.0,0.0,0.0,0.0,0.0,0.0,0.0,9.0,0.0,71.0,0.0,9.0,235.0,TATGGTAATTGTGTGCCAGCMGCCGCGGTAA,ATTAGAWACCCBDGTAGTCCGGCTGACTGACT,CGAGGCGAGTCA,2.0,10F,Agf47-m0,130520.0,05_20,1.0,7.0,Month_02,group2,NA,no,no
47-0_05_21,790.0,682.0,19.0,650.0,487.0,1.0,329.0,564.0,0.0,17.0,0.0,0.0,0.0,134.0,0.0,0.0,0.0,0.0,0.0,0.0,0.0,30.0,0.0,0.0,0.0,0.0,0.0,190.0,36.0,0.0,3.0,18.0,0.0,0.0,0.0,11.0,7.0,0.0,0.0,30.0,0.0,2.0,TATGGTAATTGTGTGCCAGCMGCCGCGGTAA,ATTAGAWACCCBDGTAGTCCGGCTGACTGACT,AGCTTCGACAGT,6.0,5A,Agf47-m0,20521.0,05_21,7.0,53.71428571,Month_14,group2,NA,no,no
47-0_06_21,36.0,78.0,6.0,60.0,151.0,1.0,90.0,3181.0,0.0,6.0,0.0,1.0,1.0,220.0,0.0,0.0,0.0,0.0,0.0,6.0,0.0,1.0,0.0,0.0,0.0,2.0,0.0,47.0,4.0,0.0,0.0,0.0,0.0,0.0,0.0,5.0,26.0,0.0,0.0,2.0,50.0,26.0,TATGGTAATTGTGTGCCAGCMGCCGCGGTAA,ATTAGAWACCCBDGTAGTCCGGCTGACTGACT,AGGATCAGGGAA,1.0,10D,Agf47-m0,270521.0,06_21,8.0,65.14285714,Month_16,group2,NA,no,no
47-0_09_21,106.0,45.0,20.0,7.0,13.0,1.0,66.0,2491.0,0.0,19.0,0.0,9.0,0.0,524.0,0.0,0.0,0.0,0.0,0.0,2.0,0.0,0.0,0.0,0.0,7.0,7.0,0.0,90.0,0.0,0.0,0.0,0.0,0.0,0.0,0.0,0.0,44.0,0.0,0.0,0.0,48.0,501.0,TATGGTAATTGTGTGCCAGCMGCCGCGGTAA,ATTAGAWACCCBDGTAGTCCGGCTGACTGACT,TGAGTATGAGTA,1.0,7H,Agf47-m0,50921.0,09_21,9.0,75.57142857,Month_18,group2,NA,no,no
47-0_11_20,355.0,113.0,3.0,97.0,16.0,1.0,227.0,1403.0,0.0,8.0,0.0,2.0,0.0,507.0,0.0,0.0,0.0,0.0,0.0,3.0,0.0,5.0,0.0,0.0,0.0,0.0,0.0,267.0,3.0,0.0,3.0,6.0,0.0,0.0,0.0,17.0,121.0,0.0,0.0,0.0,7.0,836.0,TATGGTAATTGTGTGCCAGCMGCCGCGGTAA,ATTAGAWACCCBDGTAGTCCGGCTGACTGACT,CATTTACATCAC,4.0,5G,Agf47-m0,121120.0,11_20,4.0,33.14285714,Month_08,group2,NA,no,no
47-1_01_21,515.0,449.0,2.0,467.0,116.0,4.0,206.0,1702.0,0.0,0.0,4.0,0.0,0.0,162.0,0.0,0.0,0.0,0.0,0.0,2.0,0.0,29.0,0.0,0.0,0.0,1.0,0.0,137.0,25.0,0.0,0.0,19.0,0.0,0.0,0.0,39.0,28.0,0.0,0.0,0.0,12.0,81.0,TATGGTAATTGTGTGCCAGCMGCCGCGGTAA,ATTAGAWACCCBDGTAGTCCGGCTGACTGACT,GTTGAAGCACCT,5.0,9D,Agf47-m1,100121.0,01_21,5.0,41.57142857,Month_10,group2,13,yes,no
47-1_03_21,317.0,104.0,14.0,151.0,107.0,0.0,36.0,2096.0,0.0,4.0,0.0,0.0,2.0,295.0,0.0,0.0,0.0,0.0,0.0,0.0,0.0,6.0,0.0,0.0,0.0,0.0,0.0,154.0,13.0,0.0,0.0,4.0,0.0,0.0,0.0,12.0,125.0,0.0,0.0,98.0,38.0,424.0,TATGGTAATTGTGTGCCAGCMGCCGCGGTAA,ATTAGAWACCCBDGTAGTCCGGCTGACTGACT,ACGCCGAGGTAG,6.0,4H,Agf47-m1,40321.0,03_21,6.0,49.14285714,Month_12,group2,13,yes,no
47-1_05_21,458.0,143.0,10.0,129.0,65.0,0.0,79.0,2316.0,0.0,0.0,0.0,4.0,0.0,402.0,0.0,1.0,0.0,0.0,0.0,6.0,0.0,0.0,0.0,0.0,0.0,0.0,0.0,190.0,3.0,0.0,0.0,14.0,0.0,0.0,0.0,69.0,21.0,0.0,0.0,20.0,58.0,12.0,TATGGTAATTGTGTGCCAGCMGCCGCGGTAA,ATTAGAWACCCBDGTAGTCCGGCTGACTGACT,CAGGGTAGGGTA,6.0,1C,Agf47-m1,20521.0,05_21,7.0,53.71428571,Month_14,group2,13,yes,no
47-1_07_20,405.0,129.0,13.0,164.0,57.0,0.0,326.0,1702.0,0.0,5.0,0.0,0.0,0.0,210.0,0.0,0.0,0.0,0.0,0.0,2.0,0.0,6.0,0.0,0.0,5.0,0.0,0.0,556.0,7.0,0.0,0.0,0.0,0.0,0.0,0.0,0.0,7.0,0.0,9.0,0.0,21.0,376.0,TATGGTAATTGTGTGCCAGCMGCCGCGGTAA,ATTAGAWACCCBDGTAGTCCGGCTGACTGACT,TGACTGCGTTAG,4.0,7B,Agf47-m1,720.0,07_20,2.0,15.14285714,Month_04,group2,13,yes,yes
